geo,nace_r2,ai_adoption,year
AT,C,9.61,2021
AT,C,10.96,2022
AT,C,12.31,2023
AT,C,22.71,2024
AT,C,32.54,2025
AT,F,3.12,2021
AT,F,3.7,2022
AT,F,4.28,2023
AT,F,7.35,2024
AT,F,14.89,2025
AT,G,6.94,2021
AT,G,7.645,2022
AT,G,8.35,2023
AT,G,15.67,2024
AT,G,26.46,2025
AT,H,6.98,2021
AT,H,7.6450000000000005,2022
AT,H,8.31,2023
AT,H,13.48,2024
AT,H,19.37,2025
AT,I,3.31,2021
AT,I,3.4699999999999998,2022
AT,I,3.63,2023
AT,I,15.87,2024
AT,I,23.72,2025
AT,J,30.27,2021
AT,J,33.66,2022
AT,J,37.05,2023
AT,J,60.74,2024
AT,J,79.93,2025
AT,M,20.93,2021
AT,M,23.375,2022
AT,M,25.82,2023
AT,M,39.59,2024
AT,M,52.8,2025
AT,N,6.48,2021
AT,N,7.130000000000001,2022
AT,N,7.78,2023
AT,N,19.57,2024
AT,N,25.72,2025
BE,C,10.42,2021
BE,C,12.865,2022
BE,C,15.31,2023
BE,C,23.24,2024
BE,C,39.8,2025
BE,F,8.3,2021
BE,F,6.735,2022
BE,F,5.17,2023
BE,F,11.08,2024
BE,F,20.25,2025
BE,G,8.08,2021
BE,G,9.165,2022
BE,G,10.25,2023
BE,G,22.48,2024
BE,G,32.84,2025
BE,H,5.69,2021
BE,H,10.315,2022
BE,H,14.94,2023
BE,H,23.03,2024
BE,H,22.36,2025
BE,I,1.43,2021
BE,I,4.705,2022
BE,I,7.98,2023
BE,I,15.66,2024
BE,I,18.45,2025
BE,M,20.24,2021
BE,M,24.259999999999998,2022
BE,M,28.28,2023
BE,M,42.92,2024
BE,M,57.11,2025
BE,N,8.7,2021
BE,N,9.87,2022
BE,N,11.04,2023
BE,N,20.99,2024
BE,N,28.95,2025
BG,C,2.88,2021
BG,C,2.715,2022
BG,C,2.55,2023
BG,C,4.35,2024
BG,C,5.25,2025
BG,G,2.47,2021
BG,G,2.4850000000000003,2022
BG,G,2.5,2023
BG,G,6.13,2024
BG,G,7.26,2025
BG,H,1.92,2021
BG,H,1.91,2022
BG,H,1.9,2023
BG,H,4.4,2024
BG,H,5.71,2025
BG,J,20.82,2021
BG,J,21.11,2022
BG,J,21.4,2023
BG,J,33.92,2024
BG,J,42.01,2025
BG,M,3.68,2021
BG,M,6.665,2022
BG,M,9.65,2023
BG,M,14.17,2024
BG,M,26.38,2025
BG,N,2.88,2021
BG,N,4.52,2022
BG,N,6.16,2023
BG,N,3.9,2024
BG,N,7.83,2025
CY,C,2.05,2021
CY,C,2.9299999999999997,2022
CY,C,3.81,2023
CY,C,2.98,2024
CY,C,4.26,2025
CY,E,0.0,2021
CY,E,1.12,2022
CY,E,2.24,2023
CY,E,0.0,2024
CY,E,3.94,2025
CY,F,0.21,2021
CY,F,0.76,2022
CY,F,1.31,2023
CY,F,2.39,2024
CY,F,4.31,2025
CY,G,1.06,2021
CY,G,1.58,2022
CY,G,2.1,2023
CY,G,4.1,2024
CY,G,4.38,2025
CY,H,7.14,2021
CY,H,7.074999999999999,2022
CY,H,7.01,2023
CY,H,7.28,2024
CY,H,5.52,2025
CY,I,0.45,2021
CY,I,0.835,2022
CY,I,1.22,2023
CY,I,3.53,2024
CY,I,4.56,2025
CY,J,18.98,2021
CY,J,22.465,2022
CY,J,25.95,2023
CY,J,41.39,2024
CY,J,46.61,2025
CY,L,0.0,2021
CY,L,1.955,2022
CY,L,3.91,2023
CY,L,4.2,2024
CY,L,8.95,2025
CY,M,4.39,2021
CY,M,6.025,2022
CY,M,7.66,2023
CY,M,14.84,2024
CY,M,14.14,2025
CY,N,3.1,2021
CY,N,6.0649999999999995,2022
CY,N,9.03,2023
CY,N,9.37,2024
CY,N,10.95,2025
CZ,C,4.19,2021
CZ,C,5.1,2022
CZ,C,6.01,2023
CZ,C,9.55,2024
CZ,C,16.73,2025
CZ,D,6.59,2021
CZ,D,7.1850000000000005,2022
CZ,D,7.78,2023
CZ,D,10.79,2024
CZ,D,12.97,2025
CZ,E,2.87,2021
CZ,E,3.425,2022
CZ,E,3.98,2023
CZ,E,4.12,2024
CZ,E,11.56,2025
CZ,F,0.35,2021
CZ,F,0.845,2022
CZ,F,1.34,2023
CZ,F,2.35,2024
CZ,F,7.84,2025
CZ,G,4.21,2021
CZ,G,4.6850000000000005,2022
CZ,G,5.16,2023
CZ,G,12.72,2024
CZ,G,19.17,2025
CZ,H,3.34,2021
CZ,H,3.88,2022
CZ,H,4.42,2023
CZ,H,5.65,2024
CZ,H,6.06,2025
CZ,I,0.93,2021
CZ,I,1.78,2022
CZ,I,2.63,2023
CZ,I,4.24,2024
CZ,I,10.14,2025
CZ,J,21.22,2021
CZ,J,22.990000000000002,2022
CZ,J,24.76,2023
CZ,J,46.49,2024
CZ,J,60.49,2025
CZ,L,4.51,2021
CZ,L,4.715,2022
CZ,L,4.92,2023
CZ,L,13.74,2024
CZ,L,15.86,2025
CZ,M,9.28,2021
CZ,M,9.35,2022
CZ,M,9.42,2023
CZ,M,22.09,2024
CZ,M,33.31,2025
CZ,N,3.1,2021
CZ,N,4.265,2022
CZ,N,5.43,2023
CZ,N,9.45,2024
CZ,N,13.01,2025
DE,C,9.19,2021
DE,C,9.254999999999999,2022
DE,C,9.32,2023
DE,C,16.11,2024
DE,C,24.38,2025
DE,D,24.08,2021
DE,D,23.365,2022
DE,D,22.65,2023
DE,D,32.15,2024
DE,D,37.38,2025
DE,E,7.2,2021
DE,E,7.640000000000001,2022
DE,E,8.08,2023
DE,E,11.53,2024
DE,E,16.88,2025
DE,F,8.29,2021
DE,F,6.385,2022
DE,F,4.48,2023
DE,F,10.01,2024
DE,F,14.28,2025
DE,G,7.95,2021
DE,G,8.96,2022
DE,G,9.97,2023
DE,G,16.29,2024
DE,G,25.46,2025
DE,H,6.14,2021
DE,H,6.595,2022
DE,H,7.05,2023
DE,H,11.48,2024
DE,H,12.22,2025
DE,I,3.88,2021
DE,I,4.63,2022
DE,I,5.38,2023
DE,I,8.26,2024
DE,I,14.63,2025
DE,J,28.8,2021
DE,J,30.924999999999997,2022
DE,J,33.05,2023
DE,J,60.52,2024
DE,J,75.38,2025
DE,L,11.15,2021
DE,L,11.275,2022
DE,L,11.4,2023
DE,L,20.98,2024
DE,L,29.06,2025
DE,M,25.54,2021
DE,M,25.939999999999998,2022
DE,M,26.34,2023
DE,M,42.29,2024
DE,M,48.3,2025
DE,N,6.85,2021
DE,N,8.934999999999999,2022
DE,N,11.02,2023
DE,N,18.91,2024
DE,N,22.08,2025
DK,C,27.28,2021
DK,C,21.04,2022
DK,C,14.8,2023
DK,C,21.75,2024
DK,C,38.55,2025
DK,F,8.87,2021
DK,F,6.05,2022
DK,F,3.23,2023
DK,F,11.7,2024
DK,F,23.93,2025
DK,G,21.3,2021
DK,G,17.735,2022
DK,G,14.17,2023
DK,G,27.34,2024
DK,G,44.8,2025
DK,H,21.28,2021
DK,H,18.22,2022
DK,H,15.16,2023
DK,H,21.1,2024
DK,H,26.9,2025
DK,I,12.21,2021
DK,I,9.405000000000001,2022
DK,I,6.6,2023
DK,I,10.79,2024
DK,I,25.2,2025
DK,J,54.75,2021
DK,J,49.53,2022
DK,J,44.31,2023
DK,J,68.3,2024
DK,J,79.08,2025
DK,M,39.22,2021
DK,M,31.4,2022
DK,M,23.58,2023
DK,M,44.9,2024
DK,M,63.71,2025
DK,N,19.04,2021
DK,N,14.18,2022
DK,N,9.32,2023
DK,N,27.84,2024
DK,N,33.06,2025
EE,C,2.72,2021
EE,C,2.92,2022
EE,C,3.12,2023
EE,C,9.77,2024
EE,C,22.66,2025
EE,D,8.29,2021
EE,D,11.165,2022
EE,D,14.04,2023
EE,D,24.68,2024
EE,D,24.65,2025
EE,E,0.0,2021
EE,E,0.0,2022
EE,E,0.0,2023
EE,E,2.86,2024
EE,E,10.79,2025
EE,F,0.64,2021
EE,F,2.135,2022
EE,F,3.63,2023
EE,F,8.05,2024
EE,F,17.39,2025
EE,G,2.07,2021
EE,G,2.77,2022
EE,G,3.47,2023
EE,G,10.49,2024
EE,G,18.4,2025
EE,H,2.36,2021
EE,H,3.9850000000000003,2022
EE,H,5.61,2023
EE,H,10.13,2024
EE,H,13.99,2025
EE,I,0.19,2021
EE,I,0.9149999999999999,2022
EE,I,1.64,2023
EE,I,6.1,2024
EE,I,16.25,2025
EE,J,11.51,2021
EE,J,16.0,2022
EE,J,20.49,2023
EE,J,44.28,2024
EE,J,56.6,2025
EE,L,0.0,2021
EE,L,0.83,2022
EE,L,1.66,2023
EE,L,9.71,2024
EE,L,23.25,2025
EE,M,8.51,2021
EE,M,9.629999999999999,2022
EE,M,10.75,2023
EE,M,36.43,2024
EE,M,52.24,2025
EE,N,2.63,2021
EE,N,4.85,2022
EE,N,7.07,2023
EE,N,20.33,2024
EE,N,19.07,2025
EL,C,5.35,2021
EL,C,5.27,2022
EL,C,5.19,2023
EL,C,7.48,2024
EL,C,7.77,2025
EL,D,27.89,2021
EL,D,16.72,2022
EL,D,5.55,2023
EL,D,12.95,2024
EL,D,16.5,2025
EL,E,3.92,2021
EL,E,6.915,2022
EL,E,9.91,2023
EL,E,16.08,2024
EL,E,6.14,2025
EL,F,2.82,2021
EL,F,3.11,2022
EL,F,3.4,2023
EL,F,5.17,2024
EL,F,6.96,2025
EL,G,1.88,2021
EL,G,3.11,2022
EL,G,4.34,2023
EL,G,10.45,2024
EL,G,9.49,2025
EL,H,5.43,2021
EL,H,5.67,2022
EL,H,5.91,2023
EL,H,11.64,2024
EL,H,9.56,2025
EL,I,0.12,2021
EL,I,0.7250000000000001,2022
EL,I,1.33,2023
EL,I,6.24,2024
EL,I,3.39,2025
EL,J,11.16,2021
EL,J,14.33,2022
EL,J,17.5,2023
EL,J,25.63,2024
EL,J,43.93,2025
EL,L,0.82,2021
EL,L,4.45,2022
EL,L,8.08,2023
EL,L,9.3,2024
EL,L,12.91,2025
EL,M,9.2,2021
EL,M,8.934999999999999,2022
EL,M,8.67,2023
EL,M,21.02,2024
EL,M,30.81,2025
EL,N,1.84,2021
EL,N,3.265,2022
EL,N,4.69,2023
EL,N,14.4,2024
EL,N,14.79,2025
ES,C,7.42,2021
ES,C,8.05,2022
ES,C,8.68,2023
ES,C,9.81,2024
ES,C,17.14,2025
ES,F,3.77,2021
ES,F,4.2,2022
ES,F,4.63,2023
ES,F,4.43,2024
ES,F,11.26,2025
ES,G,5.99,2021
ES,G,6.390000000000001,2022
ES,G,6.79,2023
ES,G,9.58,2024
ES,G,17.81,2025
ES,H,9.02,2021
ES,H,8.03,2022
ES,H,7.04,2023
ES,H,8.59,2024
ES,H,14.69,2025
ES,I,3.57,2021
ES,I,4.975,2022
ES,I,6.38,2023
ES,I,3.52,2024
ES,I,15.23,2025
ES,J,26.65,2021
ES,J,29.54,2022
ES,J,32.43,2023
ES,J,46.57,2024
ES,J,60.57,2025
ES,L,12.87,2021
ES,L,11.11,2022
ES,L,9.35,2023
ES,L,11.67,2024
ES,L,34.39,2025
ES,M,13.72,2021
ES,M,14.93,2022
ES,M,16.14,2023
ES,M,26.07,2024
ES,M,38.35,2025
ES,N,7.77,2021
ES,N,8.370000000000001,2022
ES,N,8.97,2023
ES,N,8.82,2024
ES,N,18.79,2025
FI,F,9.39,2021
FI,F,7.285,2022
FI,F,5.18,2023
FI,F,11.26,2024
FI,F,24.01,2025
FI,G,13.32,2021
FI,G,12.055,2022
FI,G,10.79,2023
FI,G,21.65,2024
FI,G,34.26,2025
FI,H,5.7,2021
FI,H,7.035,2022
FI,H,8.37,2023
FI,H,6.95,2024
FI,H,12.93,2025
FI,I,4.92,2021
FI,I,3.69,2022
FI,I,2.46,2023
FI,I,10.83,2024
FI,I,23.53,2025
FI,J,40.64,2021
FI,J,44.415,2022
FI,J,48.19,2023
FI,J,66.43,2024
FI,J,79.79,2025
FI,L,18.67,2021
FI,L,18.735,2022
FI,L,18.8,2023
FI,L,32.85,2024
FI,L,50.93,2025
FI,M,29.63,2021
FI,M,30.585,2022
FI,M,31.54,2023
FI,M,48.46,2024
FI,M,74.75,2025
FI,N,17.28,2021
FI,N,16.02,2022
FI,N,14.76,2023
FI,N,24.78,2024
FI,N,38.65,2025
FR,C,5.33,2021
FR,C,5.1,2022
FR,C,4.87,2023
FR,C,7.43,2024
FR,C,16.93,2025
FR,E,8.57,2021
FR,E,5.76,2022
FR,E,2.95,2023
FR,E,7.16,2024
FR,E,13.04,2025
FR,F,4.09,2021
FR,F,3.09,2022
FR,F,2.09,2023
FR,F,3.14,2024
FR,F,9.52,2025
FR,G,4.71,2021
FR,G,4.390000000000001,2022
FR,G,4.07,2023
FR,G,9.77,2024
FR,G,12.9,2025
FR,H,4.24,2021
FR,H,3.295,2022
FR,H,2.35,2023
FR,H,5.28,2024
FR,H,8.96,2025
FR,I,2.47,2021
FR,I,2.47,2022
FR,I,2.47,2023
FR,I,5.09,2024
FR,I,11.83,2025
FR,J,23.55,2021
FR,J,26.555,2022
FR,J,29.56,2023
FR,J,41.76,2024
FR,J,58.98,2025
FR,L,3.92,2021
FR,L,5.47,2022
FR,L,7.02,2023
FR,L,14.3,2024
FR,L,26.25,2025
FR,M,15.23,2021
FR,M,14.49,2022
FR,M,13.75,2023
FR,M,17.47,2024
FR,M,32.5,2025
FR,N,7.28,2021
FR,N,6.4399999999999995,2022
FR,N,5.6,2023
FR,N,11.25,2024
FR,N,19.32,2025
HR,C,8.29,2021
HR,C,7.494999999999999,2022
HR,C,6.7,2023
HR,C,9.71,2024
HR,C,12.9,2025
HR,E,11.22,2021
HR,E,8.11,2022
HR,E,5.0,2023
HR,E,7.93,2024
HR,E,3.46,2025
HR,F,4.85,2021
HR,F,3.955,2022
HR,F,3.06,2023
HR,F,4.39,2024
HR,F,3.45,2025
HR,G,8.51,2021
HR,G,6.9399999999999995,2022
HR,G,5.37,2023
HR,G,10.17,2024
HR,G,16.6,2025
HR,H,7.52,2021
HR,H,7.55,2022
HR,H,7.58,2023
HR,H,7.83,2024
HR,H,4.83,2025
HR,I,7.38,2021
HR,I,6.59,2022
HR,I,5.8,2023
HR,I,6.38,2024
HR,I,6.16,2025
HR,J,25.8,2021
HR,J,32.905,2022
HR,J,40.01,2023
HR,J,56.93,2024
HR,J,68.98,2025
HR,M,13.25,2021
HR,M,13.065000000000001,2022
HR,M,12.88,2023
HR,M,17.22,2024
HR,M,35.28,2025
HR,N,5.16,2021
HR,N,6.005,2022
HR,N,6.85,2023
HR,N,21.63,2024
HR,N,16.43,2025
HU,C,4.0,2021
HU,C,4.12,2022
HU,C,4.24,2023
HU,C,4.83,2024
HU,C,7.78,2025
HU,D,9.55,2021
HU,D,7.0600000000000005,2022
HU,D,4.57,2023
HU,D,6.41,2024
HU,D,19.91,2025
HU,E,3.55,2021
HU,E,4.165,2022
HU,E,4.78,2023
HU,E,6.94,2024
HU,E,10.87,2025
HU,F,0.55,2021
HU,F,1.175,2022
HU,F,1.8,2023
HU,F,4.27,2024
HU,F,4.53,2025
HU,G,1.65,2021
HU,G,2.335,2022
HU,G,3.02,2023
HU,G,6.84,2024
HU,G,9.79,2025
HU,H,3.32,2021
HU,H,2.775,2022
HU,H,2.23,2023
HU,H,3.95,2024
HU,H,5.86,2025
HU,I,0.66,2021
HU,I,1.56,2022
HU,I,2.46,2023
HU,I,4.53,2024
HU,I,5.2,2025
HU,J,13.09,2021
HU,J,13.815,2022
HU,J,14.54,2023
HU,J,32.88,2024
HU,J,46.05,2025
HU,L,2.3,2021
HU,L,2.84,2022
HU,L,3.38,2023
HU,L,4.16,2024
HU,L,4.69,2025
HU,M,3.71,2021
HU,M,4.475,2022
HU,M,5.24,2023
HU,M,17.3,2024
HU,M,22.86,2025
HU,N,4.83,2021
HU,N,3.8600000000000003,2022
HU,N,2.89,2023
HU,N,5.63,2024
HU,N,8.68,2025
IE,C,8.83,2021
IE,C,8.004999999999999,2022
IE,C,7.18,2023
IE,C,17.51,2024
IE,C,17.66,2025
IE,D,25.0,2021
IE,D,31.93,2022
IE,D,38.86,2023
IE,D,36.67,2024
IE,D,35.05,2025
IE,E,1.79,2021
IE,E,3.79,2022
IE,E,5.79,2023
IE,E,14.86,2024
IE,E,6.01,2025
IE,F,0.27,2021
IE,F,3.0949999999999998,2022
IE,F,5.92,2023
IE,F,6.24,2024
IE,F,9.2,2025
IE,G,5.12,2021
IE,G,5.055,2022
IE,G,4.99,2023
IE,G,11.71,2024
IE,G,13.13,2025
IE,H,4.98,2021
IE,H,5.525,2022
IE,H,6.07,2023
IE,H,7.87,2024
IE,H,16.76,2025
IE,I,4.27,2021
IE,I,3.4749999999999996,2022
IE,I,2.68,2023
IE,I,4.71,2024
IE,I,13.55,2025
IE,J,32.4,2021
IE,J,30.46,2022
IE,J,28.52,2023
IE,J,49.07,2024
IE,J,59.82,2025
IE,L,11.65,2021
IE,L,14.195,2022
IE,L,16.74,2023
IE,L,18.15,2024
IE,L,18.53,2025
IE,M,13.59,2021
IE,M,14.68,2022
IE,M,15.77,2023
IE,M,27.25,2024
IE,M,31.76,2025
IE,N,12.22,2021
IE,N,9.405000000000001,2022
IE,N,6.59,2023
IE,N,24.8,2024
IE,N,25.61,2025
IT,C,6.63,2021
IT,C,5.785,2022
IT,C,4.94,2023
IT,C,8.03,2024
IT,C,14.73,2025
IT,F,5.24,2021
IT,F,3.93,2022
IT,F,2.62,2023
IT,F,5.24,2024
IT,F,10.39,2025
IT,G,5.59,2021
IT,G,4.625,2022
IT,G,3.66,2023
IT,G,8.22,2024
IT,G,18.13,2025
IT,H,3.03,2021
IT,H,3.24,2022
IT,H,3.45,2023
IT,H,5.24,2024
IT,H,11.62,2025
IT,I,4.82,2021
IT,I,4.405,2022
IT,I,3.99,2023
IT,I,2.73,2024
IT,I,11.73,2025
IT,J,16.19,2021
IT,J,18.615000000000002,2022
IT,J,21.04,2023
IT,J,34.6,2024
IT,J,51.28,2025
IT,L,3.19,2021
IT,L,2.96,2022
IT,L,2.73,2023
IT,L,6.2,2024
IT,L,13.96,2025
IT,M,8.68,2021
IT,M,8.955,2022
IT,M,9.23,2023
IT,M,19.56,2024
IT,M,35.72,2025
IT,N,6.22,2021
IT,N,6.475,2022
IT,N,6.73,2023
IT,N,7.72,2024
IT,N,15.97,2025
LT,C,5.06,2021
LT,C,4.945,2022
LT,C,4.83,2023
LT,C,8.81,2024
LT,C,19.17,2025
LT,F,1.11,2021
LT,F,1.755,2022
LT,F,2.4,2023
LT,F,3.42,2024
LT,F,16.79,2025
LT,G,2.79,2021
LT,G,3.59,2022
LT,G,4.39,2023
LT,G,7.68,2024
LT,G,19.16,2025
LT,H,3.84,2021
LT,H,4.404999999999999,2022
LT,H,4.97,2023
LT,H,4.96,2024
LT,H,20.02,2025
LT,I,3.8,2021
LT,I,2.175,2022
LT,I,0.55,2023
LT,I,4.22,2024
LT,I,8.0,2025
LT,J,22.77,2021
LT,J,24.725,2022
LT,J,26.68,2023
LT,J,45.9,2024
LT,J,60.24,2025
LT,L,1.3,2021
LT,L,1.975,2022
LT,L,2.65,2023
LT,L,5.58,2024
LT,L,19.03,2025
LT,M,7.22,2021
LT,M,5.645,2022
LT,M,4.07,2023
LT,M,16.15,2024
LT,M,37.68,2025
LT,N,6.35,2021
LT,N,5.904999999999999,2022
LT,N,5.46,2023
LT,N,10.06,2024
LT,N,29.75,2025
LU,C,13.48,2021
LU,C,14.825000000000001,2022
LU,C,16.17,2023
LU,C,27.13,2024
LU,C,37.58,2025
LU,F,11.28,2021
LU,F,10.655,2022
LU,F,10.03,2023
LU,F,19.08,2024
LU,F,23.98,2025
LU,G,9.14,2021
LU,G,11.875,2022
LU,G,14.61,2023
LU,G,20.16,2024
LU,G,27.24,2025
LU,H,10.09,2021
LU,H,10.065,2022
LU,H,10.04,2023
LU,H,14.54,2024
LU,H,27.9,2025
LU,I,2.35,2021
LU,I,3.6100000000000003,2022
LU,I,4.87,2023
LU,I,6.83,2024
LU,I,16.95,2025
LU,J,28.69,2021
LU,J,30.175,2022
LU,J,31.66,2023
LU,J,48.69,2024
LU,J,73.48,2025
LU,M,20.8,2021
LU,M,21.39,2022
LU,M,21.98,2023
LU,M,37.49,2024
LU,M,51.65,2025
LU,N,16.09,2021
LU,N,14.74,2022
LU,N,13.39,2023
LU,N,25.64,2024
LU,N,31.88,2025
LV,C,2.61,2021
LV,C,3.375,2022
LV,C,4.14,2023
LV,C,8.39,2024
LV,C,12.35,2025
LV,D,2.88,2021
LV,D,5.619999999999999,2022
LV,D,8.36,2023
LV,D,9.63,2024
LV,D,15.54,2025
LV,E,2.48,2021
LV,E,1.24,2022
LV,E,0.0,2023
LV,E,9.02,2024
LV,E,11.84,2025
LV,F,3.32,2021
LV,F,2.415,2022
LV,F,1.51,2023
LV,F,5.28,2024
LV,F,4.89,2025
LV,G,3.05,2021
LV,G,2.73,2022
LV,G,2.41,2023
LV,G,6.71,2024
LV,G,10.37,2025
LV,H,3.45,2021
LV,H,3.775,2022
LV,H,4.1,2023
LV,H,5.19,2024
LV,H,5.9,2025
LV,I,0.28,2021
LV,I,0.645,2022
LV,I,1.01,2023
LV,I,1.34,2024
LV,I,4.46,2025
LV,J,13.71,2021
LV,J,17.32,2022
LV,J,20.93,2023
LV,J,37.38,2024
LV,J,49.82,2025
LV,L,2.7,2021
LV,L,4.275,2022
LV,L,5.85,2023
LV,L,7.96,2024
LV,L,11.45,2025
LV,M,9.28,2021
LV,M,10.325,2022
LV,M,11.37,2023
LV,M,23.46,2024
LV,M,29.02,2025
LV,N,4.01,2021
LV,N,5.305,2022
LV,N,6.6,2023
LV,N,8.42,2024
LV,N,12.33,2025
MT,C,6.23,2021
MT,C,8.145,2022
MT,C,10.06,2023
MT,C,13.66,2024
MT,C,17.77,2025
MT,F,7.62,2021
MT,F,8.335,2022
MT,F,9.05,2023
MT,F,9.36,2024
MT,F,10.63,2025
MT,G,7.12,2021
MT,G,8.28,2022
MT,G,9.44,2023
MT,G,10.21,2024
MT,G,14.82,2025
MT,H,15.0,2021
MT,H,15.725,2022
MT,H,16.45,2023
MT,H,20.63,2024
MT,H,18.68,2025
MT,I,7.88,2021
MT,I,7.715,2022
MT,I,7.55,2023
MT,I,9.8,2024
MT,I,10.52,2025
MT,J,25.35,2021
MT,J,30.32,2022
MT,J,35.29,2023
MT,J,55.07,2024
MT,J,60.61,2025
MT,L,14.72,2021
MT,L,13.24,2022
MT,L,11.76,2023
MT,L,12.48,2024
MT,L,19.84,2025
MT,N,8.64,2021
MT,N,10.515,2022
MT,N,12.39,2023
MT,N,17.05,2024
MT,N,23.28,2025
NL,C,12.42,2021
NL,C,12.08,2022
NL,C,11.74,2023
NL,C,18.03,2024
NL,C,28.56,2025
NL,D,24.78,2021
NL,D,36.36,2022
NL,D,47.94,2023
NL,D,46.84,2024
NL,D,54.56,2025
NL,E,11.46,2021
NL,E,11.045000000000002,2022
NL,E,10.63,2023
NL,E,14.81,2024
NL,E,21.42,2025
NL,F,7.39,2021
NL,F,6.055,2022
NL,F,4.72,2023
NL,F,8.88,2024
NL,F,21.29,2025
NL,G,12.04,2021
NL,G,12.515,2022
NL,G,12.99,2023
NL,G,23.15,2024
NL,G,30.47,2025
NL,H,11.48,2021
NL,H,10.27,2022
NL,H,9.06,2023
NL,H,10.99,2024
NL,H,19.65,2025
NL,I,4.96,2021
NL,I,5.4350000000000005,2022
NL,I,5.91,2023
NL,I,9.04,2024
NL,I,16.03,2025
NL,J,32.05,2021
NL,J,34.51,2022
NL,J,36.97,2023
NL,J,58.03,2024
NL,J,69.99,2025
NL,M,20.05,2021
NL,M,22.425,2022
NL,M,24.8,2023
NL,M,39.78,2024
NL,M,54.98,2025
NL,N,10.6,2021
NL,N,11.395,2022
NL,N,12.19,2023
NL,N,22.57,2024
NL,N,30.85,2025
NO,C,9.35,2021
NO,C,8.85,2022
NO,C,8.35,2023
NO,C,14.73,2024
NO,C,25.98,2025
NO,D,31.78,2021
NO,D,32.94,2022
NO,D,34.1,2023
NO,D,44.72,2024
NO,D,64.42,2025
NO,E,14.91,2021
NO,E,10.59,2022
NO,E,6.27,2023
NO,E,21.63,2024
NO,E,26.82,2025
NO,F,5.18,2021
NO,F,4.415,2022
NO,F,3.65,2023
NO,F,8.71,2024
NO,F,19.01,2025
NO,G,8.16,2021
NO,G,7.45,2022
NO,G,6.74,2023
NO,G,20.6,2024
NO,G,23.68,2025
NO,H,3.44,2021
NO,H,4.41,2022
NO,H,5.38,2023
NO,H,8.87,2024
NO,H,20.52,2025
NO,I,2.29,2021
NO,I,3.7,2022
NO,I,5.11,2023
NO,I,11.46,2024
NO,I,12.39,2025
NO,J,41.95,2021
NO,J,36.75,2022
NO,J,31.55,2023
NO,J,62.71,2024
NO,J,78.31,2025
NO,L,12.87,2021
NO,L,9.465,2022
NO,L,6.06,2023
NO,L,23.9,2024
NO,L,36.25,2025
NO,M,22.54,2021
NO,M,20.935,2022
NO,M,19.33,2023
NO,M,42.94,2024
NO,M,55.22,2025
NO,N,14.59,2021
NO,N,11.754999999999999,2022
NO,N,8.92,2023
NO,N,21.88,2024
NO,N,32.13,2025
PL,C,2.33,2021
PL,C,2.5949999999999998,2022
PL,C,2.86,2023
PL,C,5.13,2024
PL,C,7.7,2025
PL,D,4.75,2021
PL,D,6.165,2022
PL,D,7.58,2023
PL,D,8.44,2024
PL,D,16.17,2025
PL,E,0.84,2021
PL,E,1.575,2022
PL,E,2.31,2023
PL,E,2.53,2024
PL,E,5.95,2025
PL,F,0.35,2021
PL,F,0.79,2022
PL,F,1.23,2023
PL,F,2.01,2024
PL,F,2.35,2025
PL,G,3.1,2021
PL,G,3.545,2022
PL,G,3.99,2023
PL,G,5.54,2024
PL,G,8.88,2025
PL,H,1.85,2021
PL,H,1.8450000000000002,2022
PL,H,1.84,2023
PL,H,2.46,2024
PL,H,2.97,2025
PL,I,0.99,2021
PL,I,1.3199999999999998,2022
PL,I,1.65,2023
PL,I,2.43,2024
PL,I,5.57,2025
PL,J,16.35,2021
PL,J,16.955,2022
PL,J,17.56,2023
PL,J,32.63,2024
PL,J,38.09,2025
PL,L,1.76,2021
PL,L,2.075,2022
PL,L,2.39,2023
PL,L,4.02,2024
PL,L,4.09,2025
PL,M,6.48,2021
PL,M,7.765000000000001,2022
PL,M,9.05,2023
PL,M,14.45,2024
PL,M,22.16,2025
PL,N,4.16,2021
PL,N,4.48,2022
PL,N,4.8,2023
PL,N,7.72,2024
PL,N,10.47,2025
PT,C,8.58,2021
PT,C,8.66,2022
PT,C,8.74,2023
PT,C,6.78,2024
PT,C,9.94,2025
PT,D,20.37,2021
PT,D,20.630000000000003,2022
PT,D,20.89,2023
PT,D,23.42,2024
PT,D,20.43,2025
PT,E,9.51,2021
PT,E,8.715,2022
PT,E,7.92,2023
PT,E,8.43,2024
PT,E,14.4,2025
PT,F,1.06,2021
PT,F,1.99,2022
PT,F,2.92,2023
PT,F,2.74,2024
PT,F,4.74,2025
PT,G,6.63,2021
PT,G,6.785,2022
PT,G,6.94,2023
PT,G,5.77,2024
PT,G,8.71,2025
PT,H,7.38,2021
PT,H,7.82,2022
PT,H,8.26,2023
PT,H,4.9,2024
PT,H,14.81,2025
PT,I,4.4,2021
PT,I,4.83,2022
PT,I,5.26,2023
PT,I,6.58,2024
PT,I,8.25,2025
PT,N,10.81,2021
PT,N,10.55,2022
PT,N,10.29,2023
PT,N,12.91,2024
PT,N,11.06,2025
RO,C,1.28,2021
RO,C,1.31,2022
RO,C,1.34,2023
RO,C,1.3,2024
RO,C,3.24,2025
RO,D,1.84,2021
RO,D,3.725,2022
RO,D,5.61,2023
RO,D,4.22,2024
RO,D,6.47,2025
RO,E,0.59,2021
RO,E,0.585,2022
RO,E,0.58,2023
RO,E,2.17,2024
RO,E,3.24,2025
RO,F,0.05,2021
RO,F,0.09,2022
RO,F,0.13,2023
RO,F,0.18,2024
RO,F,2.65,2025
RO,G,0.6,2021
RO,G,0.9450000000000001,2022
RO,G,1.29,2023
RO,G,3.63,2024
RO,G,4.13,2025
RO,H,0.31,2021
RO,H,0.33499999999999996,2022
RO,H,0.36,2023
RO,H,2.73,2024
RO,H,3.07,2025
RO,I,0.27,2021
RO,I,0.165,2022
RO,I,0.06,2023
RO,I,0.08,2024
RO,I,1.71,2025
RO,J,8.8,2021
RO,J,8.46,2022
RO,J,8.12,2023
RO,J,15.69,2024
RO,J,32.07,2025
RO,L,0.39,2021
RO,L,0.195,2022
RO,L,0.0,2023
RO,L,3.81,2024
RO,L,0.58,2025
RO,M,6.68,2021
RO,M,6.945,2022
RO,M,7.21,2023
RO,M,9.06,2024
RO,M,15.6,2025
RO,N,3.04,2021
RO,N,2.305,2022
RO,N,1.57,2023
RO,N,5.3,2024
RO,N,5.04,2025
SE,C,8.87,2021
SE,C,8.17,2022
SE,C,7.47,2023
SE,C,19.49,2024
SE,C,32.86,2025
SE,D,25.06,2021
SE,D,22.58,2022
SE,D,20.1,2023
SE,D,40.71,2024
SE,D,53.4,2025
SE,E,9.58,2021
SE,E,8.705,2022
SE,E,7.83,2023
SE,E,20.32,2024
SE,E,36.16,2025
SE,F,2.32,2021
SE,F,2.55,2022
SE,F,2.78,2023
SE,F,13.15,2024
SE,F,14.9,2025
SE,G,11.84,2021
SE,G,11.315,2022
SE,G,10.79,2023
SE,G,22.47,2024
SE,G,33.13,2025
SE,H,3.71,2021
SE,H,4.225,2022
SE,H,4.74,2023
SE,H,15.54,2024
SE,H,12.17,2025
SE,I,4.2,2021
SE,I,3.6900000000000004,2022
SE,I,3.18,2023
SE,I,10.47,2024
SE,I,23.74,2025
SE,J,30.81,2021
SE,J,33.83,2022
SE,J,36.85,2023
SE,J,67.56,2024
SE,J,87.87,2025
SE,L,9.6,2021
SE,L,13.675,2022
SE,L,17.75,2023
SE,L,28.97,2024
SE,L,56.44,2025
SE,M,16.47,2021
SE,M,18.58,2022
SE,M,20.69,2023
SE,M,53.71,2024
SE,M,64.88,2025
SE,N,8.58,2021
SE,N,8.440000000000001,2022
SE,N,8.3,2023
SE,N,21.63,2024
SE,N,31.61,2025
SI,C,12.57,2021
SI,C,12.455,2022
SI,C,12.34,2023
SI,C,21.64,2024
SI,C,22.68,2025
SI,E,3.62,2021
SI,E,1.81,2022
SI,E,0.0,2023
SI,E,7.76,2024
SI,E,27.17,2025
SI,F,4.16,2021
SI,F,3.83,2022
SI,F,3.5,2023
SI,F,11.94,2024
SI,F,5.55,2025
SI,G,10.95,2021
SI,G,12.719999999999999,2022
SI,G,14.49,2023
SI,G,23.46,2024
SI,G,29.81,2025
SI,H,12.52,2021
SI,H,10.01,2022
SI,H,7.5,2023
SI,H,18.97,2024
SI,H,8.51,2025
SI,I,5.08,2021
SI,I,5.805,2022
SI,I,6.53,2023
SI,I,16.85,2024
SI,I,12.62,2025
SI,J,39.65,2021
SI,J,36.065,2022
SI,J,32.48,2023
SI,J,52.94,2024
SI,J,67.06,2025
SI,M,18.59,2021
SI,M,20.415,2022
SI,M,22.24,2023
SI,M,30.37,2024
SI,M,28.29,2025
SI,N,9.02,2021
SI,N,6.12,2022
SI,N,3.22,2023
SI,N,7.65,2024
SI,N,20.2,2025
SK,C,5.4,2021
SK,C,5.735,2022
SK,C,6.07,2023
SK,C,8.08,2024
SK,C,15.83,2025
SK,D,6.63,2021
SK,D,8.305,2022
SK,D,9.98,2023
SK,D,13.07,2024
SK,D,13.22,2025
SK,E,2.66,2021
SK,E,2.395,2022
SK,E,2.13,2023
SK,E,5.38,2024
SK,E,8.33,2025
SK,F,2.12,2021
SK,F,3.1,2022
SK,F,4.08,2023
SK,F,6.31,2024
SK,F,8.59,2025
SK,G,4.88,2021
SK,G,5.92,2022
SK,G,6.96,2023
SK,G,11.65,2024
SK,G,19.26,2025
SK,H,6.23,2021
SK,H,4.775,2022
SK,H,3.32,2023
SK,H,8.22,2024
SK,H,15.78,2025
SK,I,1.25,2021
SK,I,1.78,2022
SK,I,2.31,2023
SK,I,3.77,2024
SK,I,9.82,2025
SK,J,18.19,2021
SK,J,19.905,2022
SK,J,21.62,2023
SK,J,29.19,2024
SK,J,50.25,2025
SK,L,0.76,2021
SK,L,3.6149999999999998,2022
SK,L,6.47,2023
SK,L,3.68,2024
SK,L,8.55,2025
SK,M,3.67,2021
SK,M,7.945,2022
SK,M,12.22,2023
SK,M,17.12,2024
SK,M,28.48,2025
SK,N,8.6,2021
SK,N,9.379999999999999,2022
SK,N,10.16,2023
SK,N,18.37,2024
SK,N,19.79,2025
