nace_r2,geo,year,tert_edu
A,AT,2021,22.2
A,BE,2021,28.7
A,BG,2021,7.5
A,CH,2021,23.4
A,CY,2021,21.5
A,CZ,2021,11.3
A,DE,2021,23.1
A,DK,2021,15.2
A,EE,2021,21.4
A,EL,2021,7.6
A,ES,2021,11.5
A,FI,2021,19.6
A,FR,2021,25.1
A,HR,2021,8.9
A,HU,2021,11.6
A,IE,2021,27.4
A,IS,2021,19.5
A,IT,2021,4.7
A,LT,2021,18.1
A,LV,2021,16.1
A,NL,2021,22.0
A,NO,2021,20.1
A,PL,2021,15.0
A,RO,2021,10.9
A,SE,2021,30.1
A,SI,2021,29.0
A,SK,2021,17.1
B,BG,2021,21.3
B,CZ,2021,7.3
B,ES,2021,31.7
B,HR,2021,44.9
B,IT,2021,18.0
B,NL,2021,44.7
B,NO,2021,51.7
B,PL,2021,27.2
B,RO,2021,18.8
C,AT,2021,31.8
C,BE,2021,39.8
C,BG,2021,15.0
C,CH,2021,38.6
C,CY,2021,27.6
C,CZ,2021,13.4
C,DE,2021,30.8
C,DK,2021,31.8
C,EE,2021,26.8
C,EL,2021,28.2
C,ES,2021,40.7
C,FI,2021,36.7
C,FR,2021,36.7
C,HR,2021,17.4
C,HU,2021,16.9
C,IE,2021,53.4
C,IS,2021,23.5
C,IT,2021,12.6
C,LT,2021,31.6
C,LU,2021,35.1
C,LV,2021,22.3
C,MT,2021,23.1
C,NL,2021,32.0
C,NO,2021,31.4
C,PL,2021,22.7
C,PT,2021,15.8
C,RO,2021,12.7
C,SE,2021,30.6
C,SI,2021,29.2
C,SK,2021,15.9
D,AT,2021,44.2
D,BE,2021,52.2
D,BG,2021,31.9
D,CH,2021,54.0
D,CY,2021,40.5
D,CZ,2021,25.7
D,DE,2021,47.6
D,DK,2021,68.9
D,EE,2021,62.5
D,EL,2021,38.4
D,ES,2021,75.8
D,FI,2021,62.0
D,FR,2021,55.9
D,HR,2021,45.8
D,HU,2021,39.4
D,IE,2021,62.5
D,IS,2021,46.5
D,IT,2021,29.2
D,LT,2021,55.6
D,LV,2021,53.3
D,NL,2021,54.9
D,NO,2021,60.3
D,PL,2021,42.3
D,PT,2021,39.7
D,RO,2021,30.0
D,SE,2021,50.2
D,SI,2021,54.7
D,SK,2021,38.0
E,AT,2021,19.0
E,BE,2021,24.8
E,BG,2021,13.2
E,CH,2021,26.4
E,CZ,2021,13.9
E,DE,2021,19.9
E,DK,2021,20.7
E,EL,2021,13.9
E,ES,2021,30.9
E,FI,2021,29.5
E,FR,2021,30.9
E,HR,2021,24.6
E,HU,2021,18.9
E,IT,2021,10.8
E,LT,2021,21.0
E,NL,2021,32.2
E,PL,2021,26.7
E,PT,2021,23.1
E,RO,2021,13.9
E,SE,2021,29.7
E,SI,2021,32.9
F,AT,2021,21.2
F,BE,2021,25.9
F,BG,2021,12.0
F,CH,2021,20.4
F,CY,2021,23.8
F,CZ,2021,16.6
F,DE,2021,18.4
F,DK,2021,10.7
F,EE,2021,20.9
F,EL,2021,19.8
F,ES,2021,24.5
F,FI,2021,19.6
F,FR,2021,23.4
F,HR,2021,12.5
F,HU,2021,9.5
F,IE,2021,27.8
F,IS,2021,12.6
F,IT,2021,4.6
F,LT,2021,27.0
F,LV,2021,21.9
F,MT,2021,9.8
F,NL,2021,22.0
F,NO,2021,22.9
F,PL,2021,18.0
F,PT,2021,13.7
F,RO,2021,13.1
F,SE,2021,16.7
F,SI,2021,16.7
F,SK,2021,17.7
G,AT,2021,23.1
G,BE,2021,29.6
G,BG,2021,24.4
G,CH,2021,28.7
G,CY,2021,36.7
G,CZ,2021,14.6
G,DE,2021,16.4
G,DK,2021,21.5
G,EE,2021,34.4
G,EL,2021,28.8
G,ES,2021,34.8
G,FI,2021,29.4
G,FR,2021,35.7
G,HR,2021,18.6
G,HU,2021,18.5
G,IE,2021,34.0
G,IS,2021,23.6
G,IT,2021,14.0
G,LT,2021,43.1
G,LU,2021,38.3
G,LV,2021,29.1
G,MT,2021,15.3
G,NL,2021,23.6
G,NO,2021,25.8
G,PL,2021,25.5
G,PT,2021,21.1
G,RO,2021,18.8
G,SE,2021,26.8
G,SI,2021,31.3
G,SK,2021,19.7
H,AT,2021,21.8
H,BE,2021,26.1
H,BG,2021,20.7
H,CH,2021,29.5
H,CY,2021,50.5
H,CZ,2021,10.4
H,DE,2021,15.3
H,DK,2021,20.6
H,EE,2021,29.2
H,EL,2021,33.5
H,ES,2021,33.0
H,FI,2021,17.4
H,FR,2021,27.3
H,HR,2021,16.8
H,HU,2021,15.4
H,IE,2021,32.8
H,IS,2021,27.2
H,IT,2021,11.1
H,LT,2021,35.5
H,LU,2021,19.1
H,LV,2021,29.3
H,MT,2021,20.8
H,NL,2021,24.6
H,NO,2021,23.9
H,PL,2021,21.8
H,PT,2021,16.4
H,RO,2021,11.8
H,SE,2021,21.4
H,SI,2021,26.1
H,SK,2021,12.3
I,AT,2021,20.1
I,BE,2021,22.1
I,BG,2021,14.3
I,CH,2021,21.8
I,CY,2021,35.1
I,CZ,2021,7.0
I,DE,2021,11.3
I,DK,2021,13.3
I,EE,2021,15.8
I,EL,2021,19.1
I,ES,2021,23.5
I,FI,2021,15.8
I,FR,2021,24.6
I,HR,2021,7.7
I,HU,2021,10.6
I,IE,2021,30.9
I,IS,2021,23.7
I,IT,2021,6.4
I,LT,2021,21.1
I,LV,2021,16.2
I,MT,2021,23.0
I,NL,2021,15.0
I,NO,2021,24.2
I,PL,2021,17.6
I,PT,2021,12.2
I,RO,2021,10.6
I,SE,2021,16.1
I,SI,2021,19.2
I,SK,2021,11.9
J,AT,2021,63.0
J,BE,2021,78.9
J,BG,2021,76.7
J,CH,2021,68.1
J,CY,2021,79.6
J,CZ,2021,59.6
J,DE,2021,54.7
J,DK,2021,59.9
J,EE,2021,61.8
J,EL,2021,65.5
J,ES,2021,82.3
J,FI,2021,69.1
J,FR,2021,81.0
J,HR,2021,68.1
J,HU,2021,71.9
J,IE,2021,83.5
J,IS,2021,58.9
J,IT,2021,47.4
J,LT,2021,85.5
J,LU,2021,71.8
J,LV,2021,64.6
J,MT,2021,51.8
J,NL,2021,63.1
J,NO,2021,69.4
J,PL,2021,77.3
J,PT,2021,67.5
J,RO,2021,74.6
J,SE,2021,68.7
J,SI,2021,69.3
J,SK,2021,71.4
K,AT,2021,56.1
K,BE,2021,82.7
K,BG,2021,76.7
K,CH,2021,61.7
K,CY,2021,80.0
K,CZ,2021,50.2
K,DE,2021,36.5
K,DK,2021,54.3
K,EE,2021,79.0
K,EL,2021,72.4
K,ES,2021,81.5
K,FI,2021,71.9
K,FR,2021,77.2
K,HR,2021,55.1
K,HU,2021,66.6
K,IE,2021,81.8
K,IS,2021,71.3
K,IT,2021,47.1
K,LT,2021,93.3
K,LU,2021,79.5
K,LV,2021,79.6
K,MT,2021,58.9
K,NL,2021,63.0
K,NO,2021,69.6
K,PL,2021,77.2
K,PT,2021,62.2
K,RO,2021,79.3
K,SE,2021,60.6
K,SI,2021,72.9
K,SK,2021,63.7
L,AT,2021,41.5
L,BE,2021,44.1
L,BG,2021,57.4
L,CH,2021,36.5
L,CY,2021,76.5
L,CZ,2021,33.6
L,DE,2021,29.4
L,DK,2021,34.1
L,EE,2021,36.1
L,EL,2021,55.2
L,ES,2021,61.2
L,FI,2021,51.1
L,FR,2021,50.1
L,HU,2021,41.8
L,IT,2021,25.2
L,LT,2021,56.1
L,LV,2021,28.7
L,NL,2021,51.2
L,NO,2021,54.4
L,PL,2021,48.5
L,PT,2021,40.2
L,RO,2021,46.5
L,SE,2021,40.0
L,SI,2021,54.5
M,AT,2021,63.5
M,BE,2021,78.1
M,BG,2021,82.2
M,CH,2021,63.6
M,CY,2021,83.7
M,CZ,2021,63.6
M,DE,2021,52.7
M,DK,2021,69.5
M,EE,2021,67.0
M,EL,2021,65.5
M,ES,2021,83.9
M,FI,2021,72.5
M,FR,2021,78.1
M,HR,2021,62.5
M,HU,2021,73.8
M,IE,2021,79.3
M,IS,2021,70.5
M,IT,2021,43.7
M,LT,2021,87.1
M,LU,2021,80.5
M,LV,2021,78.6
M,MT,2021,65.8
M,NL,2021,65.4
M,NO,2021,76.1
M,PL,2021,77.4
M,PT,2021,70.7
M,RO,2021,80.1
M,SE,2021,69.1
M,SI,2021,69.7
M,SK,2021,65.6
N,AT,2021,26.1
N,BE,2021,32.0
N,BG,2021,17.7
N,CH,2021,27.7
N,CY,2021,36.6
N,CZ,2021,15.1
N,DE,2021,14.9
N,DK,2021,26.4
N,EE,2021,29.9
N,EL,2021,30.3
N,ES,2021,25.5
N,FI,2021,21.8
N,FR,2021,33.0
N,HR,2021,15.5
N,HU,2021,25.4
N,IE,2021,40.7
N,IS,2021,27.8
N,IT,2021,12.3
N,LT,2021,38.2
N,LU,2021,25.4
N,LV,2021,29.6
N,MT,2021,24.2
N,NL,2021,29.8
N,NO,2021,31.8
N,PL,2021,20.5
N,PT,2021,21.5
N,RO,2021,15.4
N,SE,2021,29.7
N,SI,2021,21.7
N,SK,2021,23.2
NRP,CH,2021,43.5
NRP,FR,2021,35.0
NRP,HR,2021,56.1
NRP,LU,2021,55.0
NRP,NL,2021,32.6
NRP,PL,2021,38.4
NRP,SE,2021,44.8
O,AT,2021,38.4
O,BE,2021,52.3
O,BG,2021,55.7
O,CH,2021,55.7
O,CY,2021,60.5
O,CZ,2021,44.8
O,DE,2021,41.7
O,DK,2021,61.6
O,EE,2021,63.2
O,EL,2021,52.7
O,ES,2021,57.5
O,FI,2021,69.3
O,FR,2021,44.4
O,HR,2021,48.8
O,HU,2021,44.4
O,IE,2021,67.2
O,IS,2021,68.6
O,IT,2021,31.6
O,LT,2021,74.4
O,LU,2021,41.1
O,LV,2021,72.3
O,MT,2021,28.2
O,NL,2021,56.2
O,NO,2021,69.6
O,PL,2021,68.4
O,PT,2021,34.4
O,RO,2021,52.8
O,SE,2021,72.1
O,SI,2021,72.1
O,SK,2021,51.2
P,AT,2021,73.6
P,BE,2021,85.7
P,BG,2021,78.2
P,CH,2021,71.9
P,CY,2021,88.5
P,CZ,2021,60.7
P,DE,2021,72.6
P,DK,2021,72.3
P,EE,2021,71.4
P,EL,2021,89.6
P,ES,2021,88.0
P,FI,2021,75.5
P,FR,2021,73.1
P,HR,2021,76.7
P,HU,2021,72.4
P,IE,2021,81.9
P,IS,2021,63.4
P,IT,2021,60.6
P,LT,2021,73.0
P,LU,2021,86.4
P,LV,2021,70.0
P,MT,2021,67.8
P,NL,2021,76.5
P,NO,2021,78.9
P,PL,2021,75.8
P,PT,2021,68.9
P,RO,2021,67.5
P,SE,2021,71.8
P,SI,2021,77.6
P,SK,2021,64.6
Q,AT,2021,33.7
Q,BE,2021,53.4
Q,BG,2021,59.4
Q,CH,2021,44.6
Q,CY,2021,71.6
Q,CZ,2021,36.3
Q,DE,2021,25.0
Q,DK,2021,50.9
Q,EE,2021,54.2
Q,EL,2021,62.1
Q,ES,2021,63.2
Q,FI,2021,48.7
Q,FR,2021,40.5
Q,HR,2021,38.1
Q,HU,2021,34.7
Q,IE,2021,64.1
Q,IS,2021,45.6
Q,IT,2021,47.1
Q,LT,2021,63.9
Q,LU,2021,41.0
Q,LV,2021,56.4
Q,MT,2021,49.0
Q,NL,2021,42.5
Q,NO,2021,55.8
Q,PL,2021,53.8
Q,PT,2021,48.5
Q,RO,2021,26.7
Q,SE,2021,52.3
Q,SI,2021,53.8
Q,SK,2021,38.8
R,AT,2021,45.9
R,BE,2021,49.3
R,BG,2021,56.5
R,CH,2021,48.6
R,CY,2021,44.6
R,CZ,2021,39.9
R,DE,2021,33.6
R,DK,2021,34.9
R,EE,2021,49.3
R,EL,2021,49.9
R,ES,2021,52.9
R,FI,2021,42.4
R,FR,2021,52.7
R,HR,2021,43.2
R,HU,2021,45.9
R,IE,2021,45.6
R,IS,2021,40.5
R,IT,2021,30.0
R,LT,2021,66.1
R,LV,2021,53.3
R,MT,2021,54.0
R,NL,2021,35.2
R,NO,2021,51.5
R,PL,2021,47.7
R,PT,2021,42.2
R,RO,2021,35.9
R,SE,2021,43.9
R,SI,2021,57.3
R,SK,2021,38.0
S,AT,2021,40.1
S,BE,2021,55.7
S,BG,2021,37.1
S,CH,2021,51.6
S,CY,2021,46.1
S,CZ,2021,29.5
S,DE,2021,34.0
S,DK,2021,47.5
S,EE,2021,48.7
S,EL,2021,33.5
S,ES,2021,46.3
S,FI,2021,52.0
S,FR,2021,48.4
S,HR,2021,22.7
S,HU,2021,32.1
S,IE,2021,38.4
S,IS,2021,49.5
S,IT,2021,15.6
S,LT,2021,49.5
S,LV,2021,40.5
S,NL,2021,50.1
S,NO,2021,43.5
S,PL,2021,31.5
S,PT,2021,23.5
S,RO,2021,27.6
S,SE,2021,43.4
S,SI,2021,40.8
T,CH,2021,18.9
T,CY,2021,11.4
T,EL,2021,21.9
T,ES,2021,13.9
T,FR,2021,7.9
T,IT,2021,8.0
TOTAL,AT,2021,36.3
TOTAL,BE,2021,50.6
TOTAL,BG,2021,33.5
TOTAL,CH,2021,44.6
TOTAL,CY,2021,50.2
TOTAL,CZ,2021,26.7
TOTAL,DE,2021,31.5
TOTAL,DK,2021,41.8
TOTAL,EE,2021,42.5
TOTAL,EL,2021,44.6
TOTAL,ES,2021,47.1
TOTAL,FI,2021,44.5
TOTAL,FR,2021,45.0
TOTAL,HR,2021,31.0
TOTAL,HU,2021,31.2
TOTAL,IE,2021,56.9
TOTAL,IS,2021,41.9
TOTAL,IT,2021,23.7
TOTAL,LT,2021,49.8
TOTAL,LU,2021,54.4
TOTAL,LV,2021,41.6
TOTAL,MT,2021,37.1
TOTAL,NL,2021,42.2
TOTAL,NO,2021,48.0
TOTAL,PL,2021,39.5
TOTAL,PT,2021,33.1
TOTAL,RO,2021,25.8
TOTAL,SE,2021,47.9
TOTAL,SI,2021,45.3
TOTAL,SK,2021,31.3
U,AT,2021,76.8
U,BE,2021,88.6
U,CH,2021,75.4
U,CY,2021,50.5
U,FR,2021,77.9
U,IT,2021,60.9
U,LU,2021,90.1
A,AT,2022,24.4
A,BE,2022,36.2
A,BG,2022,6.7
A,CH,2022,22.9
A,CY,2022,21.4
A,CZ,2022,13.2
A,DE,2022,26.8
A,DK,2022,18.4
A,EE,2022,21.1
A,EL,2022,11.3
A,ES,2022,12.3
A,FI,2022,21.7
A,FR,2022,26.7
A,HR,2022,7.0
A,HU,2022,10.6
A,IE,2022,26.8
A,IS,2022,19.6
A,IT,2022,4.3
A,LT,2022,15.8
A,LV,2022,20.9
A,NL,2022,22.8
A,NO,2022,18.8
A,PL,2022,15.7
A,RO,2022,11.6
A,SE,2022,21.5
A,SI,2022,34.5
A,SK,2022,16.7
B,BG,2022,21.3
B,CZ,2022,10.9
B,ES,2022,24.7
B,HR,2022,35.6
B,IT,2022,18.0
B,NL,2022,46.8
B,NO,2022,57.0
B,PL,2022,27.9
B,RO,2022,24.8
C,AT,2022,33.0
C,BE,2022,41.3
C,BG,2022,13.8
C,CH,2022,39.2
C,CY,2022,29.9
C,CZ,2022,14.1
C,DE,2022,30.4
C,DK,2022,31.3
C,EE,2022,26.8
C,EL,2022,29.8
C,ES,2022,40.4
C,FI,2022,37.8
C,FR,2022,39.7
C,HR,2022,16.3
C,HU,2022,18.3
C,IE,2022,51.7
C,IS,2022,23.9
C,IT,2022,12.8
C,LT,2022,33.6
C,LU,2022,43.0
C,LV,2022,20.6
C,MT,2022,22.5
C,NL,2022,33.8
C,NO,2022,32.1
C,PL,2022,23.1
C,PT,2022,18.1
C,RO,2022,14.1
C,SE,2022,31.3
C,SI,2022,29.6
C,SK,2022,17.0
D,AT,2022,52.6
D,BE,2022,59.0
D,BG,2022,34.2
D,CH,2022,46.6
D,CY,2022,41.4
D,CZ,2022,31.0
D,DE,2022,47.6
D,DK,2022,59.9
D,EE,2022,60.5
D,EL,2022,47.2
D,ES,2022,73.5
D,FI,2022,65.2
D,FR,2022,55.8
D,HR,2022,42.2
D,HU,2022,36.9
D,IE,2022,65.4
D,IS,2022,41.4
D,IT,2022,32.6
D,LT,2022,62.4
D,LV,2022,55.3
D,NL,2022,63.4
D,NO,2022,71.9
D,PL,2022,41.1
D,PT,2022,37.5
D,RO,2022,31.0
D,SE,2022,49.9
D,SI,2022,56.5
D,SK,2022,40.7
E,AT,2022,24.5
E,BE,2022,33.7
E,BG,2022,10.9
E,CH,2022,23.1
E,CZ,2022,10.4
E,DE,2022,20.6
E,DK,2022,21.0
E,EL,2022,16.4
E,ES,2022,28.5
E,FI,2022,33.3
E,FR,2022,28.8
E,HR,2022,17.4
E,HU,2022,14.6
E,IT,2022,10.8
E,LT,2022,34.9
E,NL,2022,30.9
E,PL,2022,27.2
E,PT,2022,24.5
E,RO,2022,15.9
E,SE,2022,27.1
E,SI,2022,28.2
F,AT,2022,22.9
F,BE,2022,28.9
F,BG,2022,12.8
F,CH,2022,19.9
F,CY,2022,26.4
F,CZ,2022,16.9
F,DE,2022,18.2
F,DK,2022,12.1
F,EE,2022,20.0
F,EL,2022,8.8
F,ES,2022,24.8
F,FI,2022,20.5
F,FR,2022,23.2
F,HR,2022,11.3
F,HU,2022,10.3
F,IE,2022,28.9
F,IS,2022,11.5
F,IT,2022,4.8
F,LT,2022,30.0
F,LV,2022,20.4
F,MT,2022,23.5
F,NL,2022,23.7
F,NO,2022,21.6
F,PL,2022,18.4
F,PT,2022,14.0
F,RO,2022,14.3
F,SE,2022,17.5
F,SI,2022,17.2
F,SK,2022,15.3
G,AT,2022,23.9
G,BE,2022,29.3
G,BG,2022,25.0
G,CH,2022,29.2
G,CY,2022,34.4
G,CZ,2022,15.4
G,DE,2022,16.7
G,DK,2022,23.2
G,EE,2022,33.0
G,EL,2022,26.2
G,ES,2022,34.7
G,FI,2022,30.1
G,FR,2022,35.5
G,HR,2022,18.1
G,HU,2022,19.1
G,IE,2022,33.0
G,IS,2022,21.0
G,IT,2022,14.4
G,LT,2022,42.9
G,LU,2022,41.6
G,LV,2022,29.6
G,MT,2022,17.6
G,NL,2022,23.2
G,NO,2022,24.9
G,PL,2022,26.6
G,PT,2022,22.7
G,RO,2022,17.6
G,SE,2022,26.7
G,SI,2022,30.1
G,SK,2022,21.7
H,AT,2022,23.5
H,BE,2022,26.7
H,BG,2022,22.9
H,CH,2022,28.5
H,CY,2022,51.9
H,CZ,2022,10.5
H,DE,2022,14.7
H,DK,2022,20.1
H,EE,2022,25.2
H,EL,2022,34.5
H,ES,2022,31.2
H,FI,2022,17.3
H,FR,2022,26.4
H,HR,2022,16.4
H,HU,2022,15.7
H,IE,2022,28.4
H,IS,2022,24.5
H,IT,2022,12.3
H,LT,2022,37.9
H,LU,2022,23.8
H,LV,2022,30.4
H,MT,2022,21.2
H,NL,2022,22.5
H,NO,2022,26.7
H,PL,2022,20.2
H,PT,2022,15.3
H,RO,2022,11.5
H,SE,2022,21.0
H,SI,2022,23.2
H,SK,2022,16.3
I,AT,2022,21.9
I,BE,2022,20.4
I,BG,2022,14.6
I,CH,2022,19.9
I,CY,2022,35.1
I,CZ,2022,9.3
I,DE,2022,11.0
I,DK,2022,12.3
I,EE,2022,17.6
I,EL,2022,18.6
I,ES,2022,23.6
I,FI,2022,13.7
I,FR,2022,23.8
I,HR,2022,9.3
I,HU,2022,11.3
I,IE,2022,28.6
I,IS,2022,21.3
I,IT,2022,6.4
I,LT,2022,27.7
I,LV,2022,14.2
I,MT,2022,15.4
I,NL,2022,14.7
I,NO,2022,22.8
I,PL,2022,19.2
I,PT,2022,12.1
I,RO,2022,10.0
I,SE,2022,19.4
I,SI,2022,19.1
I,SK,2022,11.0
J,AT,2022,67.3
J,BE,2022,78.0
J,BG,2022,75.9
J,CH,2022,68.5
J,CY,2022,82.6
J,CZ,2022,59.1
J,DE,2022,55.9
J,DK,2022,59.6
J,EE,2022,63.9
J,EL,2022,64.8
J,ES,2022,84.0
J,FI,2022,66.8
J,FR,2022,81.8
J,HR,2022,62.8
J,HU,2022,69.8
J,IE,2022,84.9
J,IS,2022,69.7
J,IT,2022,45.6
J,LT,2022,83.1
J,LU,2022,74.1
J,LV,2022,66.4
J,MT,2022,47.7
J,NL,2022,65.1
J,NO,2022,70.8
J,PL,2022,76.1
J,PT,2022,66.3
J,RO,2022,79.8
J,SE,2022,72.7
J,SI,2022,70.3
J,SK,2022,75.2
K,AT,2022,55.2
K,BE,2022,80.0
K,BG,2022,79.2
K,CH,2022,63.7
K,CY,2022,80.0
K,CZ,2022,51.3
K,DE,2022,37.9
K,DK,2022,55.7
K,EE,2022,70.5
K,EL,2022,71.2
K,ES,2022,79.8
K,FI,2022,72.5
K,FR,2022,77.9
K,HR,2022,54.7
K,HU,2022,66.0
K,IE,2022,83.2
K,IS,2022,72.8
K,IT,2022,48.4
K,LT,2022,89.0
K,LU,2022,83.7
K,LV,2022,76.1
K,MT,2022,58.0
K,NL,2022,66.0
K,NO,2022,74.3
K,PL,2022,79.6
K,PT,2022,63.8
K,RO,2022,77.7
K,SE,2022,62.7
K,SI,2022,73.7
K,SK,2022,65.7
L,AT,2022,36.9
L,BE,2022,46.5
L,BG,2022,59.8
L,CH,2022,36.7
L,CY,2022,66.3
L,CZ,2022,35.6
L,DE,2022,31.0
L,DK,2022,36.7
L,EE,2022,33.5
L,EL,2022,59.5
L,ES,2022,58.4
L,FI,2022,53.0
L,FR,2022,54.9
L,HU,2022,47.4
L,IT,2022,22.6
L,LT,2022,53.7
L,LV,2022,27.1
L,NL,2022,48.4
L,NO,2022,52.2
L,PL,2022,50.1
L,PT,2022,39.0
L,RO,2022,40.9
L,SE,2022,40.1
L,SI,2022,45.7
M,AT,2022,61.3
M,BE,2022,78.1
M,BG,2022,84.7
M,CH,2022,64.7
M,CY,2022,82.1
M,CZ,2022,59.2
M,DE,2022,53.2
M,DK,2022,68.1
M,EE,2022,74.5
M,EL,2022,68.1
M,ES,2022,84.5
M,FI,2022,68.6
M,FR,2022,77.4
M,HR,2022,54.0
M,HU,2022,71.9
M,IE,2022,79.7
M,IS,2022,66.0
M,IT,2022,44.9
M,LT,2022,85.5
M,LU,2022,81.6
M,LV,2022,78.1
M,MT,2022,66.8
M,NL,2022,66.2
M,NO,2022,77.9
M,PL,2022,77.7
M,PT,2022,70.9
M,RO,2022,81.9
M,SE,2022,71.8
M,SI,2022,67.9
M,SK,2022,62.4
N,AT,2022,25.3
N,BE,2022,29.2
N,BG,2022,16.6
N,CH,2022,26.9
N,CY,2022,35.1
N,CZ,2022,15.1
N,DE,2022,14.5
N,DK,2022,28.3
N,EE,2022,34.3
N,EL,2022,31.8
N,ES,2022,25.6
N,FI,2022,22.9
N,FR,2022,32.9
N,HR,2022,20.0
N,HU,2022,22.4
N,IE,2022,41.9
N,IS,2022,30.6
N,IT,2022,12.1
N,LT,2022,40.6
N,LU,2022,26.1
N,LV,2022,30.6
N,MT,2022,20.1
N,NL,2022,30.5
N,NO,2022,29.8
N,PL,2022,20.4
N,PT,2022,20.8
N,RO,2022,16.9
N,SE,2022,30.2
N,SI,2022,19.6
N,SK,2022,25.6
NRP,CH,2022,41.1
NRP,FR,2022,39.2
NRP,HR,2022,46.7
NRP,LU,2022,60.1
NRP,NL,2022,33.7
NRP,PL,2022,42.1
NRP,SE,2022,48.5
O,AT,2022,40.1
O,BE,2022,54.6
O,BG,2022,56.5
O,CH,2022,53.5
O,CY,2022,57.8
O,CZ,2022,46.1
O,DE,2022,42.8
O,DK,2022,64.3
O,EE,2022,66.9
O,EL,2022,53.5
O,ES,2022,59.8
O,FI,2022,66.9
O,FR,2022,47.4
O,HR,2022,46.0
O,HU,2022,45.6
O,IE,2022,66.5
O,IS,2022,67.1
O,IT,2022,33.4
O,LT,2022,72.3
O,LU,2022,39.9
O,LV,2022,75.5
O,MT,2022,30.5
O,NL,2022,58.0
O,NO,2022,70.2
O,PL,2022,69.0
O,PT,2022,35.5
O,RO,2022,53.5
O,SE,2022,71.4
O,SI,2022,74.0
O,SK,2022,49.9
P,AT,2022,71.3
P,BE,2022,87.2
P,BG,2022,76.4
P,CH,2022,71.2
P,CY,2022,89.7
P,CZ,2022,59.5
P,DE,2022,70.7
P,DK,2022,71.7
P,EE,2022,73.1
P,EL,2022,87.9
P,ES,2022,88.0
P,FI,2022,74.2
P,FR,2022,72.1
P,HR,2022,77.4
P,HU,2022,72.7
P,IE,2022,82.2
P,IS,2022,67.0
P,IT,2022,60.8
P,LT,2022,74.6
P,LU,2022,87.9
P,LV,2022,69.5
P,MT,2022,64.5
P,NL,2022,74.7
P,NO,2022,79.9
P,PL,2022,75.5
P,PT,2022,70.8
P,RO,2022,68.9
P,SE,2022,71.6
P,SI,2022,75.7
P,SK,2022,64.6
Q,AT,2022,35.7
Q,BE,2022,54.2
Q,BG,2022,55.6
Q,CH,2022,44.2
Q,CY,2022,72.3
Q,CZ,2022,36.9
Q,DE,2022,24.5
Q,DK,2022,50.9
Q,EE,2022,56.8
Q,EL,2022,61.9
Q,ES,2022,63.0
Q,FI,2022,48.8
Q,FR,2022,41.8
Q,HR,2022,39.8
Q,HU,2022,32.9
Q,IE,2022,66.6
Q,IS,2022,44.8
Q,IT,2022,47.0
Q,LT,2022,65.3
Q,LU,2022,43.0
Q,LV,2022,54.2
Q,MT,2022,48.3
Q,NL,2022,43.6
Q,NO,2022,56.1
Q,PL,2022,53.7
Q,PT,2022,47.9
Q,RO,2022,27.3
Q,SE,2022,53.9
Q,SI,2022,57.7
Q,SK,2022,39.8
R,AT,2022,47.3
R,BE,2022,47.6
R,BG,2022,48.9
R,CH,2022,50.2
R,CY,2022,52.5
R,CZ,2022,35.5
R,DE,2022,33.1
R,DK,2022,37.5
R,EE,2022,60.0
R,EL,2022,47.8
R,ES,2022,48.0
R,FI,2022,42.5
R,FR,2022,54.4
R,HR,2022,45.6
R,HU,2022,41.8
R,IE,2022,46.8
R,IS,2022,41.1
R,IT,2022,31.2
R,LT,2022,64.2
R,LV,2022,51.1
R,MT,2022,41.5
R,NL,2022,38.3
R,NO,2022,49.9
R,PL,2022,47.9
R,PT,2022,49.4
R,RO,2022,40.8
R,SE,2022,41.8
R,SI,2022,54.7
R,SK,2022,38.0
S,AT,2022,36.2
S,BE,2022,55.1
S,BG,2022,32.4
S,CH,2022,51.2
S,CY,2022,50.1
S,CZ,2022,35.3
S,DE,2022,33.9
S,DK,2022,43.1
S,EE,2022,46.9
S,EL,2022,32.9
S,ES,2022,42.6
S,FI,2022,51.6
S,FR,2022,45.1
S,HR,2022,21.3
S,HU,2022,33.1
S,IE,2022,37.9
S,IS,2022,40.8
S,IT,2022,16.3
S,LT,2022,56.6
S,LV,2022,35.9
S,NL,2022,48.9
S,NO,2022,39.4
S,PL,2022,30.9
S,PT,2022,26.0
S,RO,2022,29.4
S,SE,2022,46.7
S,SI,2022,35.7
T,CH,2022,18.4
T,CY,2022,14.6
T,EL,2022,13.5
T,ES,2022,13.8
T,FR,2022,10.5
T,IT,2022,8.9
TOTAL,AT,2022,37.0
TOTAL,BE,2022,51.0
TOTAL,BG,2022,33.0
TOTAL,CH,2022,44.2
TOTAL,CY,2022,50.7
TOTAL,CZ,2022,26.9
TOTAL,DE,2022,31.3
TOTAL,DK,2022,41.8
TOTAL,EE,2022,43.0
TOTAL,EL,2022,43.9
TOTAL,ES,2022,47.1
TOTAL,FI,2022,44.2
TOTAL,FR,2022,45.6
TOTAL,HR,2022,30.5
TOTAL,HU,2022,31.3
TOTAL,IE,2022,56.4
TOTAL,IS,2022,41.7
TOTAL,IT,2022,23.7
TOTAL,LT,2022,51.3
TOTAL,LU,2022,56.2
TOTAL,LV,2022,41.7
TOTAL,MT,2022,36.2
TOTAL,NL,2022,43.1
TOTAL,NO,2022,48.3
TOTAL,PL,2022,39.7
TOTAL,PT,2022,33.4
TOTAL,RO,2022,26.7
TOTAL,SE,2022,49.1
TOTAL,SI,2022,44.4
TOTAL,SK,2022,32.3
U,AT,2022,86.7
U,BE,2022,91.5
U,CH,2022,70.1
U,CY,2022,48.0
U,FR,2022,79.5
U,IT,2022,60.8
U,LU,2022,94.0
A,AT,2023,22.6
A,BE,2023,36.0
A,BG,2023,8.6
A,CH,2023,23.9
A,CY,2023,18.9
A,CZ,2023,13.6
A,DE,2023,24.1
A,DK,2023,23.6
A,EE,2023,21.9
A,EL,2023,12.8
A,ES,2023,10.8
A,FI,2023,22.6
A,FR,2023,28.9
A,HR,2023,14.9
A,HU,2023,10.9
A,IE,2023,28.2
A,IS,2023,12.0
A,IT,2023,3.8
A,LT,2023,14.2
A,LV,2023,22.7
A,NL,2023,23.6
A,NO,2023,20.6
A,PL,2023,15.9
A,RO,2023,11.1
A,SE,2023,19.7
A,SI,2023,22.1
A,SK,2023,17.3
B,BG,2023,18.3
B,CZ,2023,10.7
B,ES,2023,39.0
B,HR,2023,38.0
B,IT,2023,17.6
B,NL,2023,47.4
B,NO,2023,60.8
B,PL,2023,29.0
B,RO,2023,21.0
C,AT,2023,33.5
C,BE,2023,39.3
C,BG,2023,15.2
C,CH,2023,40.9
C,CY,2023,32.9
C,CZ,2023,14.0
C,DE,2023,31.6
C,DK,2023,31.7
C,EE,2023,24.1
C,EL,2023,26.2
C,ES,2023,41.8
C,FI,2023,36.4
C,FR,2023,39.4
C,HR,2023,15.5
C,HU,2023,18.2
C,IE,2023,52.9
C,IS,2023,26.0
C,IT,2023,14.3
C,LT,2023,34.0
C,LU,2023,45.3
C,LV,2023,22.0
C,MT,2023,22.7
C,NL,2023,32.9
C,NO,2023,31.9
C,PL,2023,26.9
C,PT,2023,17.4
C,RO,2023,13.6
C,SE,2023,33.3
C,SI,2023,22.5
C,SK,2023,17.9
D,AT,2023,59.6
D,BE,2023,55.8
D,BG,2023,37.9
D,CH,2023,51.7
D,CY,2023,50.3
D,CZ,2023,22.6
D,DE,2023,48.2
D,DK,2023,60.1
D,EE,2023,56.1
D,EL,2023,45.4
D,ES,2023,72.2
D,FI,2023,59.8
D,FR,2023,53.7
D,HR,2023,37.2
D,HU,2023,45.2
D,IE,2023,60.8
D,IS,2023,52.4
D,IT,2023,31.4
D,LT,2023,65.5
D,LV,2023,54.7
D,NL,2023,58.8
D,NO,2023,69.8
D,PL,2023,43.6
D,PT,2023,47.9
D,RO,2023,36.4
D,SE,2023,48.4
D,SI,2023,52.5
D,SK,2023,43.3
E,AT,2023,24.2
E,BE,2023,29.0
E,BG,2023,16.0
E,CH,2023,23.0
E,CZ,2023,13.4
E,DE,2023,18.0
E,DK,2023,26.8
E,EL,2023,15.9
E,ES,2023,28.3
E,FI,2023,34.6
E,FR,2023,26.6
E,HR,2023,17.0
E,HU,2023,16.1
E,IT,2023,10.3
E,LT,2023,31.9
E,NL,2023,29.3
E,PL,2023,27.7
E,PT,2023,27.0
E,RO,2023,14.5
E,SE,2023,21.8
E,SI,2023,22.4
F,AT,2023,22.5
F,BE,2023,22.4
F,BG,2023,12.1
F,CH,2023,20.7
F,CY,2023,25.8
F,CZ,2023,17.0
F,DE,2023,19.5
F,DK,2023,11.9
F,EE,2023,22.7
F,EL,2023,12.5
F,ES,2023,25.4
F,FI,2023,19.9
F,FR,2023,24.3
F,HR,2023,8.8
F,HU,2023,10.4
F,IE,2023,27.2
F,IS,2023,11.3
F,IT,2023,4.9
F,LT,2023,29.9
F,LV,2023,24.0
F,MT,2023,15.4
F,NL,2023,23.5
F,NO,2023,21.6
F,PL,2023,22.0
F,PT,2023,14.2
F,RO,2023,12.4
F,SE,2023,19.6
F,SI,2023,11.6
F,SK,2023,16.4
G,AT,2023,24.5
G,BE,2023,30.8
G,BG,2023,25.6
G,CH,2023,29.5
G,CY,2023,37.3
G,CZ,2023,15.4
G,DE,2023,16.6
G,DK,2023,22.9
G,EE,2023,31.8
G,EL,2023,25.0
G,ES,2023,34.2
G,FI,2023,28.4
G,FR,2023,36.1
G,HR,2023,19.6
G,HU,2023,19.7
G,IE,2023,34.0
G,IS,2023,20.2
G,IT,2023,14.1
G,LT,2023,43.6
G,LU,2023,39.9
G,LV,2023,31.7
G,MT,2023,17.5
G,NL,2023,22.4
G,NO,2023,24.5
G,PL,2023,28.9
G,PT,2023,23.4
G,RO,2023,16.5
G,SE,2023,27.1
G,SI,2023,27.7
G,SK,2023,21.4
H,AT,2023,23.4
H,BE,2023,27.8
H,BG,2023,22.5
H,CH,2023,28.2
H,CY,2023,50.2
H,CZ,2023,11.2
H,DE,2023,15.3
H,DK,2023,22.8
H,EE,2023,26.5
H,EL,2023,34.7
H,ES,2023,31.7
H,FI,2023,16.9
H,FR,2023,28.6
H,HR,2023,16.3
H,HU,2023,15.4
H,IE,2023,27.6
H,IS,2023,20.1
H,IT,2023,12.4
H,LT,2023,36.4
H,LU,2023,28.3
H,LV,2023,30.2
H,MT,2023,27.0
H,NL,2023,21.8
H,NO,2023,28.1
H,PL,2023,23.9
H,PT,2023,16.6
H,RO,2023,10.3
H,SE,2023,21.3
H,SI,2023,19.7
H,SK,2023,16.4
I,AT,2023,23.3
I,BE,2023,20.6
I,BG,2023,14.6
I,CH,2023,23.4
I,CY,2023,30.7
I,CZ,2023,9.4
I,DE,2023,12.6
I,DK,2023,15.4
I,EE,2023,19.9
I,EL,2023,14.9
I,ES,2023,23.1
I,FI,2023,14.4
I,FR,2023,23.5
I,HR,2023,14.9
I,HU,2023,13.2
I,IE,2023,29.9
I,IS,2023,21.3
I,IT,2023,7.2
I,LT,2023,31.9
I,LV,2023,13.8
I,MT,2023,21.4
I,NL,2023,14.7
I,NO,2023,26.0
I,PL,2023,17.4
I,PT,2023,13.1
I,RO,2023,7.8
I,SE,2023,20.3
I,SI,2023,13.2
I,SK,2023,12.3
J,AT,2023,66.7
J,BE,2023,77.7
J,BG,2023,75.8
J,CH,2023,68.9
J,CY,2023,85.1
J,CZ,2023,57.5
J,DE,2023,57.8
J,DK,2023,62.5
J,EE,2023,59.0
J,EL,2023,63.3
J,ES,2023,82.6
J,FI,2023,63.4
J,FR,2023,83.6
J,HR,2023,69.1
J,HU,2023,68.4
J,IE,2023,85.3
J,IS,2023,71.2
J,IT,2023,48.5
J,LT,2023,80.2
J,LU,2023,74.0
J,LV,2023,62.9
J,MT,2023,54.0
J,NL,2023,64.2
J,NO,2023,70.9
J,PL,2023,79.1
J,PT,2023,68.6
J,RO,2023,75.4
J,SE,2023,73.2
J,SI,2023,67.6
J,SK,2023,72.6
K,AT,2023,52.7
K,BE,2023,80.3
K,BG,2023,78.7
K,CH,2023,63.7
K,CY,2023,84.4
K,CZ,2023,54.2
K,DE,2023,38.5
K,DK,2023,55.5
K,EE,2023,69.5
K,EL,2023,68.2
K,ES,2023,81.2
K,FI,2023,69.6
K,FR,2023,80.9
K,HR,2023,57.5
K,HU,2023,66.5
K,IE,2023,83.2
K,IS,2023,73.4
K,IT,2023,51.5
K,LT,2023,88.8
K,LU,2023,80.7
K,LV,2023,76.0
K,MT,2023,57.5
K,NL,2023,65.1
K,NO,2023,73.4
K,PL,2023,81.0
K,PT,2023,67.6
K,RO,2023,81.0
K,SE,2023,65.4
K,SI,2023,72.1
K,SK,2023,61.4
L,AT,2023,43.1
L,BE,2023,58.3
L,BG,2023,60.4
L,CH,2023,36.0
L,CY,2023,74.4
L,CZ,2023,33.8
L,DE,2023,31.5
L,DK,2023,32.5
L,EE,2023,30.0
L,EL,2023,56.3
L,ES,2023,63.3
L,FI,2023,51.4
L,FR,2023,53.9
L,HU,2023,33.5
L,IT,2023,25.6
L,LT,2023,54.6
L,LV,2023,30.8
L,NL,2023,42.6
L,NO,2023,39.4
L,PL,2023,52.2
L,PT,2023,39.1
L,RO,2023,37.7
L,SE,2023,43.5
L,SI,2023,35.3
M,AT,2023,62.2
M,BE,2023,80.1
M,BG,2023,82.6
M,CH,2023,65.6
M,CY,2023,80.8
M,CZ,2023,60.4
M,DE,2023,54.7
M,DK,2023,70.8
M,EE,2023,77.4
M,EL,2023,70.4
M,ES,2023,84.4
M,FI,2023,69.9
M,FR,2023,78.6
M,HR,2023,66.6
M,HU,2023,69.0
M,IE,2023,79.3
M,IS,2023,75.0
M,IT,2023,45.3
M,LT,2023,81.9
M,LU,2023,79.6
M,LV,2023,77.0
M,MT,2023,63.4
M,NL,2023,65.5
M,NO,2023,80.7
M,PL,2023,79.5
M,PT,2023,68.2
M,RO,2023,78.7
M,SE,2023,72.4
M,SI,2023,63.8
M,SK,2023,67.6
N,AT,2023,27.4
N,BE,2023,30.2
N,BG,2023,20.4
N,CH,2023,30.0
N,CY,2023,40.4
N,CZ,2023,17.0
N,DE,2023,15.3
N,DK,2023,25.9
N,EE,2023,35.1
N,EL,2023,35.2
N,ES,2023,25.6
N,FI,2023,23.9
N,FR,2023,32.5
N,HR,2023,23.9
N,HU,2023,24.0
N,IE,2023,41.3
N,IS,2023,40.1
N,IT,2023,13.7
N,LT,2023,39.8
N,LU,2023,32.4
N,LV,2023,26.6
N,MT,2023,32.5
N,NL,2023,28.3
N,NO,2023,29.9
N,PL,2023,25.8
N,PT,2023,23.6
N,RO,2023,17.6
N,SE,2023,29.3
N,SI,2023,15.9
N,SK,2023,25.0
NRP,CH,2023,40.6
NRP,FR,2023,38.4
NRP,HR,2023,61.4
NRP,LU,2023,49.2
NRP,NL,2023,35.0
NRP,PL,2023,45.8
NRP,SE,2023,47.2
O,AT,2023,41.0
O,BE,2023,52.0
O,BG,2023,55.9
O,CH,2023,57.2
O,CY,2023,59.7
O,CZ,2023,43.0
O,DE,2023,43.1
O,DK,2023,64.1
O,EE,2023,68.4
O,EL,2023,56.2
O,ES,2023,61.8
O,FI,2023,68.6
O,FR,2023,47.9
O,HR,2023,49.3
O,HU,2023,44.6
O,IE,2023,69.9
O,IS,2023,62.4
O,IT,2023,36.4
O,LT,2023,75.9
O,LU,2023,41.3
O,LV,2023,74.9
O,MT,2023,33.6
O,NL,2023,59.5
O,NO,2023,73.6
O,PL,2023,69.9
O,PT,2023,36.2
O,RO,2023,53.8
O,SE,2023,70.9
O,SI,2023,69.7
O,SK,2023,52.1
P,AT,2023,73.6
P,BE,2023,84.5
P,BG,2023,75.5
P,CH,2023,71.5
P,CY,2023,89.2
P,CZ,2023,60.1
P,DE,2023,71.0
P,DK,2023,74.5
P,EE,2023,71.5
P,EL,2023,86.7
P,ES,2023,89.2
P,FI,2023,74.0
P,FR,2023,70.7
P,HR,2023,76.5
P,HU,2023,72.9
P,IE,2023,80.9
P,IS,2023,67.8
P,IT,2023,62.7
P,LT,2023,70.8
P,LU,2023,84.9
P,LV,2023,67.5
P,MT,2023,64.5
P,NL,2023,73.5
P,NO,2023,80.9
P,PL,2023,76.8
P,PT,2023,68.4
P,RO,2023,67.6
P,SE,2023,71.1
P,SI,2023,71.4
P,SK,2023,63.1
Q,AT,2023,36.5
Q,BE,2023,53.3
Q,BG,2023,53.9
Q,CH,2023,46.0
Q,CY,2023,75.1
Q,CZ,2023,38.6
Q,DE,2023,24.9
Q,DK,2023,51.0
Q,EE,2023,58.8
Q,EL,2023,60.1
Q,ES,2023,62.7
Q,FI,2023,50.2
Q,FR,2023,41.7
Q,HR,2023,40.6
Q,HU,2023,33.8
Q,IE,2023,66.7
Q,IS,2023,46.3
Q,IT,2023,47.7
Q,LT,2023,65.5
Q,LU,2023,40.4
Q,LV,2023,52.2
Q,MT,2023,48.0
Q,NL,2023,43.5
Q,NO,2023,57.1
Q,PL,2023,57.7
Q,PT,2023,47.1
Q,RO,2023,28.5
Q,SE,2023,54.8
Q,SI,2023,49.6
Q,SK,2023,38.7
R,AT,2023,48.8
R,BE,2023,50.7
R,BG,2023,44.9
R,CH,2023,52.6
R,CY,2023,56.9
R,CZ,2023,34.6
R,DE,2023,34.0
R,DK,2023,36.2
R,EE,2023,54.8
R,EL,2023,44.7
R,ES,2023,47.2
R,FI,2023,42.4
R,FR,2023,54.1
R,HR,2023,53.6
R,HU,2023,47.4
R,IE,2023,45.1
R,IS,2023,46.9
R,IT,2023,30.9
R,LT,2023,68.0
R,LV,2023,42.6
R,MT,2023,47.6
R,NL,2023,40.8
R,NO,2023,48.2
R,PL,2023,53.7
R,PT,2023,46.3
R,RO,2023,44.4
R,SE,2023,43.5
R,SI,2023,48.7
R,SK,2023,35.9
S,AT,2023,41.9
S,BE,2023,57.2
S,BG,2023,28.4
S,CH,2023,52.7
S,CY,2023,56.0
S,CZ,2023,33.7
S,DE,2023,34.2
S,DK,2023,43.0
S,EE,2023,43.1
S,EL,2023,20.2
S,ES,2023,42.7
S,FI,2023,49.1
S,FR,2023,47.0
S,HR,2023,30.7
S,HU,2023,35.6
S,IE,2023,33.3
S,IS,2023,50.0
S,IT,2023,16.9
S,LT,2023,57.0
S,LV,2023,34.6
S,NL,2023,50.7
S,NO,2023,43.1
S,PL,2023,32.9
S,PT,2023,32.1
S,RO,2023,25.4
S,SE,2023,48.9
S,SI,2023,31.5
T,CH,2023,17.0
T,CY,2023,12.8
T,EL,2023,17.0
T,ES,2023,15.4
T,FR,2023,11.8
T,IT,2023,8.4
TOTAL,AT,2023,38.1
TOTAL,BE,2023,49.9
TOTAL,BG,2023,33.6
TOTAL,CH,2023,45.5
TOTAL,CY,2023,53.0
TOTAL,CZ,2023,27.2
TOTAL,DE,2023,31.9
TOTAL,DK,2023,42.6
TOTAL,EE,2023,42.8
TOTAL,EL,2023,42.9
TOTAL,ES,2023,47.4
TOTAL,FI,2023,44.2
TOTAL,FR,2023,46.2
TOTAL,HR,2023,33.4
TOTAL,HU,2023,31.4
TOTAL,IE,2023,56.6
TOTAL,IS,2023,42.4
TOTAL,IT,2023,25.1
TOTAL,LT,2023,50.9
TOTAL,LU,2023,55.8
TOTAL,LV,2023,41.5
TOTAL,MT,2023,37.1
TOTAL,NL,2023,42.5
TOTAL,NO,2023,49.3
TOTAL,PL,2023,43.1
TOTAL,PT,2023,33.1
TOTAL,RO,2023,25.4
TOTAL,SE,2023,49.6
TOTAL,SI,2023,37.6
TOTAL,SK,2023,32.5
U,AT,2023,90.5
U,BE,2023,88.7
U,CH,2023,75.9
U,CY,2023,63.4
U,FR,2023,75.4
U,IT,2023,63.6
U,LU,2023,94.1
A,AT,2024,33.8
A,BE,2024,41.1
A,BG,2024,12.7
A,CH,2024,29.5
A,CY,2024,17.3
A,CZ,2024,15.3
A,DE,2024,22.9
A,DK,2024,25.4
A,EE,2024,25.5
A,EL,2024,15.9
A,ES,2024,12.0
A,FI,2024,22.0
A,FR,2024,29.5
A,HR,2024,20.9
A,HU,2024,12.7
A,IE,2024,26.2
A,IS,2024,16.8
A,IT,2024,3.6
A,LT,2024,14.0
A,LV,2024,21.8
A,NL,2024,21.7
A,NO,2024,21.5
A,PL,2024,17.4
A,RO,2024,8.5
A,SE,2024,22.3
A,SI,2024,14.3
A,SK,2024,17.0
B,BG,2024,18.0
B,CZ,2024,7.8
B,ES,2024,36.3
B,HR,2024,35.7
B,IT,2024,23.1
B,NL,2024,45.8
B,NO,2024,57.6
B,PL,2024,29.0
B,RO,2024,20.6
C,AT,2024,35.8
C,BE,2024,41.0
C,BG,2024,18.9
C,CH,2024,40.8
C,CY,2024,36.9
C,CZ,2024,14.1
C,DE,2024,33.4
C,DK,2024,35.3
C,EE,2024,26.6
C,EL,2024,24.7
C,ES,2024,42.0
C,FI,2024,35.7
C,FR,2024,40.0
C,HR,2024,18.6
C,HU,2024,19.7
C,IE,2024,54.3
C,IS,2024,30.1
C,IT,2024,15.0
C,LT,2024,33.7
C,LU,2024,42.1
C,LV,2024,24.6
C,MT,2024,26.9
C,NL,2024,33.6
C,NO,2024,31.5
C,PL,2024,28.1
C,PT,2024,20.0
C,RO,2024,14.4
C,SE,2024,35.0
C,SI,2024,23.4
C,SK,2024,17.4
D,AT,2024,61.2
D,BE,2024,51.6
D,BG,2024,40.1
D,CH,2024,50.9
D,CY,2024,63.4
D,CZ,2024,28.3
D,DE,2024,47.8
D,DK,2024,57.9
D,EE,2024,48.3
D,EL,2024,36.8
D,ES,2024,77.8
D,FI,2024,57.3
D,FR,2024,59.4
D,HR,2024,31.7
D,HU,2024,43.5
D,IE,2024,64.8
D,IS,2024,55.0
D,IT,2024,31.5
D,LT,2024,61.3
D,LV,2024,55.7
D,NL,2024,60.9
D,NO,2024,63.4
D,PL,2024,48.8
D,PT,2024,52.8
D,RO,2024,33.4
D,SE,2024,48.6
D,SI,2024,55.3
D,SK,2024,41.3
E,AT,2024,22.9
E,BE,2024,22.0
E,BG,2024,19.0
E,CH,2024,28.4
E,CZ,2024,13.2
E,DE,2024,21.0
E,DK,2024,20.8
E,EL,2024,14.3
E,ES,2024,30.1
E,FI,2024,30.0
E,FR,2024,32.8
E,HR,2024,23.8
E,HU,2024,17.1
E,IT,2024,11.5
E,LT,2024,26.0
E,NL,2024,31.7
E,PL,2024,29.0
E,PT,2024,22.3
E,RO,2024,15.6
E,SE,2024,27.6
E,SI,2024,20.6
F,AT,2024,24.4
F,BE,2024,21.3
F,BG,2024,13.1
F,CH,2024,21.4
F,CY,2024,25.2
F,CZ,2024,17.7
F,DE,2024,20.9
F,DK,2024,13.5
F,EE,2024,17.9
F,EL,2024,13.0
F,ES,2024,26.2
F,FI,2024,21.4
F,FR,2024,26.0
F,HR,2024,12.9
F,HU,2024,13.1
F,IE,2024,28.3
F,IS,2024,15.1
F,IT,2024,4.9
F,LT,2024,29.8
F,LV,2024,24.4
F,MT,2024,12.4
F,NL,2024,23.0
F,NO,2024,21.0
F,PL,2024,23.0
F,PT,2024,13.4
F,RO,2024,11.6
F,SE,2024,18.6
F,SI,2024,11.6
F,SK,2024,16.1
G,AT,2024,22.4
G,BE,2024,29.7
G,BG,2024,25.8
G,CH,2024,28.7
G,CY,2024,39.4
G,CZ,2024,16.8
G,DE,2024,16.9
G,DK,2024,24.0
G,EE,2024,30.9
G,EL,2024,26.5
G,ES,2024,34.9
G,FI,2024,29.6
G,FR,2024,36.9
G,HR,2024,18.9
G,HU,2024,20.0
G,IE,2024,33.1
G,IS,2024,23.3
G,IT,2024,14.5
G,LT,2024,41.2
G,LU,2024,46.5
G,LV,2024,31.8
G,MT,2024,20.3
G,NL,2024,23.6
G,NO,2024,24.6
G,PL,2024,28.7
G,PT,2024,23.0
G,RO,2024,16.0
G,SE,2024,30.3
G,SI,2024,27.9
G,SK,2024,19.8
H,AT,2024,23.2
H,BE,2024,28.1
H,BG,2024,23.7
H,CH,2024,28.9
H,CY,2024,45.1
H,CZ,2024,10.5
H,DE,2024,16.7
H,DK,2024,25.1
H,EE,2024,28.9
H,EL,2024,32.9
H,ES,2024,30.1
H,FI,2024,19.5
H,FR,2024,28.1
H,HR,2024,21.4
H,HU,2024,16.3
H,IE,2024,33.5
H,IS,2024,28.0
H,IT,2024,12.6
H,LT,2024,40.8
H,LU,2024,24.5
H,LV,2024,32.1
H,MT,2024,31.6
H,NL,2024,23.0
H,NO,2024,28.0
H,PL,2024,24.8
H,PT,2024,20.9
H,RO,2024,10.1
H,SE,2024,22.2
H,SI,2024,19.2
H,SK,2024,13.5
I,AT,2024,22.8
I,BE,2024,22.4
I,BG,2024,16.1
I,CH,2024,25.0
I,CY,2024,33.7
I,CZ,2024,7.7
I,DE,2024,11.9
I,DK,2024,17.4
I,EE,2024,22.2
I,EL,2024,16.6
I,ES,2024,23.4
I,FI,2024,16.2
I,FR,2024,27.6
I,HR,2024,14.1
I,HU,2024,12.3
I,IE,2024,32.8
I,IS,2024,29.3
I,IT,2024,6.5
I,LT,2024,26.1
I,LV,2024,14.7
I,MT,2024,28.3
I,NL,2024,14.4
I,NO,2024,29.0
I,PL,2024,15.9
I,PT,2024,14.1
I,RO,2024,7.2
I,SE,2024,16.6
I,SI,2024,16.2
I,SK,2024,8.5
J,AT,2024,66.8
J,BE,2024,78.2
J,BG,2024,77.6
J,CH,2024,68.0
J,CY,2024,83.4
J,CZ,2024,62.4
J,DE,2024,57.8
J,DK,2024,64.4
J,EE,2024,60.7
J,EL,2024,67.0
J,ES,2024,83.4
J,FI,2024,68.1
J,FR,2024,83.6
J,HR,2024,73.5
J,HU,2024,65.8
J,IE,2024,84.8
J,IS,2024,64.7
J,IT,2024,49.6
J,LT,2024,84.8
J,LU,2024,70.4
J,LV,2024,65.3
J,MT,2024,55.4
J,NL,2024,62.1
J,NO,2024,73.0
J,PL,2024,80.7
J,PT,2024,72.3
J,RO,2024,73.8
J,SE,2024,73.1
J,SI,2024,64.1
J,SK,2024,70.1
K,AT,2024,56.1
K,BE,2024,80.8
K,BG,2024,79.8
K,CH,2024,64.5
K,CY,2024,85.6
K,CZ,2024,57.6
K,DE,2024,38.5
K,DK,2024,57.2
K,EE,2024,72.7
K,EL,2024,75.1
K,ES,2024,81.7
K,FI,2024,73.8
K,FR,2024,79.5
K,HR,2024,62.3
K,HU,2024,70.4
K,IE,2024,84.4
K,IS,2024,77.7
K,IT,2024,50.8
K,LT,2024,85.7
K,LU,2024,83.3
K,LV,2024,79.4
K,MT,2024,60.4
K,NL,2024,67.0
K,NO,2024,69.7
K,PL,2024,82.0
K,PT,2024,68.1
K,RO,2024,79.3
K,SE,2024,61.6
K,SI,2024,66.1
K,SK,2024,65.0
L,AT,2024,46.9
L,BE,2024,48.3
L,BG,2024,57.0
L,CH,2024,38.7
L,CY,2024,74.1
L,CZ,2024,30.8
L,DE,2024,33.2
L,DK,2024,33.3
L,EE,2024,30.7
L,EL,2024,53.8
L,ES,2024,62.5
L,FI,2024,49.1
L,FR,2024,52.6
L,HU,2024,32.9
L,IT,2024,25.9
L,LT,2024,55.2
L,LV,2024,37.1
L,NL,2024,41.9
L,NO,2024,46.5
L,PL,2024,51.3
L,PT,2024,37.2
L,RO,2024,44.3
L,SE,2024,46.7
L,SI,2024,38.2
M,AT,2024,62.3
M,BE,2024,78.5
M,BG,2024,85.0
M,CH,2024,65.8
M,CY,2024,83.6
M,CZ,2024,59.1
M,DE,2024,55.5
M,DK,2024,71.8
M,EE,2024,73.2
M,EL,2024,72.6
M,ES,2024,82.6
M,FI,2024,72.9
M,FR,2024,80.8
M,HR,2024,63.8
M,HU,2024,72.4
M,IE,2024,80.1
M,IS,2024,78.5
M,IT,2024,45.1
M,LT,2024,82.3
M,LU,2024,84.7
M,LV,2024,80.1
M,MT,2024,61.0
M,NL,2024,65.7
M,NO,2024,84.3
M,PL,2024,78.0
M,PT,2024,69.8
M,RO,2024,79.3
M,SE,2024,75.0
M,SI,2024,64.4
M,SK,2024,65.1
N,AT,2024,22.3
N,BE,2024,29.4
N,BG,2024,22.1
N,CH,2024,27.8
N,CY,2024,47.6
N,CZ,2024,15.0
N,DE,2024,16.7
N,DK,2024,26.8
N,EE,2024,21.1
N,EL,2024,32.3
N,ES,2024,26.5
N,FI,2024,21.9
N,FR,2024,34.8
N,HR,2024,26.7
N,HU,2024,25.6
N,IE,2024,37.6
N,IS,2024,39.4
N,IT,2024,15.6
N,LT,2024,42.4
N,LU,2024,33.5
N,LV,2024,25.5
N,MT,2024,30.7
N,NL,2024,28.0
N,NO,2024,34.5
N,PL,2024,27.0
N,PT,2024,23.4
N,RO,2024,16.5
N,SE,2024,30.7
N,SI,2024,16.1
N,SK,2024,20.9
NRP,CH,2024,38.9
NRP,FR,2024,43.2
NRP,HR,2024,29.8
NRP,LU,2024,44.1
NRP,NL,2024,32.3
NRP,PL,2024,45.3
NRP,SE,2024,51.0
O,AT,2024,44.1
O,BE,2024,53.1
O,BG,2024,60.4
O,CH,2024,57.8
O,CY,2024,58.6
O,CZ,2024,45.3
O,DE,2024,44.1
O,DK,2024,66.6
O,EE,2024,71.2
O,EL,2024,56.9
O,ES,2024,63.2
O,FI,2024,70.4
O,FR,2024,49.6
O,HR,2024,50.7
O,HU,2024,43.2
O,IE,2024,69.6
O,IS,2024,65.2
O,IT,2024,37.4
O,LT,2024,78.3
O,LU,2024,41.0
O,LV,2024,68.6
O,MT,2024,36.3
O,NL,2024,58.3
O,NO,2024,71.7
O,PL,2024,70.1
O,PT,2024,38.6
O,RO,2024,54.5
O,SE,2024,71.9
O,SI,2024,71.9
O,SK,2024,51.9
P,AT,2024,72.3
P,BE,2024,83.8
P,BG,2024,78.6
P,CH,2024,70.7
P,CY,2024,91.1
P,CZ,2024,59.4
P,DE,2024,71.8
P,DK,2024,74.1
P,EE,2024,71.5
P,EL,2024,88.1
P,ES,2024,89.6
P,FI,2024,75.7
P,FR,2024,72.3
P,HR,2024,76.5
P,HU,2024,70.4
P,IE,2024,81.0
P,IS,2024,67.8
P,IT,2024,63.6
P,LT,2024,70.9
P,LU,2024,87.2
P,LV,2024,69.2
P,MT,2024,67.7
P,NL,2024,74.9
P,NO,2024,82.8
P,PL,2024,77.5
P,PT,2024,69.3
P,RO,2024,69.1
P,SE,2024,72.3
P,SI,2024,70.6
P,SK,2024,64.3
Q,AT,2024,36.4
Q,BE,2024,52.5
Q,BG,2024,55.7
Q,CH,2024,46.7
Q,CY,2024,77.2
Q,CZ,2024,38.2
Q,DE,2024,25.9
Q,DK,2024,50.4
Q,EE,2024,61.4
Q,EL,2024,58.7
Q,ES,2024,62.8
Q,FI,2024,49.8
Q,FR,2024,41.9
Q,HR,2024,43.2
Q,HU,2024,37.0
Q,IE,2024,69.0
Q,IS,2024,48.9
Q,IT,2024,48.7
Q,LT,2024,67.4
Q,LU,2024,44.4
Q,LV,2024,53.1
Q,MT,2024,51.0
Q,NL,2024,44.1
Q,NO,2024,58.9
Q,PL,2024,58.5
Q,PT,2024,49.3
Q,RO,2024,29.8
Q,SE,2024,54.3
Q,SI,2024,49.7
Q,SK,2024,41.0
R,AT,2024,47.3
R,BE,2024,50.5
R,BG,2024,46.5
R,CH,2024,48.3
R,CY,2024,48.0
R,CZ,2024,37.9
R,DE,2024,32.3
R,DK,2024,39.4
R,EE,2024,51.4
R,EL,2024,52.3
R,ES,2024,47.2
R,FI,2024,39.7
R,FR,2024,56.9
R,HR,2024,48.8
R,HU,2024,50.3
R,IE,2024,46.5
R,IS,2024,41.0
R,IT,2024,32.0
R,LT,2024,67.4
R,LV,2024,41.4
R,MT,2024,55.3
R,NL,2024,40.4
R,NO,2024,47.1
R,PL,2024,54.7
R,PT,2024,44.7
R,RO,2024,42.5
R,SE,2024,47.4
R,SI,2024,55.4
R,SK,2024,32.9
S,AT,2024,36.2
S,BE,2024,55.8
S,BG,2024,33.6
S,CH,2024,53.7
S,CY,2024,45.4
S,CZ,2024,33.6
S,DE,2024,36.1
S,DK,2024,52.0
S,EE,2024,40.7
S,EL,2024,20.8
S,ES,2024,43.8
S,FI,2024,50.4
S,FR,2024,45.1
S,HR,2024,28.4
S,HU,2024,36.9
S,IE,2024,41.6
S,IS,2024,48.9
S,IT,2024,19.2
S,LT,2024,63.1
S,LV,2024,38.5
S,NL,2024,45.9
S,NO,2024,48.7
S,PL,2024,33.5
S,PT,2024,31.4
S,RO,2024,24.3
S,SE,2024,47.8
S,SI,2024,22.4
T,CH,2024,15.6
T,CY,2024,8.5
T,EL,2024,15.2
T,ES,2024,13.9
T,FR,2024,11.3
T,IT,2024,9.4
TOTAL,AT,2024,38.6
TOTAL,BE,2024,49.6
TOTAL,BG,2024,37.0
TOTAL,CH,2024,45.7
TOTAL,CY,2024,53.1
TOTAL,CZ,2024,27.9
TOTAL,DE,2024,33.0
TOTAL,DK,2024,44.1
TOTAL,EE,2024,42.8
TOTAL,EL,2024,43.0
TOTAL,ES,2024,47.7
TOTAL,FI,2024,44.9
TOTAL,FR,2024,47.1
TOTAL,HR,2024,35.0
TOTAL,HU,2024,32.7
TOTAL,IE,2024,58.0
TOTAL,IS,2024,44.9
TOTAL,IT,2024,25.5
TOTAL,LT,2024,51.9
TOTAL,LU,2024,59.4
TOTAL,LV,2024,42.7
TOTAL,MT,2024,39.8
TOTAL,NL,2024,42.9
TOTAL,NO,2024,50.1
TOTAL,PL,2024,44.0
TOTAL,PT,2024,34.7
TOTAL,RO,2024,25.5
TOTAL,SE,2024,50.5
TOTAL,SI,2024,37.8
TOTAL,SK,2024,32.1
U,AT,2024,83.7
U,BE,2024,88.0
U,CH,2024,81.2
U,CY,2024,56.1
U,FR,2024,75.5
U,IT,2024,64.3
U,LU,2024,93.6
