geo,nace_r2,year,FSI
AT,B,2021,0.0
AT,B,2022,0.0
AT,B,2023,0.0
AT,B,2024,39.21438963100119
AT,C,2021,55.82415833480171
AT,C,2022,56.10361998234696
AT,C,2023,57.51586149558059
AT,C,2024,57.6566779940274
AT,D,2021,0.0
AT,D,2022,0.0
AT,D,2023,0.0
AT,D,2024,65.59915802135016
AT,E,2021,37.48892040418366
AT,E,2022,37.63226108018527
AT,E,2023,37.85258562793821
AT,E,2024,36.86175233845362
AT,F,2021,21.480389098437367
AT,F,2022,21.44878528763668
AT,F,2023,22.05136767120238
AT,F,2024,22.953075508110842
AT,G,2021,37.84228762168426
AT,G,2022,38.0362998519308
AT,G,2023,38.5600728795765
AT,G,2024,38.76131835273355
AT,H,2021,45.796170880884866
AT,H,2022,44.78420440506306
AT,H,2023,45.65048509406146
AT,H,2024,46.94170950596846
AT,I,2021,7.3163623646669675
AT,I,2022,8.228954684857692
AT,I,2023,9.695300268353165
AT,I,2024,9.907685470106573
AT,J,2021,28.64543982730707
AT,J,2022,29.102078231245983
AT,J,2023,29.231094686878166
AT,J,2024,27.379830033632214
AT,K,2021,58.29184220605133
AT,K,2022,56.74408363642295
AT,K,2023,56.472771068650104
AT,K,2024,56.86316643984433
AT,L,2021,7.853893497457854
AT,L,2022,9.21563999685312
AT,L,2023,8.865209949266758
AT,L,2024,9.145555388997153
AT,M,2021,7.312586849996343
AT,M,2022,8.5238820689192
AT,M,2023,9.383631590851456
AT,M,2024,9.966954116666038
AT,N,2021,45.68328119241957
AT,N,2022,44.68426002683985
AT,N,2023,42.05455192224573
AT,N,2024,41.063021359959556
AT,P,2021,17.231854114265182
AT,P,2022,20.0303957610236
AT,P,2023,18.880534670008352
AT,P,2024,18.73505235444259
AT,Q,2021,22.558722646288697
AT,Q,2022,32.9560199475803
AT,Q,2023,33.05245748544828
AT,Q,2024,33.83847318736997
AT,R,2021,11.912728993442844
AT,R,2022,0.0
AT,R,2023,0.0
AT,R,2024,12.537308863820734
BE,B,2021,0.0
BE,B,2022,0.0
BE,B,2023,0.0
BE,B,2024,0.0
BE,C,2021,49.0674067157865
BE,C,2022,48.58202056960486
BE,C,2023,49.30885250448278
BE,C,2024,49.052183715486805
BE,D,2021,84.38184806428049
BE,D,2022,85.2600243561409
BE,D,2023,85.53208627942361
BE,D,2024,86.60821729413787
BE,E,2021,58.53897375636507
BE,E,2022,55.84508906622291
BE,E,2023,58.98016195763641
BE,E,2024,59.28431547089193
BE,F,2021,14.578810346665042
BE,F,2022,14.351479344352743
BE,F,2023,14.869867903332024
BE,F,2024,14.938773755729045
BE,G,2021,29.965981639405374
BE,G,2022,30.113443480954878
BE,G,2023,28.668269903758592
BE,G,2024,28.3125344888768
BE,H,2021,50.921574236789404
BE,H,2022,51.72987902462529
BE,H,2023,52.45798092106686
BE,H,2024,51.09364870097943
BE,I,2021,8.60705255159872
BE,I,2022,8.034889744802577
BE,I,2023,7.68421600791543
BE,I,2024,7.949915281587865
BE,J,2021,32.54074492314134
BE,J,2022,31.242548959699985
BE,J,2023,31.66260987555868
BE,J,2024,31.79354792552272
BE,K,2021,59.31811493673015
BE,K,2022,57.944050890328654
BE,K,2023,58.48039175206653
BE,K,2024,59.068790910213664
BE,L,2021,0.0
BE,L,2022,0.0
BE,L,2023,0.0
BE,L,2024,1.4282511506455484
BE,M,2021,12.577525359931723
BE,M,2022,12.046709162887332
BE,M,2023,12.052476903343129
BE,M,2024,12.018799828614538
BE,N,2021,64.58300886499417
BE,N,2022,63.97602313005819
BE,N,2023,64.2988636826457
BE,N,2024,65.15961060880285
BE,P,2021,7.404306776429004
BE,P,2022,7.259667509938561
BE,P,2023,7.690118127045875
BE,P,2024,0.0
BE,Q,2021,63.824902796123006
BE,Q,2022,64.29462823850858
BE,Q,2023,63.96805025499004
BE,Q,2024,65.84252619263427
BE,R,2021,9.957218187245049
BE,R,2022,10.054462435589459
BE,R,2023,12.999579301640724
BE,R,2024,13.132453843916295
BG,B,2021,74.56090941676482
BG,B,2022,74.72872340425532
BG,B,2023,77.02465257441031
BG,B,2024,72.53225806451613
BG,C,2021,35.58674280987529
BG,C,2022,35.884850703132344
BG,C,2023,36.39596929604379
BG,C,2024,35.809389008816986
BG,D,2021,78.32538256613593
BG,D,2022,73.99963567915478
BG,D,2023,72.30990817979955
BG,D,2024,70.48890751773898
BG,E,2021,62.76863504356244
BG,E,2022,63.18159727847076
BG,E,2023,66.90906729863974
BG,E,2024,61.693077022989996
BG,F,2021,9.403726385042452
BG,F,2022,7.976505755565462
BG,F,2023,8.205641732952936
BG,F,2024,7.807999808788556
BG,G,2021,13.92833850471353
BG,G,2022,14.45017646528863
BG,G,2023,14.920845817861611
BG,G,2024,14.609478756425123
BG,H,2021,29.529743108304174
BG,H,2022,29.145272937231287
BG,H,2023,28.25093450349423
BG,H,2024,27.463450626514046
BG,I,2021,6.723113964686998
BG,I,2022,7.572980563151282
BG,I,2023,9.293174742335651
BG,I,2024,6.348218856724406
BG,J,2021,41.473450665995294
BG,J,2022,42.12405046760163
BG,J,2023,41.55994860955696
BG,J,2024,41.80763554875382
BG,K,2021,62.41274635191149
BG,K,2022,62.53453250659955
BG,K,2023,62.21263715474839
BG,K,2024,61.93535049247626
BG,L,2021,0.0
BG,L,2022,0.0
BG,L,2023,0.0
BG,L,2024,0.0
BG,M,2021,9.907123388330186
BG,M,2022,11.045882391525367
BG,M,2023,11.091134284230293
BG,M,2024,11.57801734493796
BG,N,2021,45.48699910097845
BG,N,2022,45.03440127875461
BG,N,2023,43.345295677952876
BG,N,2024,40.33576093274524
BG,P,2021,0.0
BG,P,2022,0.0
BG,P,2023,0.0
BG,P,2024,0.0
BG,Q,2021,18.679681559304147
BG,Q,2022,19.84540688669129
BG,Q,2023,21.168384879725085
BG,Q,2024,20.34750300513605
BG,R,2021,18.848410654734266
BG,R,2022,18.153188180404353
BG,R,2023,19.87360542296286
BG,R,2024,20.60368326574031
CH,B,2021,0.0
CH,B,2022,12.707423580786026
CH,B,2023,13.481416318451728
CH,B,2024,12.713004484304932
CH,C,2021,0.0
CH,C,2022,42.429441395383805
CH,C,2023,43.17411139209966
CH,C,2024,43.44317213694713
CH,D,2021,0.0
CH,D,2022,67.14888298703328
CH,D,2023,66.14294796112978
CH,D,2024,66.21465666474322
CH,E,2021,0.0
CH,E,2022,13.279560465252208
CH,E,2023,13.48237709592791
CH,E,2024,13.258086253369273
CH,F,2021,0.0
CH,F,2022,14.125765115969777
CH,F,2023,14.25924278355734
CH,F,2024,13.906833582734162
CH,G,2021,0.0
CH,G,2022,39.91042379684793
CH,G,2023,39.46737376451172
CH,G,2024,39.00192585620496
CH,H,2021,0.0
CH,H,2022,63.197422191640584
CH,H,2023,63.619037513467624
CH,H,2024,63.99708155860546
CH,I,2021,0.0
CH,I,2022,13.373419902935233
CH,I,2023,14.395349441188438
CH,I,2024,15.29052237981664
CH,J,2021,0.0
CH,J,2022,36.02148924037336
CH,J,2023,36.80574885676144
CH,J,2024,36.293436293436294
CH,K,2021,
CH,K,2022,
CH,K,2023,
CH,K,2024,
CH,L,2021,0.0
CH,L,2022,12.536283185840707
CH,L,2023,10.668526104767716
CH,L,2024,11.007361555543898
CH,M,2021,0.0
CH,M,2022,17.5262067569041
CH,M,2023,18.52526941264874
CH,M,2024,18.763983507957853
CH,N,2021,0.0
CH,N,2022,51.586936377561635
CH,N,2023,51.64956299566922
CH,N,2024,50.386042463185596
CH,P,2021,0.0
CH,P,2022,26.223224117512622
CH,P,2023,25.790064864755468
CH,P,2024,25.756032940199503
CH,Q,2021,0.0
CH,Q,2022,24.95353406616749
CH,Q,2023,28.189941216556168
CH,Q,2024,29.837738168408112
CH,R,2021,0.0
CH,R,2022,19.537636989040877
CH,R,2023,21.176385472435246
CH,R,2024,22.075064074178442
CY,B,2021,0.0
CY,B,2022,0.0
CY,B,2023,0.0
CY,B,2024,0.0
CY,C,2021,18.682891911238368
CY,C,2022,19.58677243005681
CY,C,2023,19.474452554744527
CY,C,2024,20.394911211237744
CY,D,2021,0.0
CY,D,2022,0.0
CY,D,2023,0.0
CY,D,2024,0.0
CY,E,2021,0.0
CY,E,2022,0.0
CY,E,2023,0.0
CY,E,2024,0.0
CY,F,2021,4.030851411751881
CY,F,2022,3.028769312733085
CY,F,2023,0.0
CY,F,2024,2.435961828227022
CY,G,2021,15.557309241319256
CY,G,2022,15.9768462968579
CY,G,2023,16.23872042136246
CY,G,2024,16.730863056261715
CY,H,2021,21.112199368810533
CY,H,2022,25.176224042674793
CY,H,2023,26.3404292906987
CY,H,2024,23.207415180132916
CY,I,2021,25.863460639789288
CY,I,2022,27.13976877526083
CY,I,2023,26.80576445486026
CY,I,2024,25.640937343962534
CY,J,2021,31.718863801893665
CY,J,2022,29.464370209141666
CY,J,2023,30.954640349212376
CY,J,2024,25.67139757407605
CY,K,2021,37.42559523809524
CY,K,2022,35.02902014339365
CY,K,2023,32.62298698433708
CY,K,2024,34.344000690071596
CY,L,2021,0.0
CY,L,2022,0.0
CY,L,2023,0.0
CY,L,2024,0.0
CY,M,2021,9.135523903539697
CY,M,2022,10.227982510930667
CY,M,2023,9.762994560138033
CY,M,2024,9.31180579411428
CY,N,2021,22.69831730769231
CY,N,2022,23.34494773519164
CY,N,2023,24.394869491440836
CY,N,2024,23.49291203283853
CY,P,2021,18.326693227091635
CY,P,2022,19.797199420569772
CY,P,2023,19.17954182205647
CY,P,2024,17.30093676814988
CY,Q,2021,9.72065356524358
CY,Q,2022,0.0
CY,Q,2023,12.348604528699315
CY,Q,2024,15.129495062418483
CY,R,2021,0.0
CY,R,2022,0.0
CY,R,2023,0.0
CY,R,2024,0.0
CZ,B,2021,77.2997409458018
CZ,B,2022,77.43416539131353
CZ,B,2023,0.0
CZ,B,2024,76.559650770846
CZ,C,2021,45.61552439015835
CZ,C,2022,46.132505233905455
CZ,C,2023,45.70580598748595
CZ,C,2024,45.09976253120583
CZ,D,2021,58.855765015344154
CZ,D,2022,56.35710471382106
CZ,D,2023,55.548428479794744
CZ,D,2024,56.44461219097943
CZ,E,2021,37.38778132752682
CZ,E,2022,37.67547629279473
CZ,E,2023,37.71318718143177
CZ,E,2024,38.999143346659054
CZ,F,2021,8.854741042247309
CZ,F,2022,8.226238696019287
CZ,F,2023,8.242933905207103
CZ,F,2024,8.191097111322735
CZ,G,2021,27.898508322000133
CZ,G,2022,28.515479023990377
CZ,G,2023,28.773819029327345
CZ,G,2024,28.78746219411603
CZ,H,2021,44.09269918206604
CZ,H,2022,43.15889537497469
CZ,H,2023,42.408653256887604
CZ,H,2024,42.05344441841595
CZ,I,2021,8.362269211427478
CZ,I,2022,9.691461946246928
CZ,I,2023,10.262098339563206
CZ,I,2024,10.766573901948059
CZ,J,2021,35.75839268474836
CZ,J,2022,36.03325401992245
CZ,J,2023,35.71901295263307
CZ,J,2024,35.49273347088903
CZ,K,2021,60.1395513160219
CZ,K,2022,57.910521830127415
CZ,K,2023,57.648985629754854
CZ,K,2024,57.641419993679555
CZ,L,2021,3.262640543997845
CZ,L,2022,2.7416736917598805
CZ,L,2023,2.3278588876256516
CZ,L,2024,2.878787878787879
CZ,M,2021,9.254518246414968
CZ,M,2022,9.854816855534564
CZ,M,2023,9.862365821632906
CZ,M,2024,10.098441319222031
CZ,N,2021,36.16256662885204
CZ,N,2022,35.07874150761505
CZ,N,2023,35.442457588262265
CZ,N,2024,35.8415908426035
CZ,P,2021,0.0
CZ,P,2022,0.0
CZ,P,2023,0.0
CZ,P,2024,0.0
CZ,Q,2021,20.16677005640752
CZ,Q,2022,21.009215378384717
CZ,Q,2023,21.459478505990134
CZ,Q,2024,20.70035666311548
CZ,R,2021,13.08781706931717
CZ,R,2022,13.955497947720891
CZ,R,2023,15.13763854920123
CZ,R,2024,15.098024487343197
DE,B,2021,32.98906917612519
DE,B,2022,30.995968880786712
DE,B,2023,36.12416657558203
DE,B,2024,36.206035726173305
DE,C,2021,61.0895520330979
DE,C,2022,61.66174061791653
DE,C,2023,63.2214233073361
DE,C,2024,63.65368128179869
DE,D,2021,57.80116607965881
DE,D,2022,57.28507390475814
DE,D,2023,56.45523759269554
DE,D,2024,58.486511527638584
DE,E,2021,52.619530381319905
DE,E,2022,52.343613135134085
DE,E,2023,51.19493784475705
DE,E,2024,52.20859153246769
DE,F,2021,11.47267546674
DE,F,2022,12.009992050960179
DE,F,2023,13.406784126423718
DE,F,2024,13.793523691558661
DE,G,2021,40.66896322650033
DE,G,2022,40.470861577165024
DE,G,2023,42.154722990368725
DE,G,2024,42.35418279577417
DE,H,2021,52.780800086484525
DE,H,2022,52.99101625110823
DE,H,2023,48.990269842140336
DE,H,2024,48.69400210172872
DE,I,2021,11.21851816791307
DE,I,2022,12.728268297675205
DE,I,2023,16.04770573682491
DE,I,2024,16.12814890998053
DE,J,2021,47.99689655016219
DE,J,2022,47.10264758171799
DE,J,2023,47.48461983132539
DE,J,2024,46.80774293901464
DE,K,2021,67.89429713138108
DE,K,2022,67.68467982020898
DE,K,2023,68.64586206740618
DE,K,2024,67.81180713553186
DE,L,2021,11.608019212697087
DE,L,2022,13.319363327029793
DE,L,2023,14.140470099758184
DE,L,2024,12.717902012787052
DE,M,2021,24.110493777909035
DE,M,2022,24.090740874393635
DE,M,2023,26.432563438288327
DE,M,2024,26.779132459438244
DE,N,2021,48.79524459481798
DE,N,2022,47.587701027505005
DE,N,2023,47.11861696636089
DE,N,2024,45.53288605576477
DE,P,2021,36.00329396328469
DE,P,2022,32.31150234381341
DE,P,2023,33.75227328263093
DE,P,2024,33.761429682571766
DE,Q,2021,53.570461713688836
DE,Q,2022,54.56224101591043
DE,Q,2023,56.36852452934844
DE,Q,2024,56.49671430240011
DE,R,2021,18.39243878910377
DE,R,2022,18.600219475493
DE,R,2023,20.871023756188674
DE,R,2024,21.445392157481706
DK,B,2021,0.0
DK,B,2022,50.47029702970297
DK,B,2023,49.1263105341987
DK,B,2024,47.476776299271904
DK,C,2021,48.13914647522186
DK,C,2022,49.42320275595844
DK,C,2023,50.38080506323135
DK,C,2024,51.34722105865258
DK,D,2021,53.98409480742242
DK,D,2022,53.59370938393554
DK,D,2023,55.67786139503538
DK,D,2024,56.14431824022203
DK,E,2021,0.0
DK,E,2022,40.699183268452785
DK,E,2023,44.91974672360477
DK,E,2024,46.306281072754004
DK,F,2021,14.473185861543028
DK,F,2022,16.0510706845719
DK,F,2023,17.051640650846643
DK,F,2024,17.654417591618863
DK,G,2021,37.966656157226865
DK,G,2022,38.72484660384486
DK,G,2023,39.10710444091584
DK,G,2024,39.20967970129239
DK,H,2021,50.00946564671401
DK,H,2022,49.96621438996702
DK,H,2023,53.001144816029985
DK,H,2024,54.422231260008644
DK,I,2021,14.135072295853263
DK,I,2022,16.27191753598353
DK,I,2023,16.90165149810819
DK,I,2024,16.425983697292946
DK,J,2021,33.311782515453515
DK,J,2022,32.11959383226777
DK,J,2023,32.10027171268816
DK,J,2024,31.175456739055495
DK,K,2021,67.7021485626415
DK,K,2022,66.19063258149612
DK,K,2023,65.94812585723352
DK,K,2024,66.20159627671518
DK,L,2021,13.211468518256106
DK,L,2022,15.092203421375064
DK,L,2023,14.133293877819424
DK,L,2024,14.166963543522145
DK,M,2021,29.78861316152681
DK,M,2022,32.782489854256
DK,M,2023,34.687099230522605
DK,M,2024,35.909356725146196
DK,N,2021,42.928110404975165
DK,N,2022,41.36473465801488
DK,N,2023,39.67025915063843
DK,N,2024,39.331769517623
DK,P,2021,0.0
DK,P,2022,0.0
DK,P,2023,0.0
DK,P,2024,0.0
DK,Q,2021,20.859113927605282
DK,Q,2022,19.273720061725577
DK,Q,2023,18.39223494275759
DK,Q,2024,19.74719873513439
DK,R,2021,24.00259098433414
DK,R,2022,24.70046830336327
DK,R,2023,26.675213348130573
DK,R,2024,26.75946257769176
EE,B,2021,23.003194888178914
EE,B,2022,22.780797101449277
EE,B,2023,22.654867256637168
EE,B,2024,23.620611035111718
EE,C,2021,21.77333369172737
EE,C,2022,22.857168104057685
EE,C,2023,22.41879243897963
EE,C,2024,22.36472677960922
EE,D,2021,53.95825128003151
EE,D,2022,56.967441860465115
EE,D,2023,57.89007092198582
EE,D,2024,63.00513149454778
EE,E,2021,29.716494845360824
EE,E,2022,28.093645484949832
EE,E,2023,28.337874659400548
EE,E,2024,29.73352033660589
EE,F,2021,5.636067910597782
EE,F,2022,5.451874891999308
EE,F,2023,5.66270148518336
EE,F,2024,4.37586621084727
EE,G,2021,25.89390163267382
EE,G,2022,25.9776371058392
EE,G,2023,26.525693319541755
EE,G,2024,26.17213229276861
EE,H,2021,20.59449058132469
EE,H,2022,21.522727272727273
EE,H,2023,18.612401270041197
EE,H,2024,20.490038429042546
EE,I,2021,0.0
EE,I,2022,9.871566884015017
EE,I,2023,10.253640731498379
EE,I,2024,11.473263004728992
EE,J,2021,23.359655419956926
EE,J,2022,23.584710208732584
EE,J,2023,23.708920187793428
EE,J,2024,23.334681087637723
EE,K,2021,42.309742769558845
EE,K,2022,44.22980115781525
EE,K,2023,46.934302359116344
EE,K,2024,47.923471768548765
EE,L,2021,0.0
EE,L,2022,0.0
EE,L,2023,0.0
EE,L,2024,0.0
EE,M,2021,0.0
EE,M,2022,0.0
EE,M,2023,0.0
EE,M,2024,0.0
EE,N,2021,31.22631370552633
EE,N,2022,28.07117070654977
EE,N,2023,28.260642465395662
EE,N,2024,28.251144956864415
EE,P,2021,0.0
EE,P,2022,0.0
EE,P,2023,0.0
EE,P,2024,0.0
EE,Q,2021,13.31633375832271
EE,Q,2022,12.636250897461002
EE,Q,2023,10.27579795475674
EE,Q,2024,17.406260749914
EE,R,2021,0.0
EE,R,2022,0.0
EE,R,2023,0.0
EE,R,2024,0.0
EL,B,2021,37.664748468535365
EL,B,2022,0.0
EL,B,2023,43.02960145526708
EL,B,2024,45.911949685534594
EL,C,2021,23.77185108968114
EL,C,2022,24.042554888733484
EL,C,2023,25.78627526715592
EL,C,2024,24.83161620805479
EL,D,2021,51.58919413321138
EL,D,2022,53.27072005272697
EL,D,2023,52.417713750444136
EL,D,2024,45.285262835978116
EL,E,2021,21.687609870434272
EL,E,2022,24.605504587155963
EL,E,2023,20.5658324265506
EL,E,2024,20.191792244922272
EL,F,2021,5.202243169072903
EL,F,2022,4.470880411417057
EL,F,2023,5.150421954519101
EL,F,2024,4.44324217981507
EL,G,2021,18.73925501432665
EL,G,2022,18.349982273570937
EL,G,2023,19.12092523143899
EL,G,2024,17.66029935571584
EL,H,2021,18.593004147429376
EL,H,2022,19.759602463445734
EL,H,2023,19.781148809238967
EL,H,2024,19.18613487608168
EL,I,2021,5.4820928816404315
EL,I,2022,7.458009009789729
EL,I,2023,7.754314650866374
EL,I,2024,6.770882279497252
EL,J,2021,35.22096471336665
EL,J,2022,32.42874483641188
EL,J,2023,31.839054936270372
EL,J,2024,30.85574365685819
EL,K,2021,57.54270537002333
EL,K,2022,55.66534730739213
EL,K,2023,54.40970799723112
EL,K,2024,55.29722788730267
EL,L,2021,0.0
EL,L,2022,0.0
EL,L,2023,0.0
EL,L,2024,2.5763239093896595
EL,M,2021,7.392486313007362
EL,M,2022,7.474179219566232
EL,M,2023,8.766467558652282
EL,M,2024,9.235397246625343
EL,N,2021,37.78734764789139
EL,N,2022,37.92417408553144
EL,N,2023,38.13337379732039
EL,N,2024,37.76804622899528
EL,P,2021,12.094349403836183
EL,P,2022,16.006228988858666
EL,P,2023,13.389628188690924
EL,P,2024,13.134178616526265
EL,Q,2021,12.510144721486668
EL,Q,2022,11.457284677649305
EL,Q,2023,11.797249919188403
EL,Q,2024,10.708898944193061
EL,R,2021,0.0
EL,R,2022,0.0
EL,R,2023,0.0
EL,R,2024,7.474999299700272
ES,B,2021,19.724845771687505
ES,B,2022,22.128806251684182
ES,B,2023,20.076834017471846
ES,B,2024,20.947836103340464
ES,C,2021,36.572020594244925
ES,C,2022,37.9482148752535
ES,C,2023,39.424220129076296
ES,C,2024,38.80960127644478
ES,D,2021,54.26599453500424
ES,D,2022,51.395027007722874
ES,D,2023,53.47490347490348
ES,D,2024,48.367359945614076
ES,E,2021,68.7885707401749
ES,E,2022,69.55278864863683
ES,E,2023,67.64246510553582
ES,E,2024,67.85708325684628
ES,F,2021,10.917307237238843
ES,F,2022,9.409380428488708
ES,F,2023,9.473231671850897
ES,F,2024,9.870762410636491
ES,G,2021,30.588828753496433
ES,G,2022,31.55917243277721
ES,G,2023,33.12926578359837
ES,G,2024,32.14370865684038
ES,H,2021,35.8254407532774
ES,H,2022,37.51864454181039
ES,H,2023,38.71388528542038
ES,H,2024,37.83339800435609
ES,I,2021,18.527360758784756
ES,I,2022,20.238662124849604
ES,I,2023,21.56932227220413
ES,I,2024,21.67102312021783
ES,J,2021,49.85604649456663
ES,J,2022,53.383032064410074
ES,J,2023,54.16340417169475
ES,J,2024,54.09254953217586
ES,K,2021,76.22326242557301
ES,K,2022,76.61852091868677
ES,K,2023,77.08483598201425
ES,K,2024,78.75503745360989
ES,L,2021,3.641211169099931
ES,L,2022,3.9234470916822035
ES,L,2023,3.940564568560154
ES,L,2024,3.63120445267051
ES,M,2021,20.828927618103975
ES,M,2022,21.728909642474832
ES,M,2023,22.157128070353828
ES,M,2024,21.732894273380353
ES,N,2021,62.028686909993795
ES,N,2022,61.83285554264081
ES,N,2023,62.05200934562174
ES,N,2024,59.35604245713921
ES,P,2021,17.68363754812428
ES,P,2022,19.166161769160862
ES,P,2023,20.178200436702706
ES,P,2024,24.00736903753319
ES,Q,2021,40.53039925358075
ES,Q,2022,41.690575179157605
ES,Q,2023,43.05042037659065
ES,Q,2024,47.539851910245225
ES,R,2021,20.972754887817693
ES,R,2022,23.154400507202443
ES,R,2023,24.556868637096752
ES,R,2024,25.418303624576556
FI,B,2021,44.525086778163455
FI,B,2022,42.372120849536344
FI,B,2023,38.775510204081634
FI,B,2024,39.90237949969494
FI,C,2021,48.33227972885854
FI,C,2022,48.28941200820595
FI,C,2023,48.81263372265693
FI,C,2024,49.06552364378374
FI,D,2021,41.462196861626246
FI,D,2022,41.80580889574856
FI,D,2023,40.77005634558626
FI,D,2024,39.80054397098821
FI,E,2021,31.896057053856875
FI,E,2022,32.69121813031162
FI,E,2023,32.60801502817783
FI,E,2024,32.758216878757125
FI,F,2021,18.405160887779658
FI,F,2022,17.284449545486385
FI,F,2023,16.9250846892875
FI,F,2024,16.81984211146459
FI,G,2021,40.0503954902308
FI,G,2022,40.463951124468416
FI,G,2023,40.84473775126735
FI,G,2024,40.99100381483801
FI,H,2021,35.19026523309231
FI,H,2022,35.04318716543764
FI,H,2023,36.78510920829709
FI,H,2024,37.30547661110684
FI,I,2021,17.349438427288273
FI,I,2022,18.308989125538897
FI,I,2023,17.468892261001518
FI,I,2024,16.765726207515584
FI,J,2021,36.42147447735835
FI,J,2022,38.43537710066718
FI,J,2023,39.035659180524604
FI,J,2024,39.061156444678424
FI,K,2021,52.83408923109376
FI,K,2022,51.4882748079321
FI,K,2023,53.125
FI,K,2024,55.441131846457296
FI,L,2021,13.500356209926384
FI,L,2022,11.493875765529308
FI,L,2023,12.641502566155863
FI,L,2024,11.522587841606246
FI,M,2021,20.11048565782382
FI,M,2022,21.56348594264881
FI,M,2023,24.428925182938706
FI,M,2024,24.398957572633417
FI,N,2021,44.62709475690264
FI,N,2022,44.72306179297988
FI,N,2023,40.205803845282375
FI,N,2024,40.16739844709727
FI,P,2021,0.0
FI,P,2022,11.207327227310575
FI,P,2023,0.0
FI,P,2024,6.901217861975644
FI,Q,2021,48.31914690130069
FI,Q,2022,48.22077737882849
FI,Q,2023,49.31672733161078
FI,Q,2024,50.3987906314983
FI,R,2021,14.839457417582416
FI,R,2022,12.643721491310739
FI,R,2023,13.55495004541326
FI,R,2024,13.74411099157918
FR,B,2021,0.0
FR,B,2022,0.0
FR,B,2023,0.0
FR,B,2024,39.302158273381295
FR,C,2021,59.49524248283037
FR,C,2022,60.03557999082227
FR,C,2023,60.76639985279234
FR,C,2024,60.83176150561115
FR,D,2021,95.18432546889812
FR,D,2022,94.6735026881838
FR,D,2023,94.30949740438514
FR,D,2024,90.04067924885294
FR,E,2021,0.0
FR,E,2022,0.0
FR,E,2023,0.0
FR,E,2024,78.66237377433045
FR,F,2021,0.0
FR,F,2022,24.33755667670893
FR,F,2023,24.809635568987993
FR,F,2024,25.609046005585768
FR,G,2021,40.878450779377545
FR,G,2022,40.49631800671638
FR,G,2023,40.86394592062524
FR,G,2024,40.73367417327526
FR,H,2021,65.30014188998015
FR,H,2022,66.03095129722348
FR,H,2023,66.23164521853398
FR,H,2024,66.47448069586287
FR,I,2021,21.726339166218565
FR,I,2022,22.534282260299914
FR,I,2023,22.908889545918957
FR,I,2024,20.626856567794945
FR,J,2021,58.78005176778681
FR,J,2022,57.3320931518368
FR,J,2023,58.05543417994352
FR,J,2024,56.674396111881165
FR,K,2021,80.89182040177447
FR,K,2022,0.0
FR,K,2023,0.0
FR,K,2024,81.43696520995384
FR,L,2021,43.078721632008886
FR,L,2022,0.0
FR,L,2023,0.0
FR,L,2024,40.362689779535806
FR,M,2021,24.105770283110832
FR,M,2022,24.2565617126362
FR,M,2023,25.21409796400575
FR,M,2024,25.458400118933543
FR,N,2021,64.9425712041291
FR,N,2022,64.1506739274311
FR,N,2023,63.334816568976926
FR,N,2024,62.533545351572705
FR,P,2021,18.60165529122804
FR,P,2022,19.715125713129122
FR,P,2023,0.0
FR,P,2024,20.2122365250745
FR,Q,2021,33.37061164078756
FR,Q,2022,34.56196533832653
FR,Q,2023,0.0
FR,Q,2024,34.34525738760058
FR,R,2021,26.941997664477334
FR,R,2022,0.0
FR,R,2023,28.19883972810796
FR,R,2024,27.485709625521753
HR,B,2021,0.0
HR,B,2022,0.0
HR,B,2023,0.0
HR,B,2024,0.0
HR,C,2021,39.25078666292417
HR,C,2022,38.83036634344744
HR,C,2023,37.89525852557401
HR,C,2024,37.32893806040627
HR,D,2021,81.76310415248467
HR,D,2022,80.87778528021607
HR,D,2023,79.30031082600357
HR,D,2024,78.52481708522839
HR,E,2021,40.03547814868569
HR,E,2022,38.583414004517586
HR,E,2023,36.12758922493436
HR,E,2024,36.69377718933233
HR,F,2021,8.657853995474573
HR,F,2022,7.807529351345954
HR,F,2023,7.151240277694894
HR,F,2024,6.204540240219758
HR,G,2021,38.34217391841933
HR,G,2022,39.49726625353117
HR,G,2023,40.336492928091175
HR,G,2024,40.827209468686995
HR,H,2021,32.24368899360485
HR,H,2022,31.887608820309648
HR,H,2023,29.477551929334044
HR,H,2024,27.899165564619004
HR,I,2021,17.209384898573205
HR,I,2022,18.90551562068012
HR,I,2023,19.340287566957993
HR,I,2024,19.58734141921093
HR,J,2021,31.124098697975207
HR,J,2022,31.82605379812199
HR,J,2023,31.517527058928334
HR,J,2024,28.96101600023573
HR,K,2021,78.3844447344382
HR,K,2022,78.32342821395058
HR,K,2023,78.49623270588853
HR,K,2024,78.56721540028956
HR,L,2021,0.0
HR,L,2022,0.0
HR,L,2023,0.0
HR,L,2024,0.0
HR,M,2021,4.591557170813531
HR,M,2022,5.161491887699037
HR,M,2023,5.3508736120182885
HR,M,2024,5.837428216209816
HR,N,2021,34.37074629875477
HR,N,2022,35.203929038046816
HR,N,2023,33.97092690654658
HR,N,2024,31.237802028642896
HR,P,2021,0.0
HR,P,2022,0.0
HR,P,2023,0.0
HR,P,2024,0.0
HR,Q,2021,1.755264004575841
HR,Q,2022,1.6762904636920386
HR,Q,2023,3.7442125746493993
HR,Q,2024,5.479000461528318
HR,R,2021,36.614978554932364
HR,R,2022,35.132776461787806
HR,R,2023,33.59324992726215
HR,R,2024,34.329980973090514
HU,B,2021,0.0
HU,B,2022,0.0
HU,B,2023,0.0
HU,B,2024,0.0
HU,C,2021,50.26130416063657
HU,C,2022,51.28545174083256
HU,C,2023,51.60523033966897
HU,C,2024,51.56185810933786
HU,D,2021,84.82573256595285
HU,D,2022,86.12030114361633
HU,D,2023,84.76141212983318
HU,D,2024,86.66649853727428
HU,E,2021,59.28281490807268
HU,E,2022,56.71195080318937
HU,E,2023,59.03044227455485
HU,E,2024,64.45536086317682
HU,F,2021,5.996403721366586
HU,F,2022,5.104571467889634
HU,F,2023,6.589069806886191
HU,F,2024,5.699838174941405
HU,G,2021,21.107868983791413
HU,G,2022,21.881843446494685
HU,G,2023,21.641504300002474
HU,G,2024,21.960064264402114
HU,H,2021,32.818224542289286
HU,H,2022,31.88382913843892
HU,H,2023,33.13339779617655
HU,H,2024,33.430877800670864
HU,I,2021,8.656335281283543
HU,I,2022,8.912307594047391
HU,I,2023,11.18252389965738
HU,I,2024,11.845843670654403
HU,J,2021,30.827871232385885
HU,J,2022,29.179313217877763
HU,J,2023,30.171563424775556
HU,J,2024,31.92355719637331
HU,K,2021,54.75738923085455
HU,K,2022,55.318563822765874
HU,K,2023,58.712168673326424
HU,K,2024,57.19818301543545
HU,L,2021,3.903656690655124
HU,L,2022,3.875400213447172
HU,L,2023,6.137781076260042
HU,L,2024,4.685831886294939
HU,M,2021,9.971205423781045
HU,M,2022,10.835619361602767
HU,M,2023,12.922745653774188
HU,M,2024,13.28199477135166
HU,N,2021,32.56785220924941
HU,N,2022,33.00109803317216
HU,N,2023,36.99822893432236
HU,N,2024,37.95295566593286
HU,P,2021,0.0
HU,P,2022,0.0
HU,P,2023,0.0
HU,P,2024,0.0
HU,Q,2021,3.945214182733426
HU,Q,2022,4.5403702055494755
HU,Q,2023,5.483057487023798
HU,Q,2024,6.185628958405942
HU,R,2021,0.0
HU,R,2022,6.375914118677558
HU,R,2023,0.0
HU,R,2024,7.052758351116652
IE,B,2021,0.0
IE,B,2022,0.0
IE,B,2023,0.0
IE,B,2024,0.0
IE,C,2021,50.36915471104939
IE,C,2022,50.71190674437969
IE,C,2023,52.17811024893737
IE,C,2024,51.22117392656664
IE,D,2021,90.56100499053518
IE,D,2022,0.0
IE,D,2023,0.0
IE,D,2024,85.54301383840316
IE,E,2021,27.663261583363735
IE,E,2022,24.17926964219845
IE,E,2023,25.062321937321936
IE,E,2024,35.69745523091423
IE,F,2021,8.854417234784037
IE,F,2022,8.39840693759496
IE,F,2023,8.784379450316306
IE,F,2024,9.083669006790194
IE,G,2021,30.269437627277952
IE,G,2022,29.764141249289764
IE,G,2023,30.26244624200331
IE,G,2024,30.79085175869965
IE,H,2021,0.0
IE,H,2022,32.94285027992831
IE,H,2023,35.01629666072198
IE,H,2024,38.15401083395504
IE,I,2021,12.41287314329664
IE,I,2022,16.753018736390942
IE,I,2023,17.519490772722786
IE,I,2024,18.36067435785101
IE,J,2021,44.32380101280906
IE,J,2022,44.06925998124827
IE,J,2023,44.656389511713165
IE,J,2024,45.264666115068714
IE,K,2021,60.233450732058635
IE,K,2022,55.580041417575124
IE,K,2023,56.48847014731143
IE,K,2024,54.82271771908983
IE,L,2021,0.0
IE,L,2022,12.367778681855167
IE,L,2023,13.874606707083109
IE,L,2024,20.6102323118671
IE,M,2021,23.782280449147855
IE,M,2022,25.9324891693216
IE,M,2023,27.462200660234547
IE,M,2024,27.369712607642445
IE,N,2021,51.91116736517859
IE,N,2022,50.754076161146244
IE,N,2023,51.55742252516446
IE,N,2024,50.416699612556336
IE,P,2021,45.68459105286941
IE,P,2022,42.629725778056276
IE,P,2023,44.058086275202875
IE,P,2024,45.57506472926895
IE,Q,2021,23.713109128345916
IE,Q,2022,24.034369228298402
IE,Q,2023,26.400698006698992
IE,Q,2024,32.65213252293626
IE,R,2021,18.101192207036927
IE,R,2022,16.146331227121173
IE,R,2023,18.76438986953185
IE,R,2024,19.958397197284867
IS,B,2021,0.0
IS,B,2022,0.0
IS,B,2023,0.0
IS,B,2024,0.0
IS,C,2021,30.45327722636418
IS,C,2022,31.33145473758366
IS,C,2023,32.61234865784825
IS,C,2024,32.87397388456467
IS,D,2021,20.565410199556542
IS,D,2022,21.012101210121013
IS,D,2023,34.20639078051336
IS,D,2024,34.80691056910569
IS,E,2021,0.0
IS,E,2022,32.18116805721097
IS,E,2023,35.533553355335535
IS,E,2024,50.04074979625101
IS,F,2021,1.7908578584846586
IS,F,2022,3.7394314248425355
IS,F,2023,3.527567285079697
IS,F,2024,3.663684792441452
IS,G,2021,29.286411045246492
IS,G,2022,30.775899436497618
IS,G,2023,32.400630362458415
IS,G,2024,31.35279458882164
IS,H,2021,44.00115919629057
IS,H,2022,49.82130092923517
IS,H,2023,52.89566914901309
IS,H,2024,58.859131487365715
IS,I,2021,10.817658349328214
IS,I,2022,14.633859886076692
IS,I,2023,16.0975340652066
IS,I,2024,16.84849102773246
IS,J,2021,20.532150776053214
IS,J,2022,19.4150591163659
IS,J,2023,18.836707429863324
IS,J,2024,19.756871035940804
IS,K,2021,
IS,K,2022,
IS,K,2023,
IS,K,2024,
IS,L,2021,0.0
IS,L,2022,0.0
IS,L,2023,0.0
IS,L,2024,0.0
IS,M,2021,7.91268758526603
IS,M,2022,8.353743876836948
IS,M,2023,10.788734791117163
IS,M,2024,14.747099767981439
IS,N,2021,22.452322452322452
IS,N,2022,22.11811470755253
IS,N,2023,22.860738255033556
IS,N,2024,26.52230543796809
IS,P,2021,17.159763313609467
IS,P,2022,18.715151515151515
IS,P,2023,18.8715030820294
IS,P,2024,33.89830508474576
IS,Q,2021,7.8874065386306995
IS,Q,2022,13.35195530726257
IS,Q,2023,17.84075573549258
IS,Q,2024,18.17686580715453
IS,R,2021,0.0
IS,R,2022,0.0
IS,R,2023,0.0
IS,R,2024,11.603471904979443
IT,B,2021,13.934668320633234
IT,B,2022,11.386949924127466
IT,B,2023,7.104884608168116
IT,B,2024,6.996396172486641
IT,C,2021,28.105937185307035
IT,C,2022,28.258105695916885
IT,C,2023,28.979820112702694
IT,C,2024,29.576716757256033
IT,D,2021,69.35082343929528
IT,D,2022,69.79168817226501
IT,D,2023,69.22746781115879
IT,D,2024,68.82372263863589
IT,E,2021,48.39351510685335
IT,E,2022,48.64673457051866
IT,E,2023,49.16524597883575
IT,E,2024,49.45895013302408
IT,F,2021,5.019471436631009
IT,F,2022,4.811618526323819
IT,F,2023,5.109096066437815
IT,F,2024,5.654513915869986
IT,G,2021,18.61057378256973
IT,G,2022,19.069668281373012
IT,G,2023,20.043828503401006
IT,G,2024,20.518190296527237
IT,H,2021,43.33964954606942
IT,H,2022,43.44010215276154
IT,H,2023,44.05736090884563
IT,H,2024,45.137944349312946
IT,I,2021,9.863889657736703
IT,I,2022,9.83293525479698
IT,I,2023,10.71150062730255
IT,I,2024,10.919165768791439
IT,J,2021,38.83033383662088
IT,J,2022,38.759007031921264
IT,J,2023,39.61601572361066
IT,J,2024,39.575758201040266
IT,K,2021,59.22228277459721
IT,K,2022,58.65327138868501
IT,K,2023,58.76550725127806
IT,K,2024,58.43077781912914
IT,L,2021,2.1271453615461753
IT,L,2022,1.7968347014555728
IT,L,2023,0.9480979367566559
IT,L,2024,1.3196906964612347
IT,M,2021,9.160340627507454
IT,M,2022,9.59652702314613
IT,M,2023,9.824935447052704
IT,M,2024,10.396384426590238
IT,N,2021,55.653672872954004
IT,N,2022,56.4473904666164
IT,N,2023,56.311375352151
IT,N,2024,55.538327004977006
IT,P,2021,4.123352688296736
IT,P,2022,3.6559123432664453
IT,P,2023,4.318887529265308
IT,P,2024,5.127875159166644
IT,Q,2021,26.1086214734991
IT,Q,2022,26.77516255960842
IT,Q,2023,27.486678466691284
IT,Q,2024,28.090119510084683
IT,R,2021,11.563399960080979
IT,R,2022,11.68462067384827
IT,R,2023,12.409135607273008
IT,R,2024,13.135297895892458
LT,B,2021,0.0
LT,B,2022,0.0
LT,B,2023,0.0
LT,B,2024,0.0
LT,C,2021,36.1278426017335
LT,C,2022,36.73103874603584
LT,C,2023,37.193878211071485
LT,C,2024,36.65955314406179
LT,D,2021,49.82595723520637
LT,D,2022,49.65357967667436
LT,D,2023,53.99526825917729
LT,D,2024,53.30899132816066
LT,E,2021,28.488464598249802
LT,E,2022,32.51022455436377
LT,E,2023,30.634233940086524
LT,E,2024,31.36781053649106
LT,F,2021,10.915765693077295
LT,F,2022,10.29020949900437
LT,F,2023,10.682383140688506
LT,F,2024,11.496890948553999
LT,G,2021,25.523426016280247
LT,G,2022,25.61477892186554
LT,G,2023,25.59215261323478
LT,G,2024,26.12334140573343
LT,H,2021,40.85809372470243
LT,H,2022,40.43347725388157
LT,H,2023,42.49781659388646
LT,H,2024,41.12778851793123
LT,I,2021,10.874015914223602
LT,I,2022,12.099588316016467
LT,I,2023,12.842061917418485
LT,I,2024,14.083095368671875
LT,J,2021,25.260383723381825
LT,J,2022,29.121030326380097
LT,J,2023,29.76952733572241
LT,J,2024,27.885630056447962
LT,K,2021,55.44440327693384
LT,K,2022,53.856732597176716
LT,K,2023,42.82072673340749
LT,K,2024,43.23744292237443
LT,L,2021,0.0
LT,L,2022,0.0
LT,L,2023,0.0
LT,L,2024,0.0
LT,M,2021,5.269068425604419
LT,M,2022,6.181687869557427
LT,M,2023,5.092360876700849
LT,M,2024,6.070196609706394
LT,N,2021,43.2569053171304
LT,N,2022,44.27567143749418
LT,N,2023,48.35817350513628
LT,N,2024,47.766311042930525
LT,P,2021,0.0
LT,P,2022,0.0
LT,P,2023,0.0
LT,P,2024,0.0
LT,Q,2021,18.827918827918825
LT,Q,2022,20.901042250364227
LT,Q,2023,18.808362730857027
LT,Q,2024,20.356640522564188
LT,R,2021,0.0
LT,R,2022,0.0
LT,R,2023,7.582862623894276
LT,R,2024,7.1082060971250565
LU,B,2021,0.0
LU,B,2022,0.0
LU,B,2023,0.0
LU,B,2024,0.0
LU,C,2021,56.07517998347693
LU,C,2022,56.39863105858952
LU,C,2023,54.484855572447664
LU,C,2024,55.76876948908611
LU,D,2021,0.0
LU,D,2022,0.0
LU,D,2023,0.0
LU,D,2024,0.0
LU,E,2021,0.0
LU,E,2022,0.0
LU,E,2023,0.0
LU,E,2024,0.0
LU,F,2021,18.112356975033904
LU,F,2022,17.831743602187668
LU,F,2023,18.256099867599772
LU,F,2024,18.5157092099485
LU,G,2021,0.0
LU,G,2022,0.0
LU,G,2023,0.0
LU,G,2024,0.0
LU,H,2021,43.05380640118122
LU,H,2022,46.309932223244914
LU,H,2023,49.052708282730144
LU,H,2024,48.87459807073955
LU,I,2021,0.0
LU,I,2022,0.0
LU,I,2023,0.0
LU,I,2024,0.0
LU,J,2021,29.516550915486604
LU,J,2022,29.72247877908255
LU,J,2023,30.548405392434887
LU,J,2024,29.13964924496279
LU,K,2021,55.74016811114498
LU,K,2022,55.39226052019455
LU,K,2023,56.080412371134024
LU,K,2024,55.766618645811896
LU,L,2021,0.0
LU,L,2022,0.0
LU,L,2023,0.0
LU,L,2024,0.0
LU,M,2021,0.0
LU,M,2022,0.0
LU,M,2023,0.0
LU,M,2024,0.0
LU,N,2021,56.07902346648924
LU,N,2022,55.802148217175926
LU,N,2023,55.21731610288849
LU,N,2024,56.33137822774952
LU,P,2021,0.0
LU,P,2022,0.0
LU,P,2023,0.0
LU,P,2024,0.0
LU,Q,2021,0.0
LU,Q,2022,0.0
LU,Q,2023,0.0
LU,Q,2024,0.0
LU,R,2021,0.0
LU,R,2022,0.0
LU,R,2023,0.0
LU,R,2024,0.0
LV,B,2021,20.213963963963963
LV,B,2022,21.81714611221874
LV,B,2023,23.015638831513723
LV,B,2024,21.69728783902012
LV,C,2021,24.01964395334561
LV,C,2022,25.69484740688414
LV,C,2023,25.11167670891336
LV,C,2024,24.64026761158386
LV,D,2021,55.77297408052454
LV,D,2022,57.92100233595243
LV,D,2023,58.282595003149275
LV,D,2024,57.9068310006267
LV,E,2021,32.35130628126737
LV,E,2022,34.76370775487309
LV,E,2023,33.3875258646172
LV,E,2024,34.59915611814346
LV,F,2021,7.72852902037056
LV,F,2022,8.661930319858529
LV,F,2023,8.810565468875453
LV,F,2024,7.323500062367469
LV,G,2021,25.77450033333787
LV,G,2022,26.31396885355915
LV,G,2023,27.080331859506185
LV,G,2024,26.654932953471487
LV,H,2021,28.503765932792586
LV,H,2022,28.949169036142745
LV,H,2023,30.48401353287208
LV,H,2024,23.524001905043438
LV,I,2021,12.872763419483102
LV,I,2022,16.075478830645164
LV,I,2023,17.926572560673602
LV,I,2024,15.992347885675128
LV,J,2021,38.147899075942114
LV,J,2022,41.15071770334928
LV,J,2023,39.87215809314196
LV,J,2024,38.1438651067379
LV,K,2021,50.092374339045676
LV,K,2022,50.53889105310999
LV,K,2023,53.42115360020463
LV,K,2024,52.35138068250331
LV,L,2021,10.174902831760134
LV,L,2022,11.059811851286145
LV,L,2023,10.899775148365217
LV,L,2024,10.389520854877627
LV,M,2021,4.358778802375835
LV,M,2022,5.241831596205645
LV,M,2023,6.66241104570064
LV,M,2024,5.62259362027059
LV,N,2021,19.03156684436082
LV,N,2022,23.19067546404457
LV,N,2023,24.8776989473145
LV,N,2024,26.938469820020128
LV,P,2021,5.445362718089991
LV,P,2022,8.219426088530824
LV,P,2023,7.871873628784555
LV,P,2024,4.926458959354737
LV,Q,2021,28.94865158846255
LV,Q,2022,29.170749410270368
LV,Q,2023,29.301527252346926
LV,Q,2024,29.935927488670107
LV,R,2021,7.49656121045392
LV,R,2022,16.237942122186492
LV,R,2023,14.321357285429142
LV,R,2024,13.480629991789206
MT,B,2021,
MT,B,2022,0.0
MT,B,2023,0.0
MT,B,2024,0.0
MT,C,2021,33.932057789925814
MT,C,2022,33.7359538739952
MT,C,2023,35.61242275392173
MT,C,2024,33.253086899122465
MT,D,2021,
MT,D,2022,93.46846846846847
MT,D,2023,92.42093784078517
MT,D,2024,92.04481792717087
MT,E,2021,0.0
MT,E,2022,57.595628415300546
MT,E,2023,71.02385685884693
MT,E,2024,71.13352545629202
MT,F,2021,15.444788066217937
MT,F,2022,14.351457303562299
MT,F,2023,18.085162101293665
MT,F,2024,12.010587295245704
MT,G,2021,9.492838169947621
MT,G,2022,9.991663397410749
MT,G,2023,11.671709708441817
MT,G,2024,11.635298658251413
MT,H,2021,38.07442813246842
MT,H,2022,37.59466282005049
MT,H,2023,36.10324548028752
MT,H,2024,33.8784216139353
MT,I,2021,16.382978723404253
MT,I,2022,20.922155168671036
MT,I,2023,23.2246641776683
MT,I,2024,23.102390743709485
MT,J,2021,26.141223706031248
MT,J,2022,26.836807481968773
MT,J,2023,27.23838038209296
MT,J,2024,26.542425525907102
MT,K,2021,43.522561863173216
MT,K,2022,43.27062228654125
MT,K,2023,43.719627707767074
MT,K,2024,43.744207599629284
MT,L,2021,0.0
MT,L,2022,6.131320064058568
MT,L,2023,4.938759383642829
MT,L,2024,9.857612267250822
MT,M,2021,9.169541995557026
MT,M,2022,9.386152748037116
MT,M,2023,10.872209361635344
MT,M,2024,9.056132111203697
MT,N,2021,38.80723452920496
MT,N,2022,38.475211561497744
MT,N,2023,33.85290814416499
MT,N,2024,37.95928737019277
MT,P,2021,0.0
MT,P,2022,10.653753026634384
MT,P,2023,9.428473648186174
MT,P,2024,8.983375959079284
MT,Q,2021,50.91556459816887
MT,Q,2022,47.98663945073297
MT,Q,2023,48.82522491047253
MT,Q,2024,48.927460291468805
MT,R,2021,42.0405088717777
MT,R,2022,45.279925040993206
MT,R,2023,42.81207428120743
MT,R,2024,38.351202549985516
NL,B,2021,0.0
NL,B,2022,30.479064503960767
NL,B,2023,27.25956317123205
NL,B,2024,27.429227237949505
NL,C,2021,34.1428511129054
NL,C,2022,34.71134915539036
NL,C,2023,36.62601747607411
NL,C,2024,36.22159451017334
NL,D,2021,69.42209666523368
NL,D,2022,66.95793248704958
NL,D,2023,74.35926675599396
NL,D,2024,74.27184466019418
NL,E,2021,47.52855454903505
NL,E,2022,47.502505576929295
NL,E,2023,47.98093725178713
NL,E,2024,48.32730560578662
NL,F,2021,17.417014916848327
NL,F,2022,17.66881873082489
NL,F,2023,17.844794297011664
NL,F,2024,17.820462859369695
NL,G,2021,35.70438917533995
NL,G,2022,36.34728191803414
NL,G,2023,37.15108720432294
NL,G,2024,37.141136292999335
NL,H,2021,46.72990769975877
NL,H,2022,46.81250425044771
NL,H,2023,47.95620323946082
NL,H,2024,47.75234145466751
NL,I,2021,11.850515025874293
NL,I,2022,11.650261487825018
NL,I,2023,12.457371747758343
NL,I,2024,12.376113608993117
NL,J,2021,30.180792553941615
NL,J,2022,31.182698156903342
NL,J,2023,31.86054727479595
NL,J,2024,31.706317830367652
NL,K,2021,46.62718219883099
NL,K,2022,45.743196092114445
NL,K,2023,46.440170710758
NL,K,2024,46.60309690716058
NL,L,2021,16.137905048982667
NL,L,2022,15.705617391951755
NL,L,2023,16.440882938568098
NL,L,2024,16.5241919590067
NL,M,2021,19.07069217501218
NL,M,2022,19.241042085386564
NL,M,2023,20.29339583417653
NL,M,2024,20.202409448079777
NL,N,2021,60.638058323550695
NL,N,2022,60.85455790137693
NL,N,2023,59.814922821258506
NL,N,2024,57.99832477302663
NL,P,2021,7.053657980270285
NL,P,2022,6.986714042947629
NL,P,2023,5.5387767897421
NL,P,2024,5.473071994721052
NL,Q,2021,68.49229266091041
NL,Q,2022,67.93126262603964
NL,Q,2023,67.80505607289538
NL,Q,2024,67.7632274495109
NL,R,2021,10.83340662240007
NL,R,2022,12.093342405406341
NL,R,2023,13.133988561274917
NL,R,2024,13.069717067506309
NO,B,2021,82.69476802908895
NO,B,2022,82.81048881970845
NO,B,2023,83.69537832768805
NO,B,2024,85.09679595278247
NO,C,2021,37.21019184597022
NO,C,2022,37.798885454504436
NO,C,2023,38.108768234476884
NO,C,2024,38.39562051630678
NO,D,2021,40.87126465767243
NO,D,2022,44.375076508752606
NO,D,2023,46.94830132939439
NO,D,2024,48.59049107411192
NO,E,2021,21.88411838265944
NO,E,2022,21.869522882181112
NO,E,2023,22.18767665347654
NO,E,2024,23.51985559566787
NO,F,2021,14.156667627383463
NO,F,2022,14.881292382500696
NO,F,2023,14.781635345382124
NO,F,2024,16.31007149343927
NO,G,2021,35.483196038615986
NO,G,2022,36.74751663987201
NO,G,2023,37.52891736490997
NO,G,2024,38.65323669419517
NO,H,2021,39.99823799836614
NO,H,2022,44.399560860263485
NO,H,2023,45.95429785193052
NO,H,2024,45.7676849697375
NO,I,2021,14.141927942943106
NO,I,2022,17.17715482547623
NO,I,2023,16.714560201322882
NO,I,2024,16.43627653562964
NO,J,2021,28.341300376977184
NO,J,2022,29.891596692285948
NO,J,2023,31.612230838529616
NO,J,2024,31.241027628299413
NO,K,2021,58.76916479039348
NO,K,2022,62.71377182934427
NO,K,2023,62.87640003964714
NO,K,2024,64.53345399460959
NO,L,2021,6.055431498752135
NO,L,2022,5.862090961280857
NO,L,2023,7.004513877773154
NO,L,2024,6.9999360736431635
NO,M,2021,22.317617021276597
NO,M,2022,23.232423703426324
NO,M,2023,24.835219220300093
NO,M,2024,25.63367681654021
NO,N,2021,41.345146749629535
NO,N,2022,42.65966619233546
NO,N,2023,42.65777617588755
NO,N,2024,42.434826739508466
NO,P,2021,11.449095705794475
NO,P,2022,11.354784588651208
NO,P,2023,10.482149211244218
NO,P,2024,10.457084509580154
NO,Q,2021,22.827856343473396
NO,Q,2022,23.258631631870895
NO,Q,2023,15.765543773746879
NO,Q,2024,16.83875842095322
NO,R,2021,10.020661157024794
NO,R,2022,9.951318917695007
NO,R,2023,12.069587414333675
NO,R,2024,12.254928881322423
PL,B,2021,85.6834650630796
PL,B,2022,85.53085621516772
PL,B,2023,85.36418131334732
PL,B,2024,84.97540668278742
PL,C,2021,47.35019420580773
PL,C,2022,48.15448012079479
PL,C,2023,49.16081304436258
PL,C,2024,49.10671331961437
PL,D,2021,82.23118032856325
PL,D,2022,81.91146683171102
PL,D,2023,81.69193966915343
PL,D,2024,81.68003178001764
PL,E,2021,32.74263833737301
PL,E,2022,31.22817886714036
PL,E,2023,29.426727840557227
PL,E,2024,29.667549590134158
PL,F,2021,7.742739900337758
PL,F,2022,7.798406426119064
PL,F,2023,8.249447688662055
PL,F,2024,8.38242204908467
PL,G,2021,27.988425167544584
PL,G,2022,29.555661410081353
PL,G,2023,30.541670296307938
PL,G,2024,31.53233263675148
PL,H,2021,33.44266544374215
PL,H,2022,33.981550899437494
PL,H,2023,34.362213284052615
PL,H,2024,33.657769376850524
PL,I,2021,13.304944761617646
PL,I,2022,14.803343555850917
PL,I,2023,15.16905007617082
PL,I,2024,15.685936777597476
PL,J,2021,36.32421972981689
PL,J,2022,36.64318204105032
PL,J,2023,36.21378843327154
PL,J,2024,35.60425971176905
PL,K,2021,55.937559135295544
PL,K,2022,61.20731086534278
PL,K,2023,61.264347094525576
PL,K,2024,61.134098555542096
PL,L,2021,6.373074649002374
PL,L,2022,6.3183627574505685
PL,L,2023,7.132626190534787
PL,L,2024,8.77046099982399
PL,M,2021,14.972712605330907
PL,M,2022,16.153600266840854
PL,M,2023,15.952037251452317
PL,M,2024,15.7132892813747
PL,N,2021,45.5722621489804
PL,N,2022,44.75847502959315
PL,N,2023,44.03975467119125
PL,N,2024,42.799366484954014
PL,P,2021,6.430667531584963
PL,P,2022,6.470114178485503
PL,P,2023,6.60441877158376
PL,P,2024,6.944056544997529
PL,Q,2021,11.470465963458544
PL,Q,2022,12.106525856626298
PL,Q,2023,12.711873806286173
PL,Q,2024,12.835722983518275
PL,R,2021,14.375853769596045
PL,R,2022,18.227361522465184
PL,R,2023,19.68488140615114
PL,R,2024,0.0
PT,B,2021,22.741010943199583
PT,B,2022,19.979654120040692
PT,B,2023,26.30488815244408
PT,B,2024,26.8265306122449
PT,C,2021,24.134350457238767
PT,C,2022,23.8918371687897
PT,C,2023,24.464728195521186
PT,C,2024,25.323927593753083
PT,D,2021,47.18259629101284
PT,D,2022,43.27702493657571
PT,D,2023,48.28395953757225
PT,D,2024,46.29470320757036
PT,E,2021,49.87757298533567
PT,E,2022,51.531810556200796
PT,E,2023,51.48678134672959
PT,E,2024,53.42849354447006
PT,F,2021,8.84018798933603
PT,F,2022,9.07134472414243
PT,F,2023,10.68293453661665
PT,F,2024,10.95813302501065
PT,G,2021,21.375487497276026
PT,G,2022,22.12157780717952
PT,G,2023,22.74565732661369
PT,G,2024,23.310088082371433
PT,H,2021,34.115905581995
PT,H,2022,32.689820431325764
PT,H,2023,31.99987397548823
PT,H,2024,30.56732667542273
PT,I,2021,11.008323305254713
PT,I,2022,11.330900804895178
PT,I,2023,11.620237980245438
PT,I,2024,12.013910507081054
PT,J,2021,39.279602425968264
PT,J,2022,38.01181765300187
PT,J,2023,38.66570153215104
PT,J,2024,38.149228112624215
PT,K,2021,56.48583662019363
PT,K,2022,55.93029021130253
PT,K,2023,54.77059867145274
PT,K,2024,54.64428376396825
PT,L,2021,0.0
PT,L,2022,1.6291337414994809
PT,L,2023,1.357153580543462
PT,L,2024,1.3650775569098745
PT,M,2021,11.173843657381951
PT,M,2022,12.267394727769132
PT,M,2023,13.465839384351685
PT,M,2024,14.370217766946658
PT,N,2021,45.67589298199276
PT,N,2022,43.14434975850605
PT,N,2023,42.88143389902906
PT,N,2024,42.8457070519026
PT,P,2021,7.200198216055501
PT,P,2022,6.5404860566692795
PT,P,2023,9.436908530882945
PT,P,2024,8.626574084971168
PT,Q,2021,12.752723827569874
PT,Q,2022,11.06422471334784
PT,Q,2023,12.688856804001444
PT,Q,2024,12.862342764700054
PT,R,2021,8.726672274667415
PT,R,2022,9.484482782078668
PT,R,2023,9.231386211823093
PT,R,2024,8.130527101757005
RO,B,2021,48.74409258363413
RO,B,2022,47.368820715316275
RO,B,2023,46.52619170411847
RO,B,2024,40.817409766454354
RO,C,2021,49.807997811701085
RO,C,2022,49.79432247877583
RO,C,2023,49.307433484109005
RO,C,2024,48.442304411290785
RO,D,2021,85.81011351909184
RO,D,2022,85.84565224272735
RO,D,2023,85.9861397864951
RO,D,2024,85.15024100092297
RO,E,2021,64.0456881781839
RO,E,2022,63.73872306871681
RO,E,2023,63.622011211531856
RO,E,2024,63.16313111098405
RO,F,2021,10.95264186917324
RO,F,2022,10.879733777577814
RO,F,2023,11.579779412476968
RO,F,2024,12.768580521449296
RO,G,2021,22.27825978031024
RO,G,2022,22.97891834947185
RO,G,2023,23.32048384425507
RO,G,2024,23.82280747580811
RO,H,2021,34.9169411006979
RO,H,2022,34.678191339602456
RO,H,2023,33.48491560513873
RO,H,2024,33.10940958442275
RO,I,2021,9.335261047630308
RO,I,2022,10.05406281825874
RO,I,2023,10.32519941473545
RO,I,2024,10.748059584288978
RO,J,2021,45.45714215762284
RO,J,2022,46.29757215390837
RO,J,2023,45.631413168792264
RO,J,2024,46.1124499704977
RO,K,2021,59.71122544337986
RO,K,2022,60.01387415326859
RO,K,2023,59.766443553801395
RO,K,2024,59.940480945913556
RO,L,2021,7.762299994551497
RO,L,2022,8.371011966370686
RO,L,2023,6.824674637604486
RO,L,2024,6.856556869817358
RO,M,2021,13.23842346301522
RO,M,2022,15.483650407237098
RO,M,2023,16.546009067959993
RO,M,2024,16.12490446708409
RO,N,2021,43.37983787102352
RO,N,2022,44.54569550951019
RO,N,2023,41.855440161706284
RO,N,2024,43.547701907738706
RO,P,2021,0.0
RO,P,2022,0.0
RO,P,2023,0.0
RO,P,2024,0.0
RO,Q,2021,20.078655039996708
RO,Q,2022,21.07953630655289
RO,Q,2023,20.493774190376588
RO,Q,2024,19.11344801169998
RO,R,2021,24.557956777996072
RO,R,2022,26.89197401019025
RO,R,2023,26.735195794000266
RO,R,2024,23.71355060034305
SE,B,2021,73.17841242263003
SE,B,2022,69.18543740178103
SE,B,2023,73.73595505617978
SE,B,2024,72.9602510460251
SE,C,2021,61.72048633808341
SE,C,2022,58.620081200261595
SE,C,2023,60.950876633675165
SE,C,2024,61.419816188248475
SE,D,2021,69.6347761273492
SE,D,2022,66.46421442828628
SE,D,2023,67.58700186628609
SE,D,2024,69.60677298261496
SE,E,2021,47.735825648236215
SE,E,2022,44.71677794529399
SE,E,2023,45.147543619844015
SE,E,2024,51.64558862160844
SE,F,2021,23.61723257561443
SE,F,2022,21.347747088870857
SE,F,2023,25.154484249636404
SE,F,2024,25.519518306377538
SE,G,2021,42.987550308714205
SE,G,2022,39.878551187806636
SE,G,2023,41.995139990681054
SE,G,2024,42.759518776507726
SE,H,2021,51.18058888396341
SE,H,2022,48.97734737158193
SE,H,2023,49.55924516200461
SE,H,2024,49.77494747496434
SE,I,2021,23.521379235005238
SE,I,2022,26.656926496007905
SE,I,2023,27.593200191159283
SE,I,2024,28.50369656059145
SE,J,2021,48.91928327518647
SE,J,2022,44.43762968947978
SE,J,2023,46.03399433427762
SE,J,2024,45.66015172465339
SE,K,2021,60.587144856807775
SE,K,2022,62.7280909257445
SE,K,2023,62.15643535122837
SE,K,2024,63.16545546729762
SE,L,2021,24.890797903319744
SE,L,2022,21.381816797960195
SE,L,2023,22.913062489306288
SE,L,2024,21.695758176219755
SE,M,2021,29.608138218415586
SE,M,2022,25.139269786915964
SE,M,2023,26.047341607703277
SE,M,2024,26.99462950612517
SE,N,2021,60.76668539676594
SE,N,2022,53.74434315336208
SE,N,2023,56.3128606290054
SE,N,2024,55.16962242307544
SE,P,2021,41.829823913311174
SE,P,2022,32.672273126647426
SE,P,2023,36.24277009548201
SE,P,2024,40.84319239720714
SE,Q,2021,61.57235510359092
SE,Q,2022,57.72162254990874
SE,Q,2023,58.77998717613091
SE,Q,2024,59.94378628280228
SE,R,2021,30.108022415572925
SE,R,2022,22.23951102704818
SE,R,2023,23.38612652408914
SE,R,2024,23.445145798846706
SI,B,2021,0.0
SI,B,2022,0.0
SI,B,2023,0.0
SI,B,2024,0.0
SI,C,2021,42.27089431933909
SI,C,2022,42.50917420990592
SI,C,2023,42.21667689734625
SI,C,2024,42.35401188539916
SI,D,2021,64.57973019716361
SI,D,2022,64.30043508129151
SI,D,2023,67.11364398256788
SI,D,2024,69.54124393471548
SI,E,2021,0.0
SI,E,2022,0.0
SI,E,2023,0.0
SI,E,2024,0.0
SI,F,2021,4.5318356917729155
SI,F,2022,4.926030846710733
SI,F,2023,4.799634313576108
SI,F,2024,4.8533076308242045
SI,G,2021,29.879862606209016
SI,G,2022,29.761962398127977
SI,G,2023,29.697997364106847
SI,G,2024,29.130951234389546
SI,H,2021,27.305135727282853
SI,H,2022,27.114098824041022
SI,H,2023,28.130959949141765
SI,H,2024,29.92325119865119
SI,I,2021,12.767024370674957
SI,I,2022,12.495919414261063
SI,I,2023,12.32671921717858
SI,I,2024,12.312185117481832
SI,J,2021,18.331087644533575
SI,J,2022,18.092046735069093
SI,J,2023,19.436057945323103
SI,J,2024,17.9542359030237
SI,K,2021,70.02956769983687
SI,K,2022,68.59495729971533
SI,K,2023,68.09487375669472
SI,K,2024,68.00885639256475
SI,L,2021,0.0
SI,L,2022,0.0
SI,L,2023,0.0
SI,L,2024,0.0
SI,M,2021,3.1006343582988904
SI,M,2022,3.053217698409308
SI,M,2023,3.042110829691892
SI,M,2024,2.2789006672331418
SI,N,2021,32.47639450924383
SI,N,2022,30.67373626653751
SI,N,2023,29.193994671039146
SI,N,2024,27.019365777412773
SI,P,2021,0.0
SI,P,2022,0.0
SI,P,2023,0.0
SI,P,2024,0.0
SI,Q,2021,0.0
SI,Q,2022,0.0
SI,Q,2023,0.0
SI,Q,2024,13.540669856459331
SI,R,2021,0.0
SI,R,2022,0.0
SI,R,2023,0.0
SI,R,2024,0.0
SK,B,2021,0.0
SK,B,2022,0.0
SK,B,2023,0.0
SK,B,2024,45.187436676798384
SK,C,2021,44.80807956903513
SK,C,2022,44.01588889899633
SK,C,2023,43.6998644738288
SK,C,2024,43.21296039526411
SK,D,2021,67.77007510109763
SK,D,2022,72.67970882620564
SK,D,2023,74.06986651519455
SK,D,2024,75.23203850120316
SK,E,2021,54.32431198941171
SK,E,2022,46.208482370975986
SK,E,2023,46.12196868924588
SK,E,2024,46.37836732607473
SK,F,2021,3.6233476545760217
SK,F,2022,2.726934869460188
SK,F,2023,3.266160508743406
SK,F,2024,3.3328503115490506
SK,G,2021,24.066414304619457
SK,G,2022,24.240484439563375
SK,G,2023,24.23620735769689
SK,G,2024,25.18239535133972
SK,H,2021,39.59258704729584
SK,H,2022,35.389815462879184
SK,H,2023,35.77236462400272
SK,H,2024,35.895879578246394
SK,I,2021,3.875152832495585
SK,I,2022,3.817856747306299
SK,I,2023,3.660892274883714
SK,I,2024,4.1079866401933165
SK,J,2021,31.366136464991822
SK,J,2022,30.032933675562273
SK,J,2023,29.391493606601976
SK,J,2024,29.052520394633348
SK,K,2021,56.39247492441331
SK,K,2022,57.0078295831276
SK,K,2023,57.25737392959087
SK,K,2024,57.600522256340824
SK,L,2021,0.0
SK,L,2022,0.0
SK,L,2023,0.0
SK,L,2024,0.0
SK,M,2021,11.24582862838362
SK,M,2022,10.27201537002359
SK,M,2023,9.850670236522706
SK,M,2024,10.137008740010998
SK,N,2021,16.202116559844985
SK,N,2022,16.164723237966697
SK,N,2023,16.36756483839591
SK,N,2024,17.919238229589137
SK,P,2021,0.0
SK,P,2022,0.0
SK,P,2023,0.0
SK,P,2024,0.0
SK,Q,2021,37.73641023846598
SK,Q,2022,37.48395818004483
SK,Q,2023,37.841356747012085
SK,Q,2024,39.414742844035196
SK,R,2021,19.069794181901806
SK,R,2022,0.0
SK,R,2023,0.0
SK,R,2024,0.0
