geo,nace_r2,real_wage,year,log_wage,ai_adoption,tert_edu,productivity,log_prod,spec_ict,training_ict,unempl_r,infl_r,gdp,log_gdp
AT,C,26.74,2021,3.29,9.61,31.8,102.25,4.63,28.74,20.37,6.2,2.8,45380.0,10.72
AT,C,26.07,2023,3.26,12.31,33.5,108.93,4.69,28.37,25.6,5.1,7.7,52330.0,10.87
AT,F,22.43,2021,3.11,3.12,21.2,75.26,4.32,8.24,9.65,6.2,2.8,45380.0,10.72
AT,F,20.32,2023,3.01,4.28,22.5,86.76,4.46,9.03,6.91,5.1,7.7,52330.0,10.87
AT,G,21.35,2021,3.06,6.94,23.1,66.47,4.2,16.25,17.43,6.2,2.8,45380.0,10.72
AT,G,20.48,2023,3.02,8.35,24.5,69.31,4.24,22.79,22.01,5.1,7.7,52330.0,10.87
AT,H,21.71,2021,3.08,6.98,21.8,81.5,4.4,12.28,10.97,6.2,2.8,45380.0,10.72
AT,H,22.01,2023,3.09,8.31,23.4,100.55,4.61,16.96,14.76,5.1,7.7,52330.0,10.87
AT,I,12.83,2021,2.55,3.31,20.1,32.69,3.49,3.51,5.46,6.2,2.8,45380.0,10.72
AT,I,12.88,2023,2.56,3.63,23.3,59.15,4.08,9.37,5.11,5.1,7.7,52330.0,10.87
AT,J,31.4,2021,3.45,30.27,63.0,110.37,4.7,88.96,76.0,6.2,2.8,45380.0,10.72
AT,J,30.6,2023,3.42,37.05,66.7,112.15,4.72,80.81,69.36,5.1,7.7,52330.0,10.87
AT,M,29.52,2021,3.39,20.93,63.5,71.13,4.26,30.41,28.46,6.2,2.8,45380.0,10.72
AT,M,30.67,2023,3.42,25.82,62.2,74.29,4.31,35.97,34.19,5.1,7.7,52330.0,10.87
AT,N,18.3,2021,2.91,6.48,26.1,58.95,4.08,17.98,17.82,6.2,2.8,45380.0,10.72
AT,N,17.33,2023,2.85,7.78,27.4,67.72,4.22,16.83,13.52,5.1,7.7,52330.0,10.87
BG,C,4.67,2021,1.54,2.88,15.0,13.66,2.61,15.16,5.38,5.2,2.8,10960.0,9.3
BG,C,5.22,2023,1.65,2.55,15.2,22.17,3.1,14.73,6.47,4.3,8.6,14660.0,9.59
BG,G,4.94,2021,1.6,2.47,24.4,19.51,2.97,13.33,4.43,5.2,2.8,10960.0,9.3
BG,G,5.37,2023,1.68,2.5,25.6,24.74,3.21,13.92,7.99,4.3,8.6,14660.0,9.59
BG,H,4.67,2021,1.54,1.92,20.7,14.44,2.67,9.29,5.5,5.2,2.8,10960.0,9.3
BG,H,5.29,2023,1.67,1.9,22.5,18.02,2.89,7.87,5.61,4.3,8.6,14660.0,9.59
BG,J,12.53,2021,2.53,20.82,76.7,39.42,3.67,67.16,48.45,5.2,2.8,10960.0,9.3
BG,J,13.12,2023,2.57,21.4,75.8,49.32,3.9,68.99,50.56,4.3,8.6,14660.0,9.59
BG,M,8.51,2021,2.14,3.68,82.2,23.32,3.15,23.61,14.75,5.2,2.8,10960.0,9.3
BG,M,8.95,2023,2.19,9.65,82.6,28.83,3.36,27.34,19.12,4.3,8.6,14660.0,9.59
BG,N,4.12,2021,1.42,2.88,17.7,11.98,2.48,14.08,4.66,5.2,2.8,10960.0,9.3
BG,N,4.55,2023,1.52,6.16,20.4,17.3,2.85,13.52,9.69,4.3,8.6,14660.0,9.59
CY,C,10.2,2021,2.32,2.05,27.6,37.62,3.63,14.23,19.69,7.2,2.3,27850.0,10.23
CY,C,9.87,2023,2.29,3.81,33.5,42.27,3.74,16.29,20.51,5.8,3.9,33870.0,10.43
CY,F,12.17,2021,2.5,0.21,23.8,29.04,3.37,13.63,13.51,7.2,2.3,27850.0,10.23
CY,F,11.79,2023,2.47,1.31,25.7,35.16,3.56,12.17,15.2,5.8,3.9,33870.0,10.43
CY,G,9.62,2021,2.26,1.06,36.7,39.02,3.66,23.31,23.87,7.2,2.3,27850.0,10.23
CY,G,9.61,2023,2.26,2.1,37.4,42.47,3.75,21.8,25.26,5.8,3.9,33870.0,10.43
CY,H,13.83,2021,2.63,7.14,50.5,69.38,4.24,40.18,32.41,7.2,2.3,27850.0,10.23
CY,H,13.62,2023,2.61,7.01,50.7,79.33,4.37,32.67,32.87,5.8,3.9,33870.0,10.43
CY,I,6.87,2021,1.93,0.45,35.1,23.6,3.16,15.59,17.77,7.2,2.3,27850.0,10.23
CY,I,7.6,2023,2.03,1.22,31.6,37.65,3.63,16.39,20.97,5.8,3.9,33870.0,10.43
CY,J,22.47,2021,3.11,18.98,79.6,110.16,4.7,81.86,73.62,7.2,2.3,27850.0,10.23
CY,J,26.72,2023,3.29,25.95,85.4,127.86,4.85,73.14,68.18,5.8,3.9,33870.0,10.43
CY,L,12.76,2021,2.55,0.0,76.5,722.1,6.58,11.8,15.15,7.2,2.3,27850.0,10.23
CY,L,12.4,2023,2.52,3.91,73.8,837.98,6.73,11.5,19.17,5.8,3.9,33870.0,10.43
CY,M,16.09,2021,2.78,4.39,83.7,55.37,4.01,37.68,34.33,7.2,2.3,27850.0,10.23
CY,M,15.98,2023,2.77,7.66,81.0,56.91,4.04,36.71,43.44,5.8,3.9,33870.0,10.43
CY,N,11.58,2021,2.45,3.1,36.6,36.0,3.58,32.96,21.8,7.2,2.3,27850.0,10.23
CY,N,12.05,2023,2.49,9.03,40.7,46.68,3.84,32.22,37.76,5.8,3.9,33870.0,10.43
CZ,C,9.47,2021,2.25,4.19,13.4,35.7,3.58,21.66,27.6,2.8,3.3,23430.0,10.06
CZ,C,8.86,2023,2.18,6.01,14.0,48.8,3.89,21.42,23.76,2.6,12.0,29330.0,10.29
CZ,D,14.34,2021,2.66,6.59,25.7,152.86,5.03,19.23,31.46,2.8,3.3,23430.0,10.06
CZ,D,14.47,2023,2.67,7.78,22.6,230.86,5.44,19.19,31.59,2.6,12.0,29330.0,10.29
CZ,E,8.51,2021,2.14,2.87,13.9,38.06,3.64,19.15,23.9,2.8,3.3,23430.0,10.06
CZ,E,8.05,2023,2.09,3.98,13.4,44.74,3.8,19.11,24.0,2.6,12.0,29330.0,10.29
CZ,F,8.77,2021,2.17,0.35,16.6,30.66,3.42,7.24,17.42,2.8,3.3,23430.0,10.06
CZ,F,7.98,2023,2.08,1.34,17.0,38.81,3.66,7.29,17.22,2.6,12.0,29330.0,10.29
CZ,G,9.3,2021,2.23,4.21,14.6,36.3,3.59,17.93,24.31,2.8,3.3,23430.0,10.06
CZ,G,8.45,2023,2.13,5.16,15.4,44.83,3.8,19.29,20.14,2.6,12.0,29330.0,10.29
CZ,H,8.51,2021,2.14,3.34,10.4,35.54,3.57,7.93,12.35,2.8,3.3,23430.0,10.06
CZ,H,7.98,2023,2.08,4.42,11.2,44.9,3.8,11.04,13.86,2.6,12.0,29330.0,10.29
CZ,I,7.04,2021,1.95,0.93,7.0,16.57,2.81,4.02,9.24,2.8,3.3,23430.0,10.06
CZ,I,5.07,2023,1.62,2.63,9.4,28.11,3.34,4.2,6.8,2.6,12.0,29330.0,10.29
CZ,J,15.9,2021,2.77,21.22,59.6,91.12,4.51,85.3,74.0,2.8,3.3,23430.0,10.06
CZ,J,15.35,2023,2.73,24.76,57.5,107.16,4.67,83.49,67.85,2.6,12.0,29330.0,10.29
CZ,L,9.47,2021,2.25,4.51,33.6,290.37,5.67,16.29,21.93,2.8,3.3,23430.0,10.06
CZ,L,8.72,2023,2.17,4.92,33.8,315.22,5.75,16.25,22.02,2.6,12.0,29330.0,10.29
CZ,M,12.68,2021,2.54,9.28,63.6,37.72,3.63,25.68,40.77,2.8,3.3,23430.0,10.06
CZ,M,11.83,2023,2.47,9.42,60.4,45.82,3.82,25.62,40.94,2.6,12.0,29330.0,10.29
CZ,N,6.6,2021,1.89,3.1,15.1,26.5,3.28,10.67,16.59,2.8,3.3,23430.0,10.06
CZ,N,6.15,2023,1.82,5.43,17.0,35.16,3.56,15.73,18.22,2.6,12.0,29330.0,10.29
DE,C,29.85,2021,3.4,9.19,30.8,91.55,4.52,24.97,26.58,3.6,3.2,44910.0,10.71
DE,C,28.12,2023,3.34,9.32,31.6,106.71,4.67,25.82,27.82,3.1,6.0,50660.0,10.83
DE,D,37.73,2021,3.63,24.08,47.6,149.83,5.01,43.77,45.47,3.6,3.2,44910.0,10.71
DE,D,37.73,2023,3.63,22.65,48.2,342.61,5.84,55.87,63.28,3.1,6.0,50660.0,10.83
DE,E,24.27,2021,3.19,7.2,19.9,118.32,4.77,18.59,25.09,3.6,3.2,44910.0,10.71
DE,E,23.67,2023,3.16,8.08,18.0,130.64,4.87,23.73,34.91,3.1,6.0,50660.0,10.83
DE,F,22.89,2021,3.13,8.29,18.4,62.01,4.13,4.98,12.14,3.6,3.2,44910.0,10.71
DE,F,21.92,2023,3.09,4.48,19.5,70.94,4.26,7.95,15.47,3.1,6.0,50660.0,10.83
DE,G,22.8,2021,3.13,7.95,16.4,60.09,4.1,19.84,23.2,3.6,3.2,44910.0,10.71
DE,G,21.68,2023,3.08,9.97,16.6,69.82,4.25,19.83,26.48,3.1,6.0,50660.0,10.83
DE,H,20.7,2021,3.03,6.14,15.3,65.27,4.18,12.38,17.42,3.6,3.2,44910.0,10.71
DE,H,20.1,2023,3.0,7.05,15.3,69.92,4.25,17.23,23.48,3.1,6.0,50660.0,10.83
DE,I,15.38,2021,2.73,3.88,11.3,22.23,3.1,5.08,9.8,3.6,3.2,44910.0,10.71
DE,I,15.81,2023,2.76,5.38,12.6,38.23,3.64,5.35,9.77,3.1,6.0,50660.0,10.83
DE,J,36.72,2021,3.6,28.8,54.7,116.29,4.76,71.32,61.44,3.6,3.2,44910.0,10.71
DE,J,34.71,2023,3.55,33.05,57.8,118.47,4.77,80.58,67.57,3.1,6.0,50660.0,10.83
DE,L,30.13,2021,3.41,11.15,29.4,700.43,6.55,17.56,26.64,3.6,3.2,44910.0,10.71
DE,L,28.04,2023,3.33,11.4,31.5,731.31,6.59,22.41,37.07,3.1,6.0,50660.0,10.83
DE,M,33.7,2021,3.52,25.54,52.7,80.28,4.39,23.98,29.21,3.6,3.2,44910.0,10.71
DE,M,32.33,2023,3.48,26.34,54.7,86.89,4.46,30.61,40.65,3.1,6.0,50660.0,10.83
DE,N,18.41,2021,2.91,6.85,14.9,50.65,3.92,15.94,19.16,3.6,3.2,44910.0,10.71
DE,N,18.75,2023,2.93,11.02,15.3,61.98,4.13,20.56,24.7,3.1,6.0,50660.0,10.83
DK,C,40.51,2021,3.7,27.28,31.8,147.85,5.0,30.07,28.78,5.1,1.9,58640.0,10.98
DK,C,38.01,2023,3.64,14.8,31.7,188.36,5.24,31.99,30.45,5.1,3.4,62760.0,11.05
DK,C,39.08,2025,3.67,38.55,37.9,233.67,5.45,26.96,34.28,6.4,1.8,69550.0,11.15
DK,F,36.8,2021,3.61,8.87,10.7,79.24,4.37,8.87,12.52,5.1,1.9,58640.0,10.98
DK,F,34.18,2023,3.53,3.23,11.9,81.82,4.4,10.18,12.51,5.1,3.4,62760.0,11.05
DK,F,34.46,2025,3.54,23.93,15.9,87.36,4.47,9.55,17.3,6.4,1.8,69550.0,11.15
DK,G,35.46,2021,3.57,21.3,21.5,78.69,4.37,26.13,30.99,5.1,1.9,58640.0,10.98
DK,G,32.91,2023,3.49,14.17,22.9,79.63,4.38,33.44,35.29,5.1,3.4,62760.0,11.05
DK,G,33.55,2025,3.51,44.8,23.5,81.31,4.4,29.91,35.78,6.4,1.8,69550.0,11.15
DK,H,36.42,2021,3.6,21.28,20.6,172.89,5.15,18.03,20.36,5.1,1.9,58640.0,10.98
DK,H,34.01,2023,3.53,15.16,22.8,132.8,4.89,29.97,26.18,5.1,3.4,62760.0,11.05
DK,H,33.88,2025,3.52,26.9,26.1,134.5,4.9,26.81,34.75,6.4,1.8,69550.0,11.15
DK,J,48.14,2021,3.87,54.75,59.9,121.18,4.8,87.13,70.22,5.1,1.9,58640.0,10.98
DK,J,44.81,2023,3.8,44.31,62.5,129.95,4.87,89.16,71.87,5.1,3.4,62760.0,11.05
DK,J,46.33,2025,3.84,79.08,66.0,146.89,4.99,86.46,71.16,6.4,1.8,69550.0,11.15
DK,M,48.33,2021,3.88,39.22,69.5,114.52,4.74,36.29,38.82,5.1,1.9,58640.0,10.98
DK,M,44.98,2023,3.81,23.58,70.8,102.71,4.63,47.08,53.62,5.1,3.4,62760.0,11.05
DK,M,46.33,2025,3.84,63.71,73.3,121.0,4.8,44.06,48.8,6.4,1.8,69550.0,11.15
DK,N,31.65,2021,3.45,19.04,26.4,59.67,4.09,29.41,24.21,5.1,1.9,58640.0,10.98
DK,N,30.53,2023,3.42,9.32,25.9,61.67,4.12,32.23,27.35,5.1,3.4,62760.0,11.05
DK,N,31.49,2025,3.45,33.06,29.2,65.36,4.18,25.58,28.92,6.4,1.8,69550.0,11.15
EE,C,8.8,2021,2.17,2.72,26.8,34.41,3.54,14.83,14.63,6.2,4.5,23650.0,10.07
EE,C,8.16,2023,2.1,3.12,24.1,37.46,3.62,14.37,13.27,6.4,9.1,28080.0,10.24
EE,D,13.16,2021,2.58,8.29,62.5,179.74,5.19,22.52,35.52,6.2,4.5,23650.0,10.07
EE,D,12.71,2023,2.54,14.04,56.1,193.87,5.27,22.27,40.31,6.4,9.1,28080.0,10.24
EE,F,10.2,2021,2.32,0.64,20.9,35.63,3.57,6.0,8.75,6.2,4.5,23650.0,10.07
EE,F,8.63,2023,2.16,3.63,22.7,41.98,3.74,3.84,10.47,6.4,9.1,28080.0,10.24
EE,G,8.98,2021,2.19,2.07,34.4,40.76,3.71,14.9,15.24,6.2,4.5,23650.0,10.07
EE,G,8.09,2023,2.09,3.47,31.8,42.79,3.76,16.24,20.03,6.4,9.1,28080.0,10.24
EE,H,8.8,2021,2.17,2.36,29.2,39.99,3.69,11.33,13.42,6.2,4.5,23650.0,10.07
EE,H,8.03,2023,2.08,5.61,26.5,38.34,3.65,11.75,12.75,6.4,9.1,28080.0,10.24
EE,I,5.93,2021,1.78,0.19,15.8,15.63,2.75,6.69,5.58,6.2,4.5,23650.0,10.07
EE,I,5.95,2023,1.78,1.64,19.9,25.45,3.24,6.31,8.07,6.4,9.1,28080.0,10.24
EE,J,17.0,2021,2.83,11.51,61.8,57.7,4.06,83.26,69.98,6.2,4.5,23650.0,10.07
EE,J,16.19,2023,2.78,20.49,59.0,81.91,4.41,83.59,63.15,6.4,9.1,28080.0,10.24
EE,L,7.5,2021,2.01,0.0,36.1,297.59,5.7,8.5,6.11,6.2,4.5,23650.0,10.07
EE,L,8.09,2023,2.09,1.66,30.0,291.24,5.67,8.4,6.93,6.4,9.1,28080.0,10.24
EE,M,12.64,2021,2.54,8.51,67.0,57.61,4.05,21.16,33.08,6.2,4.5,23650.0,10.07
EE,M,12.97,2023,2.56,10.75,77.4,60.65,4.11,20.92,37.54,6.4,9.1,28080.0,10.24
EE,N,7.93,2021,2.07,2.63,29.9,44.9,3.8,15.14,16.2,6.2,4.5,23650.0,10.07
EE,N,7.22,2023,1.98,7.07,35.1,61.96,4.13,19.44,18.89,6.4,9.1,28080.0,10.24
EL,C,10.71,2021,2.37,5.35,28.2,41.29,3.72,17.71,14.79,14.7,0.6,17350.0,9.76
EL,C,10.27,2023,2.33,5.19,26.2,48.35,3.88,17.08,14.46,11.1,4.2,21300.0,9.97
EL,D,14.25,2021,2.66,27.89,38.4,183.96,5.21,37.19,38.29,14.7,0.6,17350.0,9.76
EL,D,14.24,2023,2.66,5.55,45.4,192.0,5.26,46.07,51.79,11.1,4.2,21300.0,9.97
EL,E,8.35,2021,2.12,3.92,13.9,67.15,4.21,18.08,11.67,14.7,0.6,17350.0,9.76
EL,E,7.94,2023,2.07,9.91,15.9,59.65,4.09,22.4,15.79,11.1,4.2,21300.0,9.97
EL,F,8.35,2021,2.12,2.82,19.8,16.63,2.81,12.7,7.41,14.7,0.6,17350.0,9.76
EL,F,8.46,2023,2.14,3.4,12.5,22.96,3.13,12.72,6.13,11.1,4.2,21300.0,9.97
EL,G,9.63,2021,2.26,1.88,28.8,22.28,3.1,18.51,16.51,14.7,0.6,17350.0,9.76
EL,G,9.5,2023,2.25,4.34,25.0,24.71,3.21,24.06,22.43,11.1,4.2,21300.0,9.97
EL,H,14.64,2021,2.68,5.43,33.5,38.74,3.66,28.35,15.76,14.7,0.6,17350.0,9.76
EL,H,15.11,2023,2.72,5.91,34.7,48.57,3.88,27.38,18.88,11.1,4.2,21300.0,9.97
EL,I,7.86,2021,2.06,0.12,19.1,13.19,2.58,13.11,4.46,14.7,0.6,17350.0,9.76
EL,I,9.93,2023,2.3,1.33,14.9,18.81,2.93,14.11,2.0,11.1,4.2,21300.0,9.97
EL,J,14.84,2021,2.7,11.16,65.5,54.55,4.0,56.01,47.59,14.7,0.6,17350.0,9.76
EL,J,16.06,2023,2.78,17.5,63.3,55.19,4.01,70.58,47.27,11.1,4.2,21300.0,9.97
EL,L,10.61,2021,2.36,0.82,55.2,1137.29,7.04,28.58,23.95,14.7,0.6,17350.0,9.76
EL,L,9.32,2023,2.23,8.08,56.3,1040.05,6.95,35.41,32.39,11.1,4.2,21300.0,9.97
EL,M,11.99,2021,2.48,9.2,65.5,22.06,3.09,27.64,26.0,14.7,0.6,17350.0,9.76
EL,M,13.12,2023,2.57,8.67,70.4,25.47,3.24,34.24,35.16,11.1,4.2,21300.0,9.97
EL,N,8.16,2021,2.1,1.84,30.3,19.74,2.98,21.44,18.42,14.7,0.6,17350.0,9.76
EL,N,8.2,2023,2.1,4.69,35.2,26.25,3.27,22.69,19.23,11.1,4.2,21300.0,9.97
ES,C,16.35,2021,2.79,7.42,40.7,67.51,4.21,17.03,18.04,14.9,3.0,26090.0,10.17
ES,C,15.85,2023,2.76,8.68,41.8,76.33,4.34,13.05,16.99,12.2,3.4,30980.0,10.34
ES,F,13.73,2021,2.62,3.77,24.5,48.58,3.88,7.48,13.04,14.9,3.0,26090.0,10.17
ES,F,13.1,2023,2.57,4.63,25.4,52.01,3.95,6.03,12.78,12.2,3.4,30980.0,10.34
ES,G,13.27,2021,2.59,5.99,34.8,46.29,3.83,17.21,20.72,14.9,3.0,26090.0,10.17
ES,G,13.18,2023,2.58,6.79,34.2,50.48,3.92,17.6,22.76,12.2,3.4,30980.0,10.34
ES,H,14.76,2021,2.69,9.02,33.0,48.81,3.89,16.57,18.99,14.9,3.0,26090.0,10.17
ES,H,14.35,2023,2.66,7.04,31.7,57.8,4.06,11.18,14.85,12.2,3.4,30980.0,10.34
ES,I,10.0,2021,2.3,3.57,23.5,37.98,3.64,4.43,14.77,14.9,3.0,26090.0,10.17
ES,I,9.84,2023,2.29,6.38,23.1,53.51,3.98,6.18,10.52,12.2,3.4,30980.0,10.34
ES,J,21.39,2021,3.06,26.65,82.3,76.82,4.34,60.49,46.39,14.9,3.0,26090.0,10.17
ES,J,20.19,2023,3.01,32.43,82.6,83.93,4.43,66.52,61.86,12.2,3.4,30980.0,10.34
ES,L,19.62,2021,2.98,12.87,61.2,610.55,6.41,14.27,26.15,14.9,3.0,26090.0,10.17
ES,L,19.43,2023,2.97,9.35,63.3,636.84,6.46,16.5,34.66,12.2,3.4,30980.0,10.34
ES,M,19.43,2021,2.97,13.72,83.9,52.18,3.95,26.03,25.66,14.9,3.0,26090.0,10.17
ES,M,18.68,2023,2.93,16.14,84.4,57.76,4.06,30.1,34.02,12.2,3.4,30980.0,10.34
ES,N,11.21,2021,2.42,7.77,25.5,29.29,3.38,14.17,17.29,14.9,3.0,26090.0,10.17
ES,N,10.84,2023,2.38,8.97,25.6,33.93,3.52,13.61,18.34,12.2,3.4,30980.0,10.34
FI,F,28.08,2021,3.34,9.39,19.6,74.47,4.31,8.67,23.07,7.7,2.1,44890.0,10.71
FI,F,26.04,2023,3.26,5.18,19.9,77.27,4.35,13.56,22.52,7.2,4.3,48950.0,10.8
FI,F,27.29,2025,3.31,24.01,21.3,77.47,4.35,15.61,22.86,9.7,1.8,49850.0,10.82
FI,G,26.48,2021,3.28,13.32,29.4,66.49,4.2,24.47,36.78,7.7,2.1,44890.0,10.71
FI,G,24.52,2023,3.2,10.79,28.4,70.81,4.26,25.66,48.37,7.2,4.3,48950.0,10.8
FI,G,25.16,2025,3.23,34.26,28.9,72.99,4.29,26.54,42.6,9.7,1.8,49850.0,10.82
FI,H,25.63,2021,3.24,5.7,17.4,59.18,4.08,16.46,26.62,7.7,2.1,44890.0,10.71
FI,H,24.86,2023,3.21,8.37,16.9,71.19,4.27,15.8,18.32,7.2,4.3,48950.0,10.8
FI,H,25.16,2025,3.23,12.93,18.9,73.9,4.3,16.43,18.61,9.7,1.8,49850.0,10.82
FI,I,20.26,2021,3.01,4.92,15.8,33.71,3.52,9.64,16.05,7.7,2.1,44890.0,10.71
FI,I,18.88,2023,2.94,2.46,14.4,44.36,3.79,8.67,22.74,7.2,4.3,48950.0,10.8
FI,I,19.18,2025,2.95,23.53,14.9,44.94,3.81,10.26,17.41,9.7,1.8,49850.0,10.82
FI,J,35.34,2021,3.57,40.64,69.1,117.71,4.77,86.91,75.13,7.7,2.1,44890.0,10.71
FI,J,33.12,2023,3.5,48.19,63.4,119.35,4.78,88.7,77.58,7.2,4.3,48950.0,10.8
FI,J,34.75,2025,3.55,79.79,70.0,138.64,4.93,83.22,78.54,9.7,1.8,49850.0,10.82
FI,L,25.73,2021,3.25,18.67,51.1,1022.5,6.93,19.66,50.82,7.7,2.1,44890.0,10.71
FI,L,25.2,2023,3.23,18.8,51.4,1054.33,6.96,21.08,59.1,7.2,4.3,48950.0,10.8
FI,L,25.33,2025,3.23,50.93,48.0,1090.18,6.99,26.04,51.34,9.7,1.8,49850.0,10.82
FI,M,31.94,2021,3.46,29.63,72.5,69.41,4.24,38.59,49.07,7.7,2.1,44890.0,10.71
FI,M,29.58,2023,3.39,31.54,69.9,72.36,4.28,41.37,57.06,7.2,4.3,48950.0,10.8
FI,M,30.41,2025,3.41,74.75,72.4,77.83,4.35,40.23,56.55,9.7,1.8,49850.0,10.82
FI,N,19.41,2021,2.97,17.28,21.8,39.98,3.69,29.44,37.18,7.7,2.1,44890.0,10.71
FI,N,19.13,2023,2.95,14.76,23.9,39.55,3.68,29.54,38.78,7.2,4.3,48950.0,10.8
FI,N,20.57,2025,3.02,38.65,24.1,43.65,3.78,32.6,40.22,9.7,1.8,49850.0,10.82
FR,C,26.1,2021,3.26,5.33,36.7,84.19,4.43,19.15,15.91,7.9,2.1,36910.0,10.52
FR,C,25.15,2023,3.22,4.87,39.4,99.39,4.6,20.45,16.57,7.3,5.7,41340.0,10.63
FR,E,24.42,2021,3.2,8.57,30.9,101.31,4.62,15.09,11.95,7.9,2.1,36910.0,10.52
FR,E,23.15,2023,3.14,2.95,26.6,110.45,4.7,17.44,15.59,7.3,5.7,41340.0,10.63
FR,F,23.4,2021,3.15,4.09,23.4,63.19,4.15,6.87,8.73,7.9,2.1,36910.0,10.52
FR,F,22.66,2023,3.12,2.09,24.3,70.65,4.26,4.89,6.01,7.3,5.7,41340.0,10.63
FR,G,22.38,2021,3.11,4.71,35.7,61.59,4.12,14.53,11.73,7.9,2.1,36910.0,10.52
FR,G,21.41,2023,3.06,4.07,36.1,65.39,4.18,16.1,13.6,7.3,5.7,41340.0,10.63
FR,H,21.55,2021,3.07,4.24,27.3,72.1,4.28,13.8,14.25,7.9,2.1,36910.0,10.52
FR,H,21.41,2023,3.06,2.35,28.6,74.04,4.3,8.99,7.72,7.3,5.7,41340.0,10.63
FR,I,17.18,2021,2.84,2.47,24.6,25.36,3.23,6.98,4.27,7.9,2.1,36910.0,10.52
FR,I,16.76,2023,2.82,2.47,23.5,42.96,3.76,7.24,6.21,7.3,5.7,41340.0,10.63
FR,J,33.06,2021,3.5,23.55,81.0,117.55,4.77,70.46,50.75,7.9,2.1,36910.0,10.52
FR,J,31.37,2023,3.45,29.56,83.6,120.56,4.79,80.66,57.69,7.3,5.7,41340.0,10.63
FR,L,26.1,2021,3.26,3.92,50.1,778.07,6.66,29.88,27.01,7.9,2.1,36910.0,10.52
FR,L,24.48,2023,3.2,7.02,53.9,896.58,6.8,34.54,35.25,7.3,5.7,41340.0,10.63
FR,M,32.23,2021,3.47,15.23,78.1,91.21,4.51,23.18,19.22,7.9,2.1,36910.0,10.52
FR,M,30.46,2023,3.42,13.75,78.6,93.46,4.54,26.8,25.08,7.3,5.7,41340.0,10.63
FR,N,19.04,2021,2.95,7.28,33.0,52.35,3.96,19.4,14.23,7.9,2.1,36910.0,10.52
FR,N,18.51,2023,2.92,5.6,32.5,60.14,4.1,14.2,13.55,7.3,5.7,41340.0,10.63
HR,C,10.4,2021,2.34,8.29,17.4,24.52,3.2,16.61,19.05,7.5,2.7,15070.0,9.62
HR,C,10.71,2023,2.37,6.7,15.5,35.11,3.56,15.15,18.26,6.1,8.4,20530.0,9.93
HR,E,7.65,2021,2.03,11.22,24.6,25.15,3.22,26.06,31.94,7.5,2.7,15070.0,9.62
HR,E,7.56,2023,2.02,5.0,17.0,28.6,3.35,27.3,30.22,6.1,8.4,20530.0,9.93
HR,F,8.69,2021,2.16,4.85,12.5,23.31,3.15,8.44,9.07,7.5,2.7,15070.0,9.62
HR,F,9.22,2023,2.22,3.06,8.8,36.52,3.6,2.35,6.74,6.1,8.4,20530.0,9.93
HR,G,8.51,2021,2.14,8.51,18.6,25.71,3.25,15.18,25.05,7.5,2.7,15070.0,9.62
HR,G,8.9,2023,2.19,5.37,19.6,35.09,3.56,17.99,21.6,6.1,8.4,20530.0,9.93
HR,H,7.18,2021,1.97,7.52,16.8,29.12,3.37,11.86,17.12,7.5,2.7,15070.0,9.62
HR,H,7.48,2023,2.01,7.58,16.3,39.93,3.69,11.12,15.7,6.1,8.4,20530.0,9.93
HR,I,8.03,2021,2.08,7.38,7.7,25.22,3.23,7.34,12.18,7.5,2.7,15070.0,9.62
HR,I,8.51,2023,2.14,5.8,14.9,40.9,3.71,7.24,15.97,6.1,8.4,20530.0,9.93
HR,J,16.82,2021,2.82,25.8,68.1,60.54,4.1,78.66,69.7,7.5,2.7,15070.0,9.62
HR,J,17.49,2023,2.86,40.01,69.1,61.52,4.12,80.87,66.86,6.1,8.4,20530.0,9.93
HR,M,12.57,2021,2.53,13.25,62.5,36.15,3.59,22.52,42.15,7.5,2.7,15070.0,9.62
HR,M,13.0,2023,2.56,12.88,66.6,45.01,3.81,23.6,39.88,6.1,8.4,20530.0,9.93
HR,N,6.24,2021,1.83,5.16,15.5,22.77,3.13,16.08,23.68,7.5,2.7,15070.0,9.62
HR,N,6.85,2023,1.92,6.85,23.9,36.05,3.58,20.29,16.58,6.1,8.4,20530.0,9.93
HU,C,7.56,2021,2.02,4.0,16.9,29.41,3.38,30.72,17.25,4.0,5.2,16090.0,9.69
HU,C,7.29,2023,1.99,4.24,18.2,38.14,3.64,34.97,17.55,4.1,17.0,20540.0,9.93
HU,D,11.42,2021,2.44,9.55,39.4,73.85,4.3,38.46,33.74,4.0,5.2,16090.0,9.69
HU,D,10.27,2023,2.33,4.57,45.2,144.79,4.98,43.06,43.06,4.1,17.0,20540.0,9.93
HU,E,6.47,2021,1.87,3.55,18.9,19.93,2.99,42.35,18.65,4.0,5.2,16090.0,9.69
HU,E,6.1,2023,1.81,4.78,16.1,19.42,2.97,47.41,23.8,4.1,17.0,20540.0,9.93
HU,F,6.13,2021,1.81,0.55,9.5,20.47,3.02,21.25,9.66,4.0,5.2,16090.0,9.69
HU,F,5.85,2023,1.77,1.8,10.4,25.68,3.25,15.13,12.92,4.1,17.0,20540.0,9.93
HU,G,6.8,2021,1.92,1.65,18.5,22.46,3.11,27.89,14.17,4.0,5.2,16090.0,9.69
HU,G,6.35,2023,1.85,3.02,19.7,26.28,3.27,26.56,17.83,4.1,17.0,20540.0,9.93
HU,H,6.8,2021,1.92,3.32,15.4,25.57,3.24,25.12,11.45,4.0,5.2,16090.0,9.69
HU,H,6.35,2023,1.85,2.23,15.4,32.31,3.48,27.71,9.74,4.1,17.0,20540.0,9.93
HU,I,4.28,2021,1.45,0.66,10.6,12.78,2.55,12.37,6.3,4.0,5.2,16090.0,9.69
HU,I,4.42,2023,1.49,2.46,13.2,20.25,3.01,16.16,7.82,4.1,17.0,20540.0,9.93
HU,J,12.01,2021,2.49,13.09,71.9,39.59,3.68,83.18,53.47,4.0,5.2,16090.0,9.69
HU,J,11.33,2023,2.43,14.54,68.4,47.48,3.86,88.0,54.2,4.1,17.0,20540.0,9.93
HU,L,6.47,2021,1.87,2.3,41.8,184.7,5.22,24.61,12.7,4.0,5.2,16090.0,9.69
HU,L,6.41,2023,1.86,3.38,33.5,238.33,5.47,27.55,16.21,4.1,17.0,20540.0,9.93
HU,M,10.42,2021,2.34,3.71,73.8,30.42,3.42,41.63,24.64,4.0,5.2,16090.0,9.69
HU,M,9.9,2023,2.29,5.24,69.0,35.6,3.57,46.61,31.44,4.1,17.0,20540.0,9.93
HU,N,5.46,2021,1.7,4.83,25.4,20.31,3.01,27.56,12.89,4.0,5.2,16090.0,9.69
HU,N,5.17,2023,1.64,2.89,24.0,26.4,3.27,28.12,16.48,4.1,17.0,20540.0,9.93
IE,C,28.47,2021,3.35,8.83,53.4,542.85,6.3,33.48,31.8,6.2,2.4,88080.0,11.39
IE,C,27.16,2023,3.3,7.18,52.9,541.9,6.3,36.91,28.4,4.3,5.2,98340.0,11.5
IE,D,45.46,2021,3.82,25.0,62.5,294.55,5.69,42.25,46.18,6.2,2.4,88080.0,11.39
IE,D,42.28,2023,3.74,38.86,60.8,354.34,5.87,45.65,45.65,4.3,5.2,98340.0,11.5
IE,F,26.64,2021,3.28,0.27,27.8,71.68,4.27,17.44,19.77,6.2,2.4,88080.0,11.39
IE,F,25.21,2023,3.23,5.92,27.2,81.26,4.4,21.1,16.71,4.3,5.2,98340.0,11.5
IE,G,22.59,2021,3.12,5.12,34.0,90.87,4.51,22.93,20.08,6.2,2.4,88080.0,11.39
IE,G,21.48,2023,3.07,4.99,34.0,101.83,4.62,29.33,22.16,4.3,5.2,98340.0,11.5
IE,H,24.61,2021,3.2,4.98,32.8,47.1,3.85,22.52,13.37,6.2,2.4,88080.0,11.39
IE,H,23.09,2023,3.14,6.07,27.6,81.36,4.4,23.63,18.18,4.3,5.2,98340.0,11.5
IE,I,16.99,2021,2.83,4.27,30.9,27.55,3.32,14.06,13.3,6.2,2.4,88080.0,11.39
IE,I,15.53,2023,2.74,2.68,29.9,45.83,3.82,12.47,11.15,4.3,5.2,98340.0,11.5
IE,J,45.56,2021,3.82,32.4,83.5,519.2,6.25,80.35,65.26,6.2,2.4,88080.0,11.39
IE,J,45.67,2023,3.82,28.52,85.3,579.66,6.36,72.41,57.15,4.3,5.2,98340.0,11.5
IE,M,34.56,2021,3.54,13.59,79.3,145.86,4.98,37.05,26.69,6.2,2.4,88080.0,11.39
IE,M,32.94,2023,3.49,15.77,79.3,175.73,5.17,40.03,26.39,4.3,5.2,98340.0,11.5
IE,N,23.65,2021,3.16,12.22,40.7,218.75,5.39,42.03,36.81,6.2,2.4,88080.0,11.39
IE,N,21.99,2023,3.09,6.59,41.3,246.37,5.51,33.3,24.85,4.3,5.2,98340.0,11.5
IT,C,19.24,2021,2.96,6.63,12.6,74.11,4.31,12.96,15.53,9.5,2.0,31160.0,10.35
IT,C,17.95,2023,2.89,4.94,14.3,84.35,4.43,14.02,18.97,7.7,5.9,36330.0,10.5
IT,C,18.74,2025,2.93,14.73,15.6,86.36,4.46,13.64,20.01,6.1,1.6,38310.0,10.55
IT,F,16.0,2021,2.77,5.24,4.6,52.57,3.96,6.11,9.33,9.5,2.0,31160.0,10.35
IT,F,14.97,2023,2.71,2.62,4.9,65.78,4.19,6.64,13.46,7.7,5.9,36330.0,10.5
IT,F,16.09,2025,2.78,10.39,5.0,60.28,4.1,5.3,11.65,6.1,1.6,38310.0,10.55
IT,G,18.29,2021,2.91,5.59,14.0,54.84,4.0,12.7,15.4,9.5,2.0,31160.0,10.35
IT,G,16.29,2023,2.79,3.66,14.1,60.84,4.11,12.62,21.47,7.7,5.9,36330.0,10.5
IT,G,16.73,2025,2.82,18.13,13.2,59.67,4.09,11.87,17.12,6.1,1.6,38310.0,10.55
IT,H,17.81,2021,2.88,3.03,11.1,66.71,4.2,13.01,13.08,9.5,2.0,31160.0,10.35
IT,H,16.13,2023,2.78,3.45,12.4,77.07,4.34,10.91,17.54,7.7,5.9,36330.0,10.5
IT,H,16.41,2025,2.8,11.62,12.2,85.09,4.44,9.89,13.27,6.1,1.6,38310.0,10.55
IT,I,13.24,2021,2.58,4.82,6.4,32.01,3.47,1.84,7.17,9.5,2.0,31160.0,10.35
IT,I,11.66,2023,2.46,3.99,7.2,42.41,3.75,3.23,9.39,7.7,5.9,36330.0,10.5
IT,I,11.99,2025,2.48,11.73,7.5,43.5,3.77,1.58,9.75,6.1,1.6,38310.0,10.55
IT,J,24.19,2021,3.19,16.19,47.4,95.89,4.56,66.23,56.29,9.5,2.0,31160.0,10.35
IT,J,22.0,2023,3.09,21.04,48.5,95.43,4.56,59.89,52.51,7.7,5.9,36330.0,10.5
IT,J,22.45,2025,3.11,51.28,48.0,103.78,4.64,62.03,52.32,6.1,1.6,38310.0,10.55
IT,L,21.05,2021,3.05,3.19,25.2,1214.62,7.1,15.05,12.6,9.5,2.0,31160.0,10.35
IT,L,17.78,2023,2.88,2.73,25.6,1327.41,7.19,18.24,17.17,7.7,5.9,36330.0,10.5
IT,L,18.42,2025,2.91,13.96,20.7,1352.5,7.21,11.07,19.44,6.1,1.6,38310.0,10.55
IT,M,24.57,2021,3.2,8.68,43.7,65.58,4.18,18.2,20.09,9.5,2.0,31160.0,10.35
IT,M,22.58,2023,3.12,9.23,45.3,72.86,4.29,22.06,27.38,7.7,5.9,36330.0,10.5
IT,M,23.65,2025,3.16,35.72,45.6,72.71,4.29,20.93,28.21,6.1,1.6,38310.0,10.55
IT,N,12.86,2021,2.55,6.22,12.3,39.8,3.68,10.39,11.96,9.5,2.0,31160.0,10.35
IT,N,11.17,2023,2.41,6.73,13.7,44.43,3.79,11.32,19.21,7.7,5.9,36330.0,10.5
IT,N,11.58,2025,2.45,15.97,15.4,47.35,3.86,14.47,16.81,6.1,1.6,38310.0,10.55
LT,C,9.24,2021,2.22,5.06,31.6,39.27,3.67,15.3,12.73,7.1,4.6,20190.0,9.91
LT,C,8.9,2023,2.19,4.83,34.0,47.56,3.86,17.45,11.2,6.9,8.7,25880.0,10.16
LT,F,8.64,2021,2.16,1.11,27.0,34.07,3.53,5.71,7.87,7.1,4.6,20190.0,9.91
LT,F,8.63,2023,2.16,2.4,29.9,41.16,3.72,4.95,4.59,6.9,8.7,25880.0,10.16
LT,G,9.16,2021,2.21,2.79,43.1,40.45,3.7,16.37,15.49,7.1,4.6,20190.0,9.91
LT,G,8.76,2023,2.17,4.39,43.6,48.47,3.88,18.23,16.15,6.9,8.7,25880.0,10.16
LT,H,8.12,2021,2.09,3.84,35.5,49.67,3.91,8.8,5.25,7.1,4.6,20190.0,9.91
LT,H,8.23,2023,2.11,4.97,36.4,61.01,4.11,11.35,6.33,6.9,8.7,25880.0,10.16
LT,I,6.13,2021,1.81,3.8,21.1,20.31,3.01,6.43,5.51,7.1,4.6,20190.0,9.91
LT,I,6.02,2023,1.8,0.55,31.9,31.23,3.44,4.77,4.96,6.9,8.7,25880.0,10.16
LT,J,16.93,2021,2.83,22.77,85.5,42.85,3.76,76.83,53.44,7.1,4.6,20190.0,9.91
LT,J,17.19,2023,2.84,26.68,80.2,54.87,4.0,84.13,63.1,6.9,8.7,25880.0,10.16
LT,L,8.98,2021,2.19,1.3,56.1,231.74,5.45,18.55,6.66,7.1,4.6,20190.0,9.91
LT,L,9.43,2023,2.24,2.65,54.6,295.71,5.69,22.37,8.22,6.9,8.7,25880.0,10.16
LT,M,13.48,2021,2.6,7.22,87.1,34.79,3.55,22.59,19.87,7.1,4.6,20190.0,9.91
LT,M,13.78,2023,2.62,4.07,81.9,35.65,3.57,27.24,24.53,6.9,8.7,25880.0,10.16
LT,N,7.34,2021,1.99,6.35,38.2,29.3,3.38,21.49,21.65,7.1,4.6,20190.0,9.91
LT,N,7.96,2023,2.07,5.46,39.8,36.08,3.59,16.18,12.73,6.9,8.7,25880.0,10.16
LU,G,28.65,2021,3.36,9.14,38.3,100.59,4.61,18.39,21.32,5.3,3.5,113920.0,11.64
LU,G,28.68,2023,3.36,14.61,39.9,119.76,4.79,21.28,19.49,5.2,2.9,122970.0,11.72
LU,J,42.7,2021,3.75,28.69,71.8,165.5,5.11,80.47,70.91,5.3,3.5,113920.0,11.64
LU,J,42.45,2023,3.75,31.66,74.0,223.21,5.41,78.48,69.59,5.2,2.9,122970.0,11.72
LU,M,52.91,2021,3.97,20.8,80.5,140.72,4.95,26.48,22.21,5.3,3.5,113920.0,11.64
LU,M,52.7,2023,3.96,21.98,79.6,148.68,5.0,30.66,28.53,5.2,2.9,122970.0,11.72
LV,C,7.22,2021,1.98,2.61,22.3,35.71,3.58,17.61,12.59,7.6,3.2,17130.0,9.75
LV,C,6.83,2023,1.92,4.14,22.0,37.11,3.61,17.52,11.71,6.5,9.1,21030.0,9.95
LV,D,9.18,2021,2.22,2.88,53.3,71.71,4.27,34.62,20.57,7.6,3.2,17130.0,9.75
LV,D,9.42,2023,2.24,8.36,54.7,105.22,4.66,33.48,19.71,6.5,9.1,21030.0,9.95
LV,F,7.94,2021,2.07,3.32,21.9,25.49,3.24,11.54,14.68,7.6,3.2,17130.0,9.75
LV,F,7.04,2023,1.95,1.51,24.0,34.66,3.55,9.04,11.59,6.5,9.1,21030.0,9.95
LV,G,7.04,2021,1.95,3.05,29.1,29.62,3.39,20.97,16.34,7.6,3.2,17130.0,9.75
LV,G,6.63,2023,1.89,2.41,31.7,37.11,3.61,18.82,15.62,6.5,9.1,21030.0,9.95
LV,H,7.22,2021,1.98,3.45,29.3,28.39,3.35,16.26,12.79,7.6,3.2,17130.0,9.75
LV,H,6.97,2023,1.94,4.1,30.2,35.65,3.57,16.58,12.17,6.5,9.1,21030.0,9.95
LV,I,5.35,2021,1.68,0.28,16.2,12.41,2.52,5.99,8.11,7.6,3.2,17130.0,9.75
LV,I,4.81,2023,1.57,1.01,13.8,21.54,3.07,5.55,4.23,6.5,9.1,21030.0,9.95
LV,J,14.0,2021,2.64,13.71,64.6,53.74,3.98,72.95,51.08,7.6,3.2,17130.0,9.75
LV,J,13.32,2023,2.59,20.93,62.9,58.98,4.08,64.47,49.51,6.5,9.1,21030.0,9.95
LV,L,6.87,2021,1.93,2.7,28.7,107.03,4.67,20.64,15.38,7.6,3.2,17130.0,9.75
LV,L,6.35,2023,1.85,5.85,30.8,139.43,4.94,19.96,14.74,6.5,9.1,21030.0,9.95
LV,M,13.29,2021,2.59,9.28,78.6,40.53,3.7,31.53,25.65,7.6,3.2,17130.0,9.75
LV,M,12.62,2023,2.54,11.37,77.0,44.75,3.8,30.49,24.58,6.5,9.1,21030.0,9.95
LV,N,6.96,2021,1.94,4.01,29.6,25.04,3.22,25.14,17.87,7.6,3.2,17130.0,9.75
LV,N,6.21,2023,1.83,6.6,26.6,29.3,3.38,15.98,14.16,6.5,9.1,21030.0,9.95
MT,C,12.98,2021,2.56,6.23,23.1,43.6,3.78,24.54,19.62,3.8,0.7,32190.0,10.38
MT,C,13.5,2023,2.6,10.06,22.7,50.13,3.91,28.48,21.64,3.5,5.6,37810.0,10.54
MT,C,14.61,2025,2.68,17.57,24.3,51.34,3.94,29.29,28.55,3.1,2.4,42160.0,10.65
MT,F,10.46,2021,2.35,7.62,9.8,38.05,3.64,9.59,8.99,3.8,0.7,32190.0,10.38
MT,F,9.92,2023,2.29,9.05,15.4,40.41,3.7,18.47,14.18,3.5,5.6,37810.0,10.54
MT,F,9.45,2025,2.25,10.61,23.8,40.39,3.7,16.14,12.55,3.1,2.4,42160.0,10.65
MT,G,12.32,2021,2.51,7.12,15.3,31.86,3.46,25.25,26.1,3.8,0.7,32190.0,10.38
MT,G,11.42,2023,2.44,9.44,17.5,37.52,3.62,29.11,23.6,3.5,5.6,37810.0,10.54
MT,G,11.83,2025,2.47,14.75,22.2,38.3,3.65,28.59,25.12,3.1,2.4,42160.0,10.65
MT,H,15.03,2021,2.71,15.0,20.8,44.32,3.79,23.58,31.94,3.8,0.7,32190.0,10.38
MT,H,16.58,2023,2.81,16.45,27.0,67.7,4.22,31.57,32.78,3.5,5.6,37810.0,10.54
MT,H,14.93,2025,2.7,18.55,29.4,79.53,4.38,33.95,33.95,3.1,2.4,42160.0,10.65
MT,J,21.1,2021,3.05,25.35,51.8,132.0,4.88,76.9,68.6,3.8,0.7,32190.0,10.38
MT,J,18.5,2023,2.92,35.29,54.0,169.05,5.13,82.46,68.68,3.5,5.6,37810.0,10.54
MT,J,17.95,2025,2.89,60.4,58.2,188.54,5.24,87.43,78.7,3.1,2.4,42160.0,10.65
MT,N,10.92,2021,2.39,8.64,24.2,38.75,3.66,29.69,26.71,3.8,0.7,32190.0,10.38
MT,N,11.25,2023,2.42,12.39,32.5,45.35,3.81,34.72,34.95,3.5,5.6,37810.0,10.54
MT,N,10.41,2025,2.34,23.2,20.8,45.09,3.81,32.06,34.3,3.1,2.4,42160.0,10.65
NL,F,26.73,2021,3.29,7.39,22.0,75.42,4.32,11.95,15.16,4.2,2.8,50850.0,10.84
NL,F,25.12,2023,3.22,4.72,23.5,82.46,4.41,14.88,18.32,3.6,4.1,58740.0,10.98
NL,F,26.5,2025,3.28,21.29,25.1,92.1,4.52,14.9,18.77,3.9,3.0,64710.0,11.08
NO,C,35.84,2021,3.58,9.35,31.3,110.99,4.71,18.8,33.46,4.4,3.9,81520.0,11.31
NO,C,30.47,2023,3.42,8.35,31.5,114.88,4.74,19.85,36.6,3.6,5.7,84120.0,11.34
NO,C,31.75,2025,3.46,25.98,31.4,122.54,4.81,17.77,31.32,4.5,2.8,83860.0,11.34
NO,D,45.48,2021,3.82,31.78,60.3,688.94,6.54,47.33,61.28,4.4,3.9,81520.0,11.31
NO,D,39.82,2023,3.68,34.1,69.8,636.58,6.46,63.61,74.38,3.6,5.7,84120.0,11.34
NO,D,41.67,2025,3.73,64.42,66.6,541.52,6.29,62.5,74.01,4.5,2.8,83860.0,11.34
NO,F,31.06,2021,3.44,5.18,22.6,88.19,4.48,5.9,24.53,4.4,3.9,81520.0,11.31
NO,F,26.37,2023,3.27,3.65,21.4,84.14,4.43,7.42,26.25,3.6,5.7,84120.0,11.34
NO,F,27.44,2025,3.31,19.01,21.6,88.2,4.48,5.4,19.13,4.5,2.8,83860.0,11.34
NO,G,34.04,2021,3.53,8.16,25.7,78.77,4.37,13.74,29.92,4.4,3.9,81520.0,11.31
NO,G,28.57,2023,3.35,6.74,24.5,74.95,4.32,18.95,31.95,3.6,5.7,84120.0,11.34
NO,G,29.6,2025,3.39,23.68,27.0,84.5,4.44,25.59,34.08,4.5,2.8,83860.0,11.34
NO,H,34.39,2021,3.54,3.44,23.8,86.35,4.46,12.21,26.79,4.4,3.9,81520.0,11.31
NO,H,29.94,2023,3.4,5.38,27.8,112.17,4.72,15.39,24.78,3.6,5.7,84120.0,11.34
NO,H,32.4,2025,3.48,20.52,27.2,108.38,4.69,12.2,18.63,4.5,2.8,83860.0,11.34
NO,I,23.29,2021,3.15,2.29,24.0,43.31,3.77,8.91,19.18,4.4,3.9,81520.0,11.31
NO,I,18.54,2023,2.92,5.11,25.8,49.18,3.9,9.21,20.3,3.6,5.7,84120.0,11.34
NO,I,19.61,2025,2.98,12.39,26.4,53.39,3.98,9.11,14.14,4.5,2.8,83860.0,11.34
NO,J,48.38,2021,3.88,41.95,69.1,149.76,5.01,65.86,71.97,4.4,3.9,81520.0,11.31
NO,J,41.72,2023,3.73,31.55,70.8,141.78,4.95,74.2,73.67,3.6,5.7,84120.0,11.34
NO,J,43.32,2025,3.77,78.31,76.2,155.41,5.05,72.05,71.04,4.5,2.8,83860.0,11.34
NO,L,45.9,2021,3.83,12.87,54.3,1360.55,7.22,19.66,41.15,4.4,3.9,81520.0,11.31
NO,L,37.61,2023,3.63,6.06,39.0,1315.78,7.18,26.43,49.95,3.6,5.7,84120.0,11.34
NO,L,40.23,2025,3.69,36.25,52.7,1408.81,7.25,17.71,35.48,4.5,2.8,83860.0,11.34
NO,M,46.33,2021,3.84,22.54,76.0,116.12,4.75,18.85,39.45,4.4,3.9,81520.0,11.31
NO,M,39.74,2023,3.68,19.33,80.7,115.14,4.75,25.33,47.88,3.6,5.7,84120.0,11.34
NO,M,41.81,2025,3.73,55.22,82.6,120.85,4.79,30.89,47.64,4.5,2.8,83860.0,11.34
NO,N,30.29,2021,3.41,14.59,31.4,77.8,4.35,14.25,33.75,4.4,3.9,81520.0,11.31
NO,N,25.3,2023,3.23,8.92,29.9,76.94,4.34,15.34,31.87,3.6,5.7,84120.0,11.34
NO,N,27.44,2025,3.31,32.13,36.8,81.08,4.4,17.18,26.73,4.5,2.8,83860.0,11.34
PL,C,7.52,2021,2.02,2.33,22.7,30.46,3.42,27.28,16.14,3.4,5.2,15770.0,9.67
PL,C,7.53,2023,2.02,2.86,26.9,40.3,3.7,32.05,22.75,2.8,10.8,19980.0,9.9
PL,D,11.29,2021,2.42,4.75,42.3,75.2,4.32,38.31,35.59,3.4,5.2,15770.0,9.67
PL,D,11.5,2023,2.44,7.58,43.6,125.63,4.83,49.04,53.95,2.8,10.8,19980.0,9.9
PL,E,7.09,2021,1.96,0.84,26.7,38.72,3.66,29.35,20.82,3.4,5.2,15770.0,9.67
PL,E,6.97,2023,1.94,2.31,27.7,42.98,3.76,37.57,31.56,2.8,10.8,19980.0,9.9
PL,F,7.17,2021,1.97,0.35,18.0,26.84,3.29,14.38,8.42,3.4,5.2,15770.0,9.67
PL,F,6.9,2023,1.93,1.23,22.0,37.19,3.62,19.78,11.13,2.8,10.8,19980.0,9.9
PL,G,7.0,2021,1.95,3.1,25.5,34.08,3.53,23.18,18.62,3.4,5.2,15770.0,9.67
PL,G,6.97,2023,1.94,3.99,28.9,41.21,3.72,29.2,26.67,2.8,10.8,19980.0,9.9
PL,H,6.82,2021,1.92,1.85,21.8,26.65,3.28,16.08,11.45,3.4,5.2,15770.0,9.67
PL,H,7.8,2023,2.05,1.84,23.9,41.66,3.73,25.32,19.13,2.8,10.8,19980.0,9.9
PL,I,5.69,2021,1.74,0.99,17.6,17.54,2.86,14.44,12.88,3.4,5.2,15770.0,9.67
PL,I,5.78,2023,1.75,1.65,17.4,26.36,3.27,22.17,20.83,2.8,10.8,19980.0,9.9
PL,J,13.47,2021,2.6,16.35,77.3,47.03,3.85,81.65,61.3,3.4,5.2,15770.0,9.67
PL,J,13.38,2023,2.59,17.56,79.1,50.54,3.92,84.35,71.25,2.8,10.8,19980.0,9.9
PL,L,7.79,2021,2.05,1.76,48.5,200.83,5.3,23.72,18.4,3.4,5.2,15770.0,9.67
PL,L,7.67,2023,2.04,2.39,52.2,247.02,5.51,30.37,27.89,2.8,10.8,19980.0,9.9
PL,M,10.76,2021,2.38,6.48,77.4,38.6,3.65,33.83,25.62,3.4,5.2,15770.0,9.67
PL,M,10.66,2023,2.37,9.05,79.5,47.68,3.86,43.31,38.83,2.8,10.8,19980.0,9.9
PL,N,6.56,2021,1.88,4.16,20.5,32.58,3.48,24.04,18.66,3.4,5.2,15770.0,9.67
PL,N,6.83,2023,1.92,4.8,25.8,38.75,3.66,31.28,27.26,2.8,10.8,19980.0,9.9
PT,C,10.14,2021,2.32,8.58,15.8,36.96,3.61,18.18,19.69,6.7,0.9,20800.0,9.94
PT,C,9.92,2023,2.29,8.74,17.4,44.59,3.8,20.11,18.31,6.5,5.3,25560.0,10.15
PT,D,22.29,2021,3.1,20.37,39.7,371.3,5.92,47.78,40.34,6.7,0.9,20800.0,9.94
PT,D,23.28,2023,3.15,20.89,47.9,322.38,5.78,49.51,47.92,6.5,5.3,25560.0,10.15
PT,E,9.09,2021,2.21,9.51,23.1,43.78,3.78,27.16,32.01,6.7,0.9,20800.0,9.94
PT,E,8.74,2023,2.17,7.92,27.0,43.44,3.77,28.14,38.02,6.5,5.3,25560.0,10.15
PT,F,8.9,2021,2.19,1.06,13.7,25.09,3.22,10.4,13.53,6.7,0.9,20800.0,9.94
PT,F,8.57,2023,2.15,2.92,14.2,30.5,3.42,8.91,14.17,6.5,5.3,25560.0,10.15
PT,G,11.19,2021,2.42,6.63,21.1,33.67,3.52,21.4,25.76,6.7,0.9,20800.0,9.94
PT,G,11.01,2023,2.4,6.94,23.4,39.4,3.67,19.41,26.3,6.5,5.3,25560.0,10.15
PT,H,14.35,2021,2.66,7.38,16.4,41.39,3.72,17.89,15.85,6.7,0.9,20800.0,9.94
PT,H,13.78,2023,2.62,8.26,16.6,56.96,4.04,14.75,26.28,6.5,5.3,25560.0,10.15
PT,I,9.56,2021,2.26,4.4,12.2,24.45,3.2,11.93,10.91,6.7,0.9,20800.0,9.94
PT,I,8.07,2023,2.09,5.26,13.1,38.12,3.64,11.48,17.86,6.5,5.3,25560.0,10.15
PT,N,6.89,2021,1.93,10.81,21.5,20.23,3.01,29.51,32.41,6.7,0.9,20800.0,9.94
PT,N,6.81,2023,1.92,10.29,23.6,25.49,3.24,29.67,27.2,6.5,5.3,25560.0,10.15
RO,C,5.99,2021,1.79,1.28,12.7,25.54,3.24,15.43,4.58,5.6,4.1,12590.0,9.44
RO,C,6.42,2023,1.86,1.34,13.6,30.32,3.41,9.35,6.54,5.6,9.7,16870.0,9.73
RO,D,9.98,2021,2.3,1.84,30.0,68.13,4.22,41.45,14.8,5.6,4.1,12590.0,9.44
RO,D,11.23,2023,2.42,5.61,36.4,112.44,4.72,39.34,22.63,5.6,9.7,16870.0,9.73
RO,E,5.47,2021,1.7,0.59,13.9,18.06,2.89,16.19,5.69,5.6,4.1,12590.0,9.44
RO,E,5.86,2023,1.77,0.58,14.5,26.37,3.27,15.36,8.7,5.6,9.7,16870.0,9.73
RO,F,5.29,2021,1.67,0.05,13.1,20.34,3.01,14.63,2.72,5.6,4.1,12590.0,9.44
RO,F,6.0,2023,1.79,0.13,12.4,32.31,3.48,5.55,6.01,5.6,9.7,16870.0,9.73
RO,G,6.16,2021,1.82,0.6,18.8,23.24,3.15,12.2,4.95,5.6,4.1,12590.0,9.44
RO,G,6.64,2023,1.89,1.29,16.5,29.99,3.4,8.0,7.08,5.6,9.7,16870.0,9.73
RO,H,6.34,2021,1.85,0.31,11.8,24.51,3.2,13.58,3.56,5.6,4.1,12590.0,9.44
RO,H,6.99,2023,1.94,0.36,10.3,36.61,3.6,8.32,6.68,5.6,9.7,16870.0,9.73
RO,I,4.08,2021,1.41,0.27,10.6,14.65,2.68,10.26,4.34,5.6,4.1,12590.0,9.44
RO,I,4.45,2023,1.49,0.06,7.8,23.09,3.14,9.1,2.44,5.6,9.7,16870.0,9.73
RO,J,13.37,2021,2.59,8.8,74.6,79.53,4.38,53.4,34.4,5.6,4.1,12590.0,9.44
RO,J,14.69,2023,2.69,8.12,75.4,124.96,4.83,59.51,44.16,5.6,9.7,16870.0,9.73
RO,L,5.47,2021,1.7,0.39,46.5,685.44,6.53,7.84,4.3,5.6,4.1,12590.0,9.44
RO,L,6.0,2023,1.79,0.0,37.7,704.67,6.56,7.44,6.57,5.6,9.7,16870.0,9.73
RO,M,9.89,2021,2.29,6.68,80.1,62.48,4.13,27.64,13.42,5.6,4.1,12590.0,9.44
RO,M,10.24,2023,2.33,7.21,78.7,95.27,4.56,26.23,20.51,5.6,9.7,16870.0,9.73
RO,N,5.12,2021,1.63,3.04,15.4,29.43,3.38,14.31,4.19,5.6,4.1,12590.0,9.44
RO,N,5.72,2023,1.74,1.57,17.6,40.1,3.69,11.35,9.8,5.6,9.7,16870.0,9.73
SE,C,27.88,2021,3.33,8.87,30.6,125.0,4.83,22.25,39.09,8.9,2.7,51260.0,10.84
SE,C,23.09,2023,3.14,7.47,33.3,124.88,4.83,22.27,38.58,7.7,5.9,50490.0,10.83
SE,D,30.86,2021,3.43,25.06,50.2,403.74,6.0,51.66,57.34,8.9,2.7,51260.0,10.84
SE,D,25.86,2023,3.25,20.1,48.4,382.47,5.95,65.21,73.75,7.7,5.9,50490.0,10.83
SE,E,24.35,2021,3.19,9.58,29.7,101.75,4.62,17.51,29.86,8.9,2.7,51260.0,10.84
SE,E,19.93,2023,2.99,7.83,21.8,99.88,4.6,22.11,38.41,7.7,5.9,50490.0,10.83
SE,F,24.53,2021,3.2,2.32,16.7,82.25,4.41,5.81,19.4,8.9,2.7,51260.0,10.84
SE,F,20.72,2023,3.03,2.78,19.6,78.12,4.36,8.91,24.05,7.7,5.9,50490.0,10.83
SE,G,24.62,2021,3.2,11.84,26.8,87.92,4.48,23.2,33.45,8.9,2.7,51260.0,10.84
SE,G,20.48,2023,3.02,10.79,27.1,77.59,4.35,26.32,40.35,7.7,5.9,50490.0,10.83
SE,H,22.54,2021,3.12,3.71,21.4,88.7,4.49,9.63,18.28,8.9,2.7,51260.0,10.84
SE,H,18.74,2023,2.93,4.74,21.3,92.55,4.53,14.18,15.17,7.7,5.9,50490.0,10.83
SE,I,19.55,2021,2.97,4.2,16.1,37.01,3.61,7.79,13.86,8.9,2.7,51260.0,10.84
SE,I,16.06,2023,2.78,3.18,20.3,39.83,3.68,3.33,13.69,7.7,5.9,50490.0,10.83
SE,J,34.75,2021,3.55,30.81,68.7,168.7,5.13,71.87,59.5,8.9,2.7,51260.0,10.84
SE,J,28.95,2023,3.37,36.85,73.2,137.74,4.93,76.1,64.02,7.7,5.9,50490.0,10.83
SE,L,25.43,2021,3.24,9.6,40.0,438.6,6.08,22.84,38.54,8.9,2.7,51260.0,10.84
SE,L,20.72,2023,3.03,17.75,43.5,456.63,6.12,28.83,49.57,7.7,5.9,50490.0,10.83
SE,M,31.77,2021,3.46,16.47,69.1,101.66,4.62,22.81,34.06,8.9,2.7,51260.0,10.84
SE,M,27.29,2023,3.31,20.69,72.4,100.71,4.61,28.79,43.81,7.7,5.9,50490.0,10.83
SE,N,20.64,2021,3.03,8.58,29.7,57.1,4.04,17.58,27.38,8.9,2.7,51260.0,10.84
SE,N,17.48,2023,2.86,8.3,29.3,60.95,4.11,17.64,25.01,7.7,5.9,50490.0,10.83
SI,C,17.29,2021,2.85,12.57,29.2,47.24,3.86,17.22,24.81,4.8,2.0,24690.0,10.11
SI,C,17.71,2023,2.87,12.34,22.5,55.46,4.02,24.28,32.33,3.7,7.2,30200.0,10.32
SI,E,16.83,2021,2.82,3.62,32.9,43.64,3.78,24.21,29.86,4.8,2.0,24690.0,10.11
SI,E,17.31,2023,2.85,0.0,22.4,44.39,3.79,30.13,38.49,3.7,7.2,30200.0,10.32
SI,F,14.58,2021,2.68,4.16,16.7,35.11,3.56,2.59,10.59,4.8,2.0,24690.0,10.11
SI,F,14.68,2023,2.69,3.5,11.6,45.4,3.82,3.5,7.26,3.7,7.2,30200.0,10.32
SI,G,16.92,2021,2.83,10.95,31.3,44.25,3.79,18.75,30.0,4.8,2.0,24690.0,10.11
SI,G,17.15,2023,2.84,14.49,27.7,51.84,3.95,22.65,34.84,3.7,7.2,30200.0,10.32
SI,H,14.86,2021,2.7,12.52,26.1,48.23,3.88,4.87,12.71,4.8,2.0,24690.0,10.11
SI,H,15.31,2023,2.73,7.5,19.7,57.27,4.05,5.56,11.21,3.7,7.2,30200.0,10.32
SI,I,19.35,2021,2.96,5.08,19.2,20.08,3.0,4.95,18.19,4.8,2.0,24690.0,10.11
SI,I,20.26,2023,3.01,6.53,13.2,30.56,3.42,4.6,16.13,3.7,7.2,30200.0,10.32
SI,J,22.9,2021,3.13,39.65,69.3,58.43,4.07,91.38,79.36,4.8,2.0,24690.0,10.11
SI,J,22.49,2023,3.11,32.48,67.6,64.4,4.17,87.08,80.09,3.7,7.2,30200.0,10.32
SI,M,21.59,2021,3.07,18.59,69.7,38.83,3.66,25.31,37.22,4.8,2.0,24690.0,10.11
SI,M,21.53,2023,3.07,22.24,63.8,43.74,3.78,31.5,47.97,3.7,7.2,30200.0,10.32
SI,N,12.9,2021,2.56,9.02,21.7,24.9,3.21,10.39,17.44,4.8,2.0,24690.0,10.11
SI,N,13.56,2023,2.61,3.22,15.9,31.38,3.45,14.76,27.52,3.7,7.2,30200.0,10.32
SK,C,9.5,2021,2.25,5.4,15.9,33.2,3.5,18.5,17.83,6.8,2.8,18730.0,9.84
SK,C,8.79,2023,2.17,6.07,17.9,40.53,3.7,18.57,17.82,5.8,11.0,22640.0,10.03
SK,D,13.81,2021,2.63,6.63,38.0,113.13,4.73,25.2,37.4,6.8,2.8,18730.0,9.84
SK,D,13.11,2023,2.57,9.98,43.3,249.99,5.52,26.98,38.55,5.8,11.0,22640.0,10.03
SK,F,8.16,2021,2.1,2.12,17.7,43.49,3.77,4.49,6.91,6.8,2.8,18730.0,9.84
SK,F,7.93,2023,2.07,4.08,16.4,50.97,3.93,6.23,3.53,5.8,11.0,22640.0,10.03
SK,G,8.79,2021,2.17,4.88,19.7,25.65,3.24,15.43,15.19,6.8,2.8,18730.0,9.84
SK,G,8.29,2023,2.12,6.96,21.4,36.28,3.59,17.52,15.54,5.8,11.0,22640.0,10.03
SK,H,7.98,2021,2.08,6.23,12.3,39.24,3.67,7.29,8.98,6.8,2.8,18730.0,9.84
SK,H,7.78,2023,2.05,3.32,16.4,43.8,3.78,14.47,7.41,5.8,11.0,22640.0,10.03
SK,I,6.63,2021,1.89,1.25,11.9,14.86,2.7,2.46,5.98,6.8,2.8,18730.0,9.84
SK,I,5.48,2023,1.7,2.31,12.3,22.93,3.13,4.37,6.38,5.8,11.0,22640.0,10.03
SK,J,15.69,2021,2.75,18.19,71.4,60.13,4.1,69.63,58.38,6.8,2.8,18730.0,9.84
SK,J,14.55,2023,2.68,21.62,72.6,70.58,4.26,71.88,53.54,5.8,11.0,22640.0,10.03
SK,M,11.84,2021,2.47,3.67,65.6,38.11,3.64,18.24,21.33,6.8,2.8,18730.0,9.84
SK,M,11.53,2023,2.44,12.22,67.6,43.4,3.77,19.53,21.99,5.8,11.0,22640.0,10.03
SK,N,7.35,2021,1.99,8.6,23.2,28.46,3.35,16.9,14.74,6.8,2.8,18730.0,9.84
SK,N,7.21,2023,1.98,10.16,25.0,35.94,3.58,13.37,7.67,5.8,11.0,22640.0,10.03
