geo,nace_r2,spec_ict,year
AT,C,28.74,2020
AT,C,28.37,2022
AT,C,30.02,2024
AT,D,40.63,2020
AT,D,48.06,2022
AT,D,47.21,2024
AT,E,23.4,2020
AT,E,27.69,2022
AT,E,25.2,2024
AT,F,8.24,2020
AT,F,9.03,2022
AT,F,7.12,2024
AT,G,16.25,2020
AT,G,22.79,2022
AT,G,18.57,2024
AT,H,12.28,2020
AT,H,16.96,2022
AT,H,12.04,2024
AT,I,3.51,2020
AT,I,9.37,2022
AT,I,5.87,2024
AT,J,88.96,2020
AT,J,80.81,2022
AT,J,80.74,2024
AT,L,26.38,2020
AT,L,31.21,2022
AT,L,29.09,2024
AT,M,30.41,2020
AT,M,35.97,2022
AT,M,27.08,2024
AT,N,17.98,2020
AT,N,16.83,2022
AT,N,16.19,2024
BE,C,31.54,2020
BE,C,35.46,2022
BE,C,35.31,2024
BE,D,64.92,2020
BE,D,77.27,2022
BE,D,63.12,2024
BE,E,23.26,2020
BE,E,27.69,2022
BE,E,25.2,2024
BE,F,17.12,2020
BE,F,15.14,2022
BE,F,10.97,2024
BE,G,27.02,2020
BE,G,33.1,2022
BE,G,29.86,2024
BE,H,24.48,2020
BE,H,30.36,2022
BE,H,30.67,2024
BE,I,9.26,2020
BE,I,14.46,2022
BE,I,7.9,2024
BE,J,87.15,2020
BE,J,85.93,2022
BE,J,79.31,2024
BE,L,19.24,2020
BE,L,22.9,2022
BE,L,20.93,2024
BE,M,40.52,2020
BE,M,48.23,2022
BE,M,39.57,2024
BE,N,26.95,2020
BE,N,27.55,2022
BE,N,24.2,2024
BG,C,15.16,2020
BG,C,14.73,2022
BG,C,15.53,2024
BG,D,39.94,2020
BG,D,46.26,2022
BG,D,29.93,2024
BG,E,19.07,2020
BG,E,22.08,2022
BG,E,19.98,2024
BG,F,9.33,2020
BG,F,5.39,2022
BG,F,8.44,2024
BG,G,13.33,2020
BG,G,13.92,2022
BG,G,16.97,2024
BG,H,9.29,2020
BG,H,7.87,2022
BG,H,15.48,2024
BG,I,10.22,2020
BG,I,9.5,2022
BG,I,7.8,2024
BG,J,67.16,2020
BG,J,68.99,2022
BG,J,71.95,2024
BG,L,19.5,2020
BG,L,22.58,2022
BG,L,20.49,2024
BG,M,23.61,2020
BG,M,27.34,2022
BG,M,24.06,2024
BG,N,14.08,2020
BG,N,13.52,2022
BG,N,13.34,2024
CY,C,14.23,2020
CY,C,16.29,2022
CY,C,14.93,2024
CY,D,62.85,2020
CY,D,61.23,2022
CY,D,100.0,2024
CY,E,26.06,2020
CY,E,25.39,2022
CY,E,27.72,2024
CY,F,13.63,2020
CY,F,12.17,2022
CY,F,12.7,2024
CY,G,23.31,2020
CY,G,21.8,2022
CY,G,23.57,2024
CY,H,40.18,2020
CY,H,32.67,2022
CY,H,37.73,2024
CY,I,15.59,2020
CY,I,16.39,2022
CY,I,18.44,2024
CY,J,81.86,2020
CY,J,73.14,2022
CY,J,84.75,2024
CY,L,11.8,2020
CY,L,11.5,2022
CY,L,22.73,2024
CY,M,37.68,2020
CY,M,36.71,2022
CY,M,40.71,2024
CY,N,32.96,2020
CY,N,32.22,2022
CY,N,30.88,2024
CZ,C,21.66,2020
CZ,C,21.42,2022
CZ,C,23.05,2024
CZ,D,19.23,2020
CZ,D,19.19,2022
CZ,D,20.57,2024
CZ,E,19.15,2020
CZ,E,19.11,2022
CZ,E,17.34,2024
CZ,F,7.24,2020
CZ,F,7.29,2022
CZ,F,6.94,2024
CZ,G,17.93,2020
CZ,G,19.29,2022
CZ,G,19.57,2024
CZ,H,7.93,2020
CZ,H,11.04,2022
CZ,H,14.29,2024
CZ,I,4.02,2020
CZ,I,4.2,2022
CZ,I,3.78,2024
CZ,J,85.3,2020
CZ,J,83.49,2022
CZ,J,84.2,2024
CZ,L,16.29,2020
CZ,L,16.25,2022
CZ,L,19.4,2024
CZ,M,25.68,2020
CZ,M,25.62,2022
CZ,M,25.26,2024
CZ,N,10.67,2020
CZ,N,15.73,2022
CZ,N,12.66,2024
DE,C,24.97,2020
DE,C,25.82,2022
DE,C,26.81,2024
DE,D,43.77,2020
DE,D,55.87,2022
DE,D,59.89,2024
DE,E,18.59,2020
DE,E,23.73,2022
DE,E,24.99,2024
DE,F,4.98,2020
DE,F,7.95,2022
DE,F,6.96,2024
DE,G,19.84,2020
DE,G,19.83,2022
DE,G,21.33,2024
DE,H,12.38,2020
DE,H,17.23,2022
DE,H,16.52,2024
DE,I,5.08,2020
DE,I,5.35,2022
DE,I,7.1,2024
DE,J,71.32,2020
DE,J,80.58,2022
DE,J,82.15,2024
DE,L,17.56,2020
DE,L,22.41,2022
DE,L,25.06,2024
DE,M,23.98,2020
DE,M,30.61,2022
DE,M,32.29,2024
DE,N,15.94,2020
DE,N,20.56,2022
DE,N,18.25,2024
DK,C,30.07,2020
DK,C,31.99,2022
DK,C,26.96,2024
DK,D,50.89,2020
DK,D,66.03,2022
DK,D,70.25,2024
DK,E,31.41,2020
DK,E,40.76,2022
DK,E,26.21,2024
DK,F,8.87,2020
DK,F,10.18,2022
DK,F,9.55,2024
DK,G,26.13,2020
DK,G,33.44,2022
DK,G,29.91,2024
DK,H,18.03,2020
DK,H,29.97,2022
DK,H,26.81,2024
DK,I,8.96,2020
DK,I,19.82,2022
DK,I,17.64,2024
DK,J,87.13,2020
DK,J,89.16,2022
DK,J,86.46,2024
DK,L,19.01,2020
DK,L,24.66,2022
DK,L,23.44,2024
DK,M,36.29,2020
DK,M,47.08,2022
DK,M,44.06,2024
DK,N,29.41,2020
DK,N,32.23,2022
DK,N,25.58,2024
EE,C,14.83,2020
EE,C,14.37,2022
EE,C,16.71,2024
EE,D,22.52,2020
EE,D,22.27,2022
EE,D,33.15,2024
EE,E,29.61,2020
EE,E,29.28,2022
EE,E,21.94,2024
EE,F,6.0,2020
EE,F,3.84,2022
EE,F,6.04,2024
EE,G,14.9,2020
EE,G,16.24,2022
EE,G,17.98,2024
EE,H,11.33,2020
EE,H,11.75,2022
EE,H,13.64,2024
EE,I,6.69,2020
EE,I,6.31,2022
EE,I,7.3,2024
EE,J,83.26,2020
EE,J,83.59,2022
EE,J,80.86,2024
EE,L,8.5,2020
EE,L,8.4,2022
EE,L,14.33,2024
EE,M,21.16,2020
EE,M,20.92,2022
EE,M,34.47,2024
EE,N,15.14,2020
EE,N,19.44,2022
EE,N,15.5,2024
EL,C,17.71,2020
EL,C,17.08,2022
EL,C,19.06,2024
EL,D,37.19,2020
EL,D,46.07,2022
EL,D,37.41,2024
EL,E,18.08,2020
EL,E,22.4,2022
EL,E,25.93,2024
EL,F,12.7,2020
EL,F,12.72,2022
EL,F,15.27,2024
EL,G,18.51,2020
EL,G,24.06,2022
EL,G,19.47,2024
EL,H,28.35,2020
EL,H,27.38,2022
EL,H,40.1,2024
EL,I,13.11,2020
EL,I,14.11,2022
EL,I,14.4,2024
EL,J,56.01,2020
EL,J,70.58,2022
EL,J,72.5,2024
EL,L,28.58,2020
EL,L,35.41,2022
EL,L,24.58,2024
EL,M,27.64,2020
EL,M,34.24,2022
EL,M,41.83,2024
EL,N,21.44,2020
EL,N,22.69,2022
EL,N,28.15,2024
ES,C,17.03,2020
ES,C,13.05,2022
ES,C,13.9,2024
ES,D,41.56,2020
ES,D,48.06,2022
ES,D,47.21,2024
ES,E,18.0,2020
ES,E,20.82,2022
ES,E,16.06,2024
ES,F,7.48,2020
ES,F,6.03,2022
ES,F,4.45,2024
ES,G,17.21,2020
ES,G,17.6,2022
ES,G,14.04,2024
ES,H,16.57,2020
ES,H,11.18,2022
ES,H,10.39,2024
ES,I,4.43,2020
ES,I,6.18,2022
ES,I,4.14,2024
ES,J,60.49,2020
ES,J,66.52,2022
ES,J,62.04,2024
ES,L,14.27,2020
ES,L,16.5,2022
ES,L,11.19,2024
ES,M,26.03,2020
ES,M,30.1,2022
ES,M,27.59,2024
ES,N,14.17,2020
ES,N,13.61,2022
ES,N,12.39,2024
FI,C,34.04,2020
FI,C,33.07,2022
FI,C,33.73,2024
FI,D,44.83,2020
FI,D,48.06,2022
FI,D,47.21,2024
FI,E,25.82,2020
FI,E,27.69,2022
FI,E,25.2,2024
FI,F,8.67,2020
FI,F,13.56,2022
FI,F,15.61,2024
FI,G,24.47,2020
FI,G,25.66,2022
FI,G,26.54,2024
FI,H,16.46,2020
FI,H,15.8,2022
FI,H,16.43,2024
FI,I,9.64,2020
FI,I,8.67,2022
FI,I,10.26,2024
FI,J,86.91,2020
FI,J,88.7,2022
FI,J,83.22,2024
FI,L,19.66,2020
FI,L,21.08,2022
FI,L,26.04,2024
FI,M,38.59,2020
FI,M,41.37,2022
FI,M,40.23,2024
FI,N,29.44,2020
FI,N,29.54,2022
FI,N,32.6,2024
FR,C,19.15,2020
FR,C,20.45,2022
FR,C,17.55,2024
FR,D,37.49,2020
FR,D,43.34,2022
FR,D,48.13,2024
FR,E,15.09,2020
FR,E,17.44,2022
FR,E,15.31,2024
FR,F,6.87,2020
FR,F,4.89,2022
FR,F,7.53,2024
FR,G,14.53,2020
FR,G,16.1,2022
FR,G,12.8,2024
FR,H,13.8,2020
FR,H,8.99,2022
FR,H,6.74,2024
FR,I,6.98,2020
FR,I,7.24,2022
FR,I,8.96,2024
FR,J,70.46,2020
FR,J,80.66,2022
FR,J,73.54,2024
FR,L,29.88,2020
FR,L,34.54,2022
FR,L,19.3,2024
FR,M,23.18,2020
FR,M,26.8,2022
FR,M,22.44,2024
FR,N,19.4,2020
FR,N,14.2,2022
FR,N,14.27,2024
HR,C,16.61,2020
HR,C,15.15,2022
HR,C,14.29,2024
HR,D,36.51,2020
HR,D,38.25,2022
HR,D,9.17,2024
HR,E,26.06,2020
HR,E,27.3,2022
HR,E,26.55,2024
HR,F,8.44,2020
HR,F,2.35,2022
HR,F,5.11,2024
HR,G,15.18,2020
HR,G,17.99,2022
HR,G,13.12,2024
HR,H,11.86,2020
HR,H,11.12,2022
HR,H,10.03,2024
HR,I,7.34,2020
HR,I,7.24,2022
HR,I,4.88,2024
HR,J,78.66,2020
HR,J,80.87,2022
HR,J,85.08,2024
HR,L,9.24,2020
HR,L,9.68,2022
HR,L,7.42,2024
HR,M,22.52,2020
HR,M,23.6,2022
HR,M,22.83,2024
HR,N,16.08,2020
HR,N,20.29,2022
HR,N,22.09,2024
HU,C,30.72,2020
HU,C,34.97,2022
HU,C,30.38,2024
HU,D,38.46,2020
HU,D,43.06,2022
HU,D,48.08,2024
HU,E,42.35,2020
HU,E,47.41,2022
HU,E,41.62,2024
HU,F,21.25,2020
HU,F,15.13,2022
HU,F,15.22,2024
HU,G,27.89,2020
HU,G,26.56,2022
HU,G,30.01,2024
HU,H,25.12,2020
HU,H,27.71,2022
HU,H,26.91,2024
HU,I,12.37,2020
HU,I,16.16,2022
HU,I,13.8,2024
HU,J,83.18,2020
HU,J,88.0,2022
HU,J,82.77,2024
HU,L,24.61,2020
HU,L,27.55,2022
HU,L,27.66,2024
HU,M,41.63,2020
HU,M,46.61,2022
HU,M,42.33,2024
HU,N,27.56,2020
HU,N,28.12,2022
HU,N,26.22,2024
IE,C,33.48,2020
IE,C,36.91,2022
IE,C,38.11,2024
IE,D,42.25,2020
IE,D,45.65,2022
IE,D,73.33,2024
IE,E,40.24,2020
IE,E,43.48,2022
IE,E,18.92,2024
IE,F,17.44,2020
IE,F,21.1,2022
IE,F,21.19,2024
IE,G,22.93,2020
IE,G,29.33,2022
IE,G,24.86,2024
IE,H,22.52,2020
IE,H,23.63,2022
IE,H,19.14,2024
IE,I,14.06,2020
IE,I,12.47,2022
IE,I,13.69,2024
IE,J,80.35,2020
IE,J,72.41,2022
IE,J,72.19,2024
IE,L,34.22,2020
IE,L,36.97,2022
IE,L,43.21,2024
IE,M,37.05,2020
IE,M,40.03,2022
IE,M,47.16,2024
IE,N,42.03,2020
IE,N,33.3,2022
IE,N,49.7,2024
IS,C,12.1,2020
IS,C,14.97,2022
IS,C,14.83,2024
IS,F,0.34,2020
IS,F,5.76,2022
IS,F,5.38,2024
IS,G,11.51,2020
IS,G,12.07,2022
IS,G,13.67,2024
IS,H,17.35,2020
IS,H,17.86,2022
IS,H,16.98,2024
IS,I,3.35,2020
IS,I,8.41,2022
IS,I,5.75,2024
IS,J,54.55,2020
IS,J,64.83,2022
IS,J,64.61,2024
IS,N,14.94,2020
IS,N,16.27,2022
IS,N,15.12,2024
IT,C,12.96,2020
IT,C,14.02,2022
IT,C,13.64,2024
IT,D,39.66,2020
IT,D,48.06,2022
IT,D,47.21,2024
IT,E,22.85,2020
IT,E,27.69,2022
IT,E,25.2,2024
IT,F,6.11,2020
IT,F,6.64,2022
IT,F,5.3,2024
IT,G,12.7,2020
IT,G,12.62,2022
IT,G,11.87,2024
IT,H,13.01,2020
IT,H,10.91,2022
IT,H,9.89,2024
IT,I,1.84,2020
IT,I,3.23,2022
IT,I,1.58,2024
IT,J,66.23,2020
IT,J,59.89,2022
IT,J,62.03,2024
IT,L,15.05,2020
IT,L,18.24,2022
IT,L,11.07,2024
IT,M,18.2,2020
IT,M,22.06,2022
IT,M,20.93,2024
IT,N,10.39,2020
IT,N,11.32,2022
IT,N,14.47,2024
LT,C,15.3,2020
LT,C,17.45,2022
LT,C,16.15,2024
LT,D,39.85,2020
LT,D,48.06,2022
LT,D,47.21,2024
LT,E,25.95,2020
LT,E,31.3,2022
LT,E,32.45,2024
LT,F,5.71,2020
LT,F,4.95,2022
LT,F,6.41,2024
LT,G,16.37,2020
LT,G,18.23,2022
LT,G,15.59,2024
LT,H,8.8,2020
LT,H,11.35,2022
LT,H,7.98,2024
LT,I,6.43,2020
LT,I,4.77,2022
LT,I,3.79,2024
LT,J,76.83,2020
LT,J,84.13,2022
LT,J,83.96,2024
LT,L,18.55,2020
LT,L,22.37,2022
LT,L,14.88,2024
LT,M,22.59,2020
LT,M,27.24,2022
LT,M,22.56,2024
LT,N,21.49,2020
LT,N,16.18,2022
LT,N,22.76,2024
LU,C,24.05,2020
LU,C,25.83,2022
LU,C,24.56,2024
LU,D,41.5,2020
LU,D,48.06,2022
LU,D,47.21,2024
LU,E,23.91,2020
LU,E,27.69,2022
LU,E,25.2,2024
LU,F,12.49,2020
LU,F,8.74,2022
LU,F,10.24,2024
LU,G,18.39,2020
LU,G,21.28,2022
LU,G,20.75,2024
LU,H,16.25,2020
LU,H,19.4,2022
LU,H,17.66,2024
LU,I,4.64,2020
LU,I,9.32,2022
LU,I,5.96,2024
LU,J,80.47,2020
LU,J,78.48,2022
LU,J,78.57,2024
LU,L,19.5,2020
LU,L,22.58,2022
LU,L,20.49,2024
LU,M,26.48,2020
LU,M,30.66,2022
LU,M,35.06,2024
LU,N,18.47,2020
LU,N,25.99,2022
LU,N,23.13,2024
LV,C,17.61,2020
LV,C,17.52,2022
LV,C,16.83,2024
LV,D,34.62,2020
LV,D,33.48,2022
LV,D,32.96,2024
LV,E,28.05,2020
LV,E,27.12,2022
LV,E,27.75,2024
LV,F,11.54,2020
LV,F,9.04,2022
LV,F,6.3,2024
LV,G,20.97,2020
LV,G,18.82,2022
LV,G,17.11,2024
LV,H,16.26,2020
LV,H,16.58,2022
LV,H,13.81,2024
LV,I,5.99,2020
LV,I,5.55,2022
LV,I,5.89,2024
LV,J,72.95,2020
LV,J,64.47,2022
LV,J,80.39,2024
LV,L,20.64,2020
LV,L,19.96,2022
LV,L,17.3,2024
LV,M,31.53,2020
LV,M,30.49,2022
LV,M,29.84,2024
LV,N,25.14,2020
LV,N,15.98,2022
LV,N,17.41,2024
MT,C,24.54,2020
MT,C,28.48,2022
MT,C,29.29,2024
MT,D,37.98,2020
MT,D,48.06,2022
MT,D,47.21,2024
MT,E,27.99,2020
MT,E,35.42,2022
MT,E,29.0,2024
MT,F,9.59,2020
MT,F,18.47,2022
MT,F,16.14,2024
MT,G,25.25,2020
MT,G,29.11,2022
MT,G,28.59,2024
MT,H,23.58,2020
MT,H,31.57,2022
MT,H,33.95,2024
MT,I,15.46,2020
MT,I,17.78,2022
MT,I,23.53,2024
MT,J,76.9,2020
MT,J,82.46,2022
MT,J,87.43,2024
MT,L,29.71,2020
MT,L,37.6,2022
MT,L,28.23,2024
MT,M,34.76,2020
MT,M,43.98,2022
MT,M,44.7,2024
MT,N,29.69,2020
MT,N,34.72,2022
MT,N,32.06,2024
NL,C,25.52,2020
NL,C,31.64,2022
NL,C,30.69,2024
NL,D,50.29,2020
NL,D,71.19,2022
NL,D,60.42,2024
NL,E,21.36,2020
NL,E,30.24,2022
NL,E,33.67,2024
NL,F,11.95,2020
NL,F,14.88,2022
NL,F,14.9,2024
NL,G,23.54,2020
NL,G,31.42,2022
NL,G,31.27,2024
NL,H,19.93,2020
NL,H,24.93,2022
NL,H,24.06,2024
NL,I,3.63,2020
NL,I,10.32,2022
NL,I,6.98,2024
NL,J,74.24,2020
NL,J,80.61,2022
NL,J,82.11,2024
NL,L,23.79,2020
NL,L,33.67,2022
NL,L,32.98,2024
NL,M,28.58,2020
NL,M,40.46,2022
NL,M,37.35,2024
NL,N,17.11,2020
NL,N,21.95,2022
NL,N,21.3,2024
NO,C,18.8,2020
NO,C,19.85,2022
NO,C,17.77,2024
NO,D,47.33,2020
NO,D,63.61,2022
NO,D,62.5,2024
NO,E,14.34,2020
NO,E,19.27,2022
NO,E,17.93,2024
NO,F,5.9,2020
NO,F,7.42,2022
NO,F,5.4,2024
NO,G,13.74,2020
NO,G,18.95,2022
NO,G,25.59,2024
NO,H,12.21,2020
NO,H,15.39,2022
NO,H,12.2,2024
NO,I,8.91,2020
NO,I,9.21,2022
NO,I,9.11,2024
NO,J,65.86,2020
NO,J,74.2,2022
NO,J,72.05,2024
NO,L,19.66,2020
NO,L,26.43,2022
NO,L,17.71,2024
NO,M,18.85,2020
NO,M,25.33,2022
NO,M,30.89,2024
NO,N,14.25,2020
NO,N,15.34,2022
NO,N,17.18,2024
PL,C,27.28,2020
PL,C,32.05,2022
PL,C,25.87,2024
PL,D,38.31,2020
PL,D,49.04,2022
PL,D,50.94,2024
PL,E,29.35,2020
PL,E,37.57,2022
PL,E,31.14,2024
PL,F,14.38,2020
PL,F,19.78,2022
PL,F,14.3,2024
PL,G,23.18,2020
PL,G,29.2,2022
PL,G,25.36,2024
PL,H,16.08,2020
PL,H,25.32,2022
PL,H,18.01,2024
PL,I,14.44,2020
PL,I,22.17,2022
PL,I,17.37,2024
PL,J,81.65,2020
PL,J,84.35,2022
PL,J,85.02,2024
PL,L,23.72,2020
PL,L,30.37,2022
PL,L,21.97,2024
PL,M,33.83,2020
PL,M,43.31,2022
PL,M,41.68,2024
PL,N,24.04,2020
PL,N,31.28,2022
PL,N,27.69,2024
PT,C,18.18,2020
PT,C,20.11,2022
PT,C,18.84,2024
PT,D,47.78,2020
PT,D,49.51,2022
PT,D,50.0,2024
PT,E,27.16,2020
PT,E,28.14,2022
PT,E,40.7,2024
PT,F,10.4,2020
PT,F,8.91,2022
PT,F,8.19,2024
PT,G,21.4,2020
PT,G,19.41,2022
PT,G,18.74,2024
PT,H,17.89,2020
PT,H,14.75,2022
PT,H,15.64,2024
PT,I,11.93,2020
PT,I,11.48,2022
PT,I,10.68,2024
PT,J,84.59,2020
PT,J,80.09,2022
PT,J,80.64,2024
PT,L,21.8,2020
PT,L,22.58,2022
PT,L,20.49,2024
PT,M,29.95,2020
PT,M,31.03,2022
PT,M,30.91,2024
PT,N,29.51,2020
PT,N,29.67,2022
PT,N,29.37,2024
RO,C,15.43,2020
RO,C,9.35,2022
RO,C,10.01,2024
RO,D,41.45,2020
RO,D,39.34,2022
RO,D,26.83,2024
RO,E,16.19,2020
RO,E,15.36,2022
RO,E,12.75,2024
RO,F,14.63,2020
RO,F,5.55,2022
RO,F,6.27,2024
RO,G,12.2,2020
RO,G,8.0,2022
RO,G,9.97,2024
RO,H,13.58,2020
RO,H,8.32,2022
RO,H,11.07,2024
RO,I,10.26,2020
RO,I,9.1,2022
RO,I,10.77,2024
RO,J,53.4,2020
RO,J,59.51,2022
RO,J,58.39,2024
RO,L,7.84,2020
RO,L,7.44,2022
RO,L,16.51,2024
RO,M,27.64,2020
RO,M,26.23,2022
RO,M,27.73,2024
RO,N,14.31,2020
RO,N,11.35,2022
RO,N,15.56,2024
SE,C,22.25,2020
SE,C,22.27,2022
SE,C,24.01,2024
SE,D,51.66,2020
SE,D,65.21,2022
SE,D,63.22,2024
SE,E,17.51,2020
SE,E,22.11,2022
SE,E,29.15,2024
SE,F,5.81,2020
SE,F,8.91,2022
SE,F,5.5,2024
SE,G,23.2,2020
SE,G,26.32,2022
SE,G,25.22,2024
SE,H,9.63,2020
SE,H,14.18,2022
SE,H,12.86,2024
SE,I,7.79,2020
SE,I,3.33,2022
SE,I,7.2,2024
SE,J,71.87,2020
SE,J,76.1,2022
SE,J,80.79,2024
SE,L,22.84,2020
SE,L,28.83,2022
SE,L,19.41,2024
SE,M,22.81,2020
SE,M,28.79,2022
SE,M,27.39,2024
SE,N,17.58,2020
SE,N,17.64,2022
SE,N,11.41,2024
SI,C,17.22,2020
SI,C,24.28,2022
SI,C,17.52,2024
SI,D,45.25,2020
SI,D,56.31,2022
SI,D,60.1,2024
SI,E,24.21,2020
SI,E,30.13,2022
SI,E,27.82,2024
SI,F,2.59,2020
SI,F,3.5,2022
SI,F,3.31,2024
SI,G,18.75,2020
SI,G,22.65,2022
SI,G,19.67,2024
SI,H,4.87,2020
SI,H,5.56,2022
SI,H,5.07,2024
SI,I,4.95,2020
SI,I,4.6,2022
SI,I,4.79,2024
SI,J,91.38,2020
SI,J,87.08,2022
SI,J,98.25,2024
SI,L,10.63,2020
SI,L,13.23,2022
SI,L,5.21,2024
SI,M,25.31,2020
SI,M,31.5,2022
SI,M,26.71,2024
SI,N,10.39,2020
SI,N,14.76,2022
SI,N,13.8,2024
SK,C,18.5,2020
SK,C,18.57,2022
SK,C,17.41,2024
SK,D,25.2,2020
SK,D,26.98,2022
SK,D,20.22,2024
SK,E,16.49,2020
SK,E,17.65,2022
SK,E,18.56,2024
SK,F,4.49,2020
SK,F,6.23,2022
SK,F,6.89,2024
SK,G,15.43,2020
SK,G,17.52,2022
SK,G,15.19,2024
SK,H,7.29,2020
SK,H,14.47,2022
SK,H,14.95,2024
SK,I,2.46,2020
SK,I,4.37,2022
SK,I,5.1,2024
SK,J,69.63,2020
SK,J,71.88,2022
SK,J,69.72,2024
SK,L,14.97,2020
SK,L,16.03,2022
SK,L,13.07,2024
SK,M,18.24,2020
SK,M,19.53,2022
SK,M,23.11,2024
SK,N,16.9,2020
SK,N,13.37,2022
SK,N,13.68,2024
