geo,nace_r2,real_wage,year,ai_adoption,spec_ict,training_ict,prodct_calc,FSI,share_high_skill,prod_lag,log_prod_lag
AT,C,26.183199801767575,2022,10.96,28.37,25.6,99.58334952453383,56.10361998234696,37.32057416267942,94.90102653881353,4.552834522615476
AT,C,26.07361963190184,2023,12.31,29.195,25.83,97.67678667566223,57.51586149558059,38.7119704293432,99.58334952453383,4.600994977167058
AT,C,27.047164890842705,2024,22.71,30.02,26.06,,57.6566779940274,40.12682495207196,97.67678667566223,4.581663932820545
AT,F,21.805567027339556,2022,3.7,9.03,6.91,67.50214116440539,21.44878528763668,27.46643315820198,64.31604322055529,4.1638091058851
AT,F,20.39877300613497,2023,4.28,8.075,8.01,72.19300442440938,22.05136767120238,28.69352869352869,67.50214116440539,4.212159318329539
AT,F,21.160867297518813,2024,7.35,7.12,9.11,,22.953075508110842,29.30074257425742,72.19300442440938,4.279343149575804
AT,G,20.649211200132157,2022,7.645,22.79,22.01,67.65566347353419,38.0362998519308,25.970572593511786,61.92137780546871,4.125865480414222
AT,G,19.171779141104295,2023,8.35,20.68,20.76,65.77410941935197,38.5600728795765,28.116938950988825,67.65566347353419,4.2144310683859345
AT,G,20.639296624692644,2024,15.67,18.57,19.51,,38.76131835273355,26.423256618792184,65.77410941935197,4.1862262870300855
AT,H,21.392582803336914,2022,7.6450000000000005,16.96,14.76,78.47162322998737,44.78420440506306,24.201596806387222,68.53659222459166,4.2273677956975915
AT,H,21.855828220858893,2023,8.31,14.5,13.655000000000001,82.21774941073652,45.65048509406146,22.08796520057999,78.47162322998737,4.362737071919916
AT,H,22.278518739289172,2024,13.48,12.04,12.55,,46.94170950596846,23.230844314299656,82.21774941073652,4.409371208323703
AT,N,17.675724787313126,2022,7.130000000000001,16.83,13.52,53.59527588911648,44.68426002683985,20.980392156862745,52.39087651620289,3.9587324638814883
AT,N,17.484662576687114,2023,7.78,16.509999999999998,15.1,58.27477920279683,42.05455192224573,22.77486910994764,53.59527588911648,3.9814609277954354
AT,N,18.702034125624024,2024,19.57,16.19,16.68,,41.063021359959556,19.727891156462583,58.27477920279683,4.065169396030847
BE,F,21.90491643680026,2022,6.735,15.14,19.07,67.03809282972023,14.351479344352743,25.527009222661395,62.25251587168674,4.131198950137554
BE,F,23.32037756801777,2023,5.17,13.055,21.595,88.44167990215881,14.869867903332024,23.77600979192166,67.03809282972023,4.205261007525139
BE,F,22.88625304136253,2024,11.08,10.97,24.12,,14.938773755729045,26.070154577883475,88.44167990215881,4.482343350631989
BE,G,24.014278760343988,2022,9.165,33.1,33.55,99.53342166236557,30.113443480954878,28.123935989104528,92.82656849495937,4.53073289725364
BE,G,25.620686919965095,2023,10.25,31.48,35.26,91.29247228281983,28.668269903758592,28.710801393728225,99.53342166236557,4.600493483868257
BE,G,25.015206812652064,2024,22.48,29.86,36.97,,28.3125344888768,28.03787480273541,91.29247228281983,4.51406833384924
BE,I,14.846665584942398,2022,4.705,14.46,8.04,36.022197445773365,8.034889744802577,29.080675422138842,30.231618150791576,3.408888335337346
BE,I,16.181486475767432,2023,7.98,11.18,11.355,41.60719679216789,7.68421600791543,23.14593301435407,36.022197445773365,3.5841353441550035
BE,I,15.73905109489051,2024,15.66,7.9,14.67,,7.949915281587865,26.024844720496894,41.60719679216789,3.728273152116204
BE,N,20.03894207366542,2022,9.87,27.55,27.88,51.82300424615608,63.97602313005819,26.038394415357768,48.19032845540611,3.8751583464706014
BE,N,21.020068216070438,2023,11.04,25.875,31.665,55.03968965095915,64.2988636826457,25.64450474898236,51.82300424615608,3.947834148099506
BE,N,20.60523114355231,2024,20.99,24.2,35.45,,65.15961060880285,25.0,55.03968965095915,4.0080545550001645
BG,C,4.857512953367875,2022,2.715,14.73,6.47,19.79601061648836,35.884850703132344,15.439202148062908,16.44011278315093,2.799724249893488
BG,C,5.218039508013417,2023,2.55,15.129999999999999,6.145,23.11377548541724,36.39596929604379,17.104506232023013,19.79601061648836,2.985480433384119
BG,C,5.740027610259391,2024,4.35,15.53,5.82,,35.809389008816986,20.6202505647977,23.11377548541724,3.140428781146952
BG,G,5.100388601036269,2022,2.4850000000000003,13.92,7.99,19.309023819876142,14.45017646528863,21.834331749638505,16.019960868791873,2.773835498990031
BG,G,5.3671263510995155,2023,2.5,15.445,8.555,20.648740897171646,14.920845817861611,22.627892167268097,19.309023819876142,2.9605725420748534
BG,G,6.1033204969846695,2024,6.13,16.97,9.12,,14.609478756425123,25.107077299612477,20.648740897171646,3.0276543440454984
BG,H,4.857512953367875,2022,1.91,7.87,5.61,17.177789231261052,29.145272937231287,20.061255742725876,14.19147720931454,2.6526415878900313
BG,H,5.292582929556467,2023,1.9,11.675,5.125,20.018787583292703,28.25093450349423,20.520673813169985,17.177789231261052,2.8436172255785195
BG,H,5.958003342294558,2024,4.4,15.48,4.64,,27.463450626514046,21.008840353614147,20.018787583292703,2.9966712117781373
BG,J,12.710492227979275,2022,21.11,68.99,50.56,42.394091314726005,42.12405046760163,87.95289855072463,37.70823662698756,3.6298785487605167
BG,J,13.119642191576594,2023,21.4,70.47,51.885000000000005,47.653791426637376,41.55994860955696,89.13580246913581,42.394091314726005,3.7470089967422284
BG,J,13.950446850250673,2024,33.92,71.95,53.21,,41.80763554875382,92.15844785772029,47.653791426637376,3.8639621951748553
CY,C,9.712262866479076,2022,2.9299999999999997,16.29,20.51,38.729231428877696,19.58677243005681,22.027972027972027,38.44557017785364,3.6492434793756914
CY,C,9.868995633187772,2023,3.81,15.61,18.96,42.74771068347711,19.474452554744527,26.241134751773053,38.729231428877696,3.6565946489940426
CY,C,10.163122384490562,2024,2.98,14.93,17.41,,20.394911211237744,30.851063829787233,42.74771068347711,3.7553156426851557
CY,F,11.618407915040391,2022,0.76,12.17,15.2,38.158497602557276,3.028769312733085,21.039603960396043,35.872124713834076,3.579960523518242
CY,F,11.703056768558952,2023,1.31,12.434999999999999,16.509999999999998,40.07336588358598,0.0,22.894736842105264,38.158497602557276,3.64174847480286
CY,F,11.871210180203262,2024,2.39,12.7,17.82,,2.435961828227022,23.40425531914894,40.07336588358598,3.690711921209736
CY,G,9.439956430970318,2022,1.58,21.8,25.26,45.800424572460805,15.9768462968579,19.315068493150683,37.076031348644825,3.612970705537148
CY,G,9.519650655021834,2023,2.1,22.685000000000002,25.78,43.828666589210336,16.23872042136246,21.557719054242,45.800424572460805,3.8242933612182375
CY,G,9.736100435562388,2024,4.1,23.57,26.3,,16.730863056261715,25.52011095700416,43.828666589210336,3.7802880916364487
CY,H,13.706090587274211,2022,7.074999999999999,32.67,32.87,44.838064393217756,25.176224042674793,38.125,43.77734247469801,3.7791163884409125
CY,H,13.624454148471616,2023,7.01,35.2,34.59,48.13974030562671,26.3404292906987,39.8936170212766,44.838064393217756,3.8030574303056413
CY,H,14.604150653343584,2024,7.28,37.73,36.31,,23.207415180132916,38.425925925925924,48.13974030562671,3.8741080377750805
CZ,C,9.008327024981076,2022,5.1,21.42,23.76,39.671853167775616,46.132505233905455,26.577191386108584,35.671003162531676,3.5743381223992765
CZ,C,8.92494929006085,2023,6.01,22.235,26.055,43.66437627278646,45.70580598748595,26.198261424356005,39.671853167775616,3.680641948024902
CZ,C,8.821593153390388,2024,9.55,23.05,28.35,,45.09976253120583,27.347558539119316,43.66437627278646,3.7765325813891506
CZ,F,8.0999242997729,2022,0.845,7.29,17.22,25.288194911832008,8.226238696019287,25.145459144953204,22.304177611132275,3.104773997742797
CZ,F,8.113590263691684,2023,1.34,7.115,15.815,28.29435435290716,8.242933905207103,25.0392875851231,25.288194911832008,3.23033768256441
CZ,F,8.097432521395655,2024,2.35,6.94,14.41,,8.191097111322735,25.187406296851577,28.29435435290716,3.3426622919177147
CZ,G,8.629825889477669,2022,4.6850000000000005,19.29,20.14,34.683608562117676,28.515479023990377,25.044373446929363,29.756440419644576,3.393045593256144
CZ,G,8.451656524678837,2023,5.16,19.43,24.35,35.12163080774294,28.773819029327345,25.725668753557194,34.683608562117676,3.546267199616771
CZ,G,8.294930875576036,2024,12.72,19.57,28.56,,28.78746219411603,27.952249770431585,35.12163080774294,3.558817202989028
CZ,H,8.175624526873582,2022,3.88,11.04,13.86,32.97217160329864,43.15889537497469,14.39078989446754,28.635778414254634,3.354656929490822
CZ,H,8.045977011494253,2023,4.42,12.665,13.83,34.67489002982473,42.408653256887604,14.833005893909625,32.97217160329864,3.4956639209533495
CZ,H,8.031599736668861,2024,5.65,14.29,13.8,,42.05344441841595,14.995001666111296,34.67489002982473,3.5460157947416406
CZ,I,5.22331566994701,2022,1.78,4.2,6.8,14.563835177587814,9.691461946246928,15.629053177691313,8.651488301922939,2.1577313641692766
CZ,I,5.138607167004732,2023,2.63,3.99,9.055,18.37771886819659,10.262098339563206,14.285714285714285,14.563835177587814,2.6785414131376273
CZ,I,5.200789993416722,2024,4.24,3.78,11.31,,10.766573901948059,13.759689922480616,18.37771886819659,2.9111389997692094
CZ,J,15.442846328538984,2022,22.990000000000002,83.49,67.85,67.23482338843023,36.03325401992245,91.49269311064717,62.126328955597245,4.129169875827388
CZ,J,15.686274509803921,2023,24.76,83.845,69.05,72.8140971808975,35.71901295263307,90.97784981091303,67.23482338843023,4.208191318492139
CZ,J,15.470704410796577,2024,46.49,84.2,70.25,,35.49273347088903,91.95461578133059,72.8140971808975,4.287909579051079
CZ,N,6.207418622255866,2022,4.265,15.73,18.22,21.02834541858932,35.07874150761505,21.369102682701204,18.698542323890038,2.92844557022812
CZ,N,6.288032454361055,2023,5.43,14.195,18.95,23.50323500942483,35.442457588262265,26.76950998185118,21.02834541858932,3.045871309424404
CZ,N,6.319947333772218,2024,9.45,12.66,19.68,,35.8415908426035,25.935828877005346,23.50323500942483,3.157138071651373
DE,C,28.47514743049705,2022,9.254999999999999,25.82,27.82,96.16704329136327,61.66174061791653,37.12603960005781,88.54959110005174,4.483562746488669
DE,C,28.117553613979346,2023,9.32,26.314999999999998,28.275,94.83714735721992,63.2214233073361,38.41151630442114,96.16704329136327,4.566086713647037
DE,C,28.759689922480618,2024,16.11,26.81,28.73,,63.65368128179869,40.17253250172127,94.83714735721992,4.5521611822676125
DE,F,22.409435551811292,2022,6.385,7.95,15.47,61.031141532474166,12.009992050960179,25.512783325736542,60.35290051028203,4.100209007868028
DE,F,22.00158856235107,2023,4.48,7.455,14.7,63.70252543180015,13.406784126423718,26.2013818802888,61.031141532474166,4.111384250829686
DE,F,22.713178294573645,2024,10.01,6.96,13.93,,13.793523691558661,27.251899192089713,63.70252543180015,4.154224207503396
DE,G,21.903959561920807,2022,8.96,19.83,26.48,69.30871361237025,40.470861577165024,26.668976904417313,67.52213834122638,4.212455519531877
DE,G,21.683876092136618,2023,9.97,20.58,25.314999999999998,64.41698914489173,42.154722990368725,26.151352000480355,69.30871361237025,4.238570635843795
DE,G,21.937984496124034,2024,16.29,21.33,24.15,,42.35418279577417,26.31763083698627,64.41698914489173,4.165377404917163
DE,H,19.713563605728726,2022,6.595,17.23,23.48,68.64203887862548,52.99101625110823,18.260778568438678,60.32222896429549,4.0997006753428336
DE,H,20.095313741064334,2023,7.05,16.875,21.21,63.55333484429272,48.990269842140336,18.267488220369696,68.64203887862548,4.228905158681233
DE,H,20.54263565891473,2024,11.48,16.52,18.94,,48.69400210172872,18.843583234029328,63.55333484429272,4.15187947217199
DE,J,35.21482729570345,2022,30.924999999999997,80.58,67.57,93.38375672837881,47.10264758171799,80.64906911502167,98.75143735153299,4.592605959133864
DE,J,34.78951548848292,2023,33.05,81.36500000000001,70.025,102.63290239510795,47.48461983132539,82.15881956774629,93.38375672837881,4.536717419279493
DE,J,35.65891472868217,2024,60.52,82.15,72.48,,46.80774293901464,83.14849229662491,102.63290239510795,4.631158567440032
DE,N,18.449873631002525,2022,8.934999999999999,20.56,24.7,51.833959021663034,47.587701027505005,21.580298148856006,44.75603767975387,3.801226355837914
DE,N,18.7450357426529,2023,11.02,19.405,22.57,50.518363772798125,47.11861696636089,21.939248513933578,51.833959021663034,3.9480455140358095
DE,N,19.379844961240313,2024,18.91,18.25,20.44,,45.53288605576477,23.604412661455733,50.518363772798125,3.9223369092459626
DK,C,38.3128295254833,2022,21.04,31.99,30.45,125.34086461324259,49.42320275595844,44.69096671949287,123.98971108784525,4.82019858706439
DK,C,38.01020408163266,2023,14.8,29.475,32.365,141.55486544887765,50.38080506323135,45.26148969889066,125.34086461324259,4.831036942915729
DK,C,38.87489504617968,2024,21.75,26.96,34.28,,51.34722105865258,47.651632970451004,141.55486544887765,4.952687383619091
DK,F,34.27065026362039,2022,6.05,10.18,12.51,68.29600314219944,16.0510706845719,25.556792873051226,70.78292780297059,4.2596178388961
DK,F,34.18367346938776,2023,3.23,9.865,14.905000000000001,72.48017484235115,17.051640650846643,26.359600443951166,68.29600314219944,4.223851245716547
DK,F,34.67674223341729,2024,11.7,9.55,17.3,,17.654417591618863,26.21878715814507,72.48017484235115,4.283313074015909
DK,G,33.30404217926186,2022,17.735,33.44,35.29,66.43481811963369,38.72484660384486,37.353567625133124,69.21754751994854,4.2372544073563105
DK,G,32.90816326530613,2023,14.17,31.674999999999997,35.535,66.20183373456948,39.10710444091584,36.23955431754876,66.43481811963369,4.196221288320455
DK,G,33.50125944584383,2024,27.34,29.91,35.78,,39.20967970129239,35.279329608938546,66.20183373456948,4.192708162477294
DK,H,34.3585237258348,2022,18.22,29.97,26.18,304.0702875831126,49.96621438996702,27.106863596872287,173.52893332678917,5.15634434817399
DK,H,34.01360544217687,2023,15.16,28.39,30.465,128.98533484269973,53.001144816029985,32.02995008319468,304.0702875831126,5.71725888383648
DK,H,34.00503778337532,2024,21.1,26.81,34.75,,54.422231260008644,30.724396336386345,128.98533484269973,4.859698714509301
DK,J,45.342706502636204,2022,49.53,89.16,71.87,97.80007521624671,32.11959383226777,90.36437246963564,99.91090576510659,4.604278846514128
DK,J,44.81292517006803,2023,44.31,87.81,71.515,103.29034334603323,32.10027171268816,91.20188531029066,97.80007521624671,4.582925346122753
DK,J,45.75986565910999,2024,68.3,86.46,71.16,,31.175456739055495,88.60971524288107,103.29034334603323,4.637543890110541
DK,N,30.57996485061511,2022,14.18,32.23,27.35,50.96436183159882,41.36473465801488,31.728045325779036,50.058225244979624,3.9131868328178325
DK,N,30.52721088435374,2023,9.32,28.904999999999998,28.135,51.75809808260914,39.67025915063843,33.59073359073359,50.96436183159882,3.9311266008427506
DK,N,31.318219983207392,2024,27.84,25.58,28.92,,39.331769517623,30.806142034548945,51.75809808260914,3.946580904591126
EE,C,8.392322849011165,2022,2.92,14.37,13.27,38.950144917291105,22.857168104057685,29.54739538855679,35.52634644159521,3.570274574506175
EE,C,8.159443552701978,2023,3.12,15.54,14.524999999999999,38.171774637548175,22.41879243897963,29.691629955947135,38.950144917291105,3.6622824929078104
EE,C,8.57511283043198,2024,9.77,16.71,15.78,,22.36472677960922,27.44539411206078,38.171774637548175,3.642096358669513
EE,F,8.976136612420637,2022,2.135,3.84,10.47,30.094867807153967,5.451874891999308,28.825622775800714,27.83110071455984,3.326154126123248
EE,F,8.62760834670947,2023,3.63,4.9399999999999995,9.71,32.12852819032871,5.66270148518336,28.11387900355872,30.094867807153967,3.404354652471528
EE,F,8.833010960670535,2024,8.05,6.04,8.95,,4.37586621084727,24.352331606217618,32.12852819032871,3.4697443641211496
EE,G,8.100415967306429,2022,2.77,16.24,20.03,37.03563469995464,25.9776371058392,35.518474374255064,33.53420477086618,3.5125659558626365
EE,G,8.092562867843766,2023,3.47,17.11,21.235,33.89205488007182,26.525693319541755,35.32219570405728,37.03563469995464,3.611880549159758
EE,G,8.252740167633785,2024,10.49,17.98,22.44,,26.17213229276861,35.06944444444444,33.89205488007182,3.523180617598208
EE,H,8.319346128584982,2022,3.9850000000000003,11.75,12.75,38.515151515151516,21.522727272727273,15.98272138228942,35.653483897103506,3.573846867109467
EE,H,8.025682182985554,2023,5.61,12.695,12.725,37.31375790495684,18.612401270041197,18.695652173913047,38.515151515151516,3.651051709722974
EE,H,8.317214700193425,2024,10.13,13.64,12.7,,20.490038429042546,19.90950226244344,37.31375790495684,3.6193621032802215
EE,J,15.398088009924834,2022,16.0,83.59,63.15,47.248925260268294,23.584710208732584,93.6111111111111,42.80717875089734,3.7567058163477163
EE,J,16.18512573568753,2023,20.49,82.225,61.22,59.291128716744915,23.708920187793428,91.08635097493035,47.248925260268294,3.8554299078666343
EE,J,17.2147001934236,2024,44.28,80.86,59.29,,23.334681087637723,92.85714285714285,59.291128716744915,4.082459694757584
ES,C,15.523932729624837,2022,8.05,13.05,16.99,68.65754374380984,37.9482148752535,28.020472314016274,63.05416448857453,4.143994110801843
ES,C,15.847860538827257,2023,8.68,13.475000000000001,18.07,71.18675685781932,39.424220129076296,29.369963079121835,68.65754374380984,4.229131013195196
ES,C,16.054487959134033,2024,9.81,13.9,19.15,,38.80960127644478,30.8145661761836,71.18675685781932,4.265306801930005
ES,F,13.109098749460973,2022,4.2,6.03,12.78,40.36769733518954,9.409380428488708,16.998422594456546,37.158629955039196,3.6151960444564724
ES,F,13.09533739260989,2023,4.63,5.24,12.58,42.3512527687655,9.473231671850897,17.51248823571997,40.36769733518954,3.698029894228639
ES,F,12.892240330819751,2024,4.43,4.45,12.38,,9.870762410636491,17.232267037552155,42.3512527687655,3.7459980019773216
ES,G,12.936610608020699,2022,6.390000000000001,17.6,22.76,43.02595753330475,31.55917243277721,22.13234544404038,41.4058113230331,3.7234212411018777
ES,G,13.178747184919509,2023,6.79,15.82,22.39,46.72306604539765,33.12926578359837,21.410595810046733,43.02595753330475,3.761803597127233
ES,G,13.378739965945025,2024,9.58,14.04,22.02,,32.14370865684038,21.81156330961204,46.72306604539765,3.844237962338378
ES,H,14.14402759810263,2022,8.03,11.18,14.85,53.50128604964533,37.51864454181039,10.10303638187289,46.58692128736342,3.841319842670018
ES,H,14.346484277254149,2023,7.04,10.785,17.02,57.31791014575816,38.71388528542038,10.352555814153952,53.50128604964533,3.979705691924173
ES,H,14.432822508716454,2024,8.59,10.39,19.19,,37.83339800435609,10.103823752848824,57.31791014575816,4.048613142870296
ES,I,9.831824062095732,2022,4.975,6.18,10.52,25.296816744369224,20.238662124849604,8.272931767058235,19.52199068285133,2.9715415574886155
ES,I,9.842355492534823,2023,6.38,5.16,11.3,28.26702291059148,21.56932227220413,8.215348007138608,25.296816744369224,3.2306785674367635
ES,I,10.054325792588989,2024,3.52,4.14,12.08,,21.67102312021783,8.040115587285399,28.26702291059148,3.341695857019369
ES,J,19.577404053471323,2022,29.54,66.52,61.86,73.31727715178425,53.383032064410074,86.72057009730025,70.75861439606628,4.2592742873597
ES,J,20.18516973892735,2023,32.43,64.28,58.644999999999996,78.50949270889947,54.16340417169475,86.76233905579399,73.31727715178425,4.29479628578144
ES,J,20.75731776534501,2024,46.57,62.04,55.43,,54.09254953217586,87.52886836027713,78.50949270889947,4.363219543705394
ES,N,10.435532557136696,2022,8.370000000000001,13.61,18.34,29.55942570840585,61.83285554264081,12.47602608362102,27.633001081603428,3.3190107498159374
ES,N,10.84327300025023,2023,8.97,13.0,18.91,31.951637515995817,62.05200934562174,11.422578184591915,29.55942570840585,3.3864026678941794
ES,N,10.865158517797779,2024,8.82,12.39,19.48,,59.35604245713921,12.128667760160377,31.951637515995817,3.4642234319670147
FI,C,28.92561983471074,2022,14.615,33.07,40.57,106.8778421023796,48.28941200820595,43.91534391534391,99.78024522904944,4.6029702201272995
FI,C,28.650880593241762,2023,12.98,33.4,38.025,91.6462509167389,48.81263372265693,45.75500303214069,106.8778421023796,4.671686519674146
FI,C,29.04114161729116,2024,20.75,33.73,35.48,,49.06552364378374,44.082654978083916,91.6462509167389,4.517936066921347
FI,F,26.903464040794802,2022,7.285,13.56,22.52,66.1262076806604,17.284449545486385,25.98837209302326,67.04686246546038,4.205391814679951
FI,F,26.038594421505014,2023,5.18,14.585,22.689999999999998,65.59760093297051,16.9250846892875,25.754060324825982,66.1262076806604,4.191565153613356
FI,F,26.954852708003003,2024,11.26,15.61,22.86,,16.81984211146459,27.55227552275523,65.59760093297051,4.18353912413756
FI,G,25.32090733251275,2022,12.055,25.66,48.37,59.09693717563411,40.463951124468416,29.216867469879514,60.879154123133226,4.108890819290237
FI,G,24.52178309598045,2023,10.79,26.1,45.485,59.59032228497296,40.84473775126735,30.071315372424724,59.09693717563411,4.079179098629765
FI,G,24.785112242343317,2024,21.65,26.54,42.6,,40.99100381483801,31.17296222664016,59.59032228497296,4.087493183117697
FI,J,32.88201160541586,2022,44.415,88.7,77.58,99.42729978049817,38.43537710066718,94.41509433962264,105.30121149442269,4.656824924243952
FI,J,33.11704727395298,2023,48.19,85.96000000000001,78.06,103.13552202983027,39.035659180524604,95.68713450292398,99.42729978049817,4.599426721633364
FI,J,33.881331886839696,2024,66.43,83.22,78.54,,39.061156444678424,94.00289017341039,103.13552202983027,4.636043871254369
FR,C,25.78042792002806,2022,5.1,20.45,16.57,85.80837757789492,60.03557999082227,38.30825944007174,80.99274998068506,4.394359644255205
FR,C,25.394190871369293,2023,4.87,19.0,15.585,89.23690005213605,60.76639985279234,39.558259059267456,85.80837757789492,4.4521166424953735
FR,C,25.63062697704599,2024,7.43,17.55,14.6,,60.83176150561115,39.61928012932599,89.23690005213605,4.491294631759458
FR,F,23.062083479480883,2022,3.09,4.89,6.01,57.27809892005816,24.33755667670893,27.469030571655868,55.767923769644426,4.021198861263862
FR,F,22.65560165975104,2023,2.09,6.21,6.715,60.3787013550262,24.809635568987993,28.785261945883704,57.27809892005816,4.0479183328568205
FR,F,22.79179171060102,2024,3.14,7.53,7.42,,25.609046005585768,30.720864817163974,60.3787013550262,4.100636416180986
FR,G,22.009821115398108,2022,4.390000000000001,16.1,13.6,62.669961210551264,40.49631800671638,37.304263344382214,61.336056270883994,4.116367863676349
FR,G,21.74273858921162,2023,4.07,14.450000000000001,12.094999999999999,64.34484229734016,40.86394592062524,39.043647977288856,62.669961210551264,4.1378822452887505
FR,G,21.656257604023033,2024,9.77,12.8,10.59,,40.73367417327526,39.50417052826691,64.34484229734016,4.164256780050406
FR,H,21.746755524377413,2022,3.295,8.99,7.72,78.47050791185842,66.03095129722348,24.316648917287896,66.25737620783758,4.193546797654834
FR,H,21.6597510373444,2023,2.35,7.865,9.14,67.32760036729759,66.23164521853398,23.796355385379,78.47050791185842,4.36272285880683
FR,H,21.8184767621056,2024,5.28,6.74,10.56,,66.47448069586287,23.762933765045403,67.32760036729759,4.209570262048282
FR,I,16.660820764643983,2022,2.47,7.24,6.21,36.201203380262065,22.534282260299914,29.725595181183667,30.691328352174843,3.4239801505941148
FR,I,16.348547717842322,2023,2.47,8.100000000000001,4.62,38.917992012121495,22.908889545918957,32.06675466716953,36.201203380262065,3.58909236082788
FR,I,16.303025387298238,2024,5.09,8.96,3.03,,20.626856567794945,32.7871709952937,38.917992012121495,3.6614566632869963
FR,J,32.357067695545425,2022,26.555,80.66,57.69,102.06931769859942,57.3320931518368,90.64553133799146,103.40326578927632,4.638636545611118
FR,J,31.369294605809127,2023,29.56,77.1,54.765,106.8733683139887,58.05543417994352,92.73238305561131,102.06931769859942,4.625652167751147
FR,J,31.47051666801849,2024,41.76,73.54,51.84,,56.674396111881165,92.70382040173295,106.8733683139887,4.671644659902846
FR,N,18.765345492809537,2022,6.4399999999999995,14.2,13.55,42.553886937336934,64.1506739274311,34.946236559139784,41.42527808358251,3.723891276231133
FR,N,18.672199170124482,2023,5.6,14.235,14.64,44.792298659687575,63.334816568976926,35.56709394775272,42.553886937336934,3.7507712007258958
FR,N,18.817422337578066,2024,11.25,14.27,15.73,,62.533545351572705,33.700091689589065,44.792298659687575,3.8020362197259074
HR,C,10.161386730424388,2022,7.494999999999999,15.15,18.26,29.79008349324371,38.83036634344744,25.30431575064551,25.68472913681287,3.2458966182849953
HR,C,10.713723018749015,2023,6.7,14.719999999999999,17.590000000000003,32.01752323347792,37.89525852557401,28.194496796079914,29.79008349324371,3.3941755694484774
HR,C,11.587397758255076,2024,9.71,14.29,16.92,,37.32893806040627,32.115677321156774,32.01752323347792,3.466283353967172
HR,F,8.53898044573478,2022,3.955,2.35,6.74,21.343956404513616,7.807529351345954,22.28024369016536,18.747171608907944,2.931042893512878
HR,F,9.216952891129667,2023,3.06,3.7300000000000004,7.09,26.89953783825002,7.151240277694894,22.259983007646557,21.343956404513616,3.0607686272139616
HR,F,9.845501363223267,2024,4.39,5.11,7.44,,6.204540240219758,25.86644125105664,26.89953783825002,3.292109105726003
HR,G,8.453590641277433,2022,6.9399999999999995,17.99,21.6,28.390028006209192,39.49726625353117,21.402714932126695,25.150372376159684,3.22487270264527
HR,G,8.901843390578227,2023,5.37,15.555,22.200000000000003,31.99508449502579,40.336492928091175,24.655095683133066,28.390028006209192,3.3460379569658723
HR,G,9.694032111481372,2024,10.17,13.12,22.8,,40.827209468686995,25.959465286761535,31.99508449502579,3.4655822814701303
HR,H,7.087353769959867,2022,7.55,11.12,15.7,30.991372569462545,31.887608820309648,21.07355864811133,24.915382026253788,3.2154853647987895
HR,H,7.4838506380967385,2023,7.58,10.575,15.66,33.68286919622422,29.477551929334044,22.87449392712551,30.991372569462545,3.433708861540457
HR,H,7.952135716449561,2024,7.83,10.03,15.62,,27.899165564619004,27.393364928909953,33.68286919622422,3.516989375657317
HR,J,17.07796089146956,2022,32.905,80.87,66.86,47.302785236498835,31.82605379812199,84.54545454545455,44.396278941089,3.7931556582929926
HR,J,17.48857728060501,2023,40.01,82.975,70.17,49.69325790981842,31.517527058928334,89.83870967741936,47.302785236498835,3.8565691782568394
HR,J,18.024840957285672,2024,56.93,85.08,73.48,,28.96101600023573,91.55313351498637,49.69325790981842,3.9058692681624514
HR,N,6.318845529843737,2022,6.005,20.29,16.58,18.17652336801675,35.203929038046816,20.44943820224719,14.580805619506949,2.6797059801642207
HR,N,6.853631636993855,2023,6.85,21.189999999999998,20.795,20.668446452407846,33.97092690654658,30.63291139240506,18.17652336801675,2.9001308365793355
HR,N,7.346258709481974,2024,21.63,22.09,25.01,,31.237802028642896,33.16831683168317,20.668446452407846,3.028608211333878
HU,C,6.923189039498616,2022,4.12,34.97,17.55,39.7700186835956,51.28545174083256,25.354609929078016,37.46169268037119,3.6233188823370672
HU,C,7.223363845818544,2023,4.24,32.675,17.495,41.71424498241099,51.60523033966897,24.531462674065544,39.7700186835956,3.6831133290106783
HU,C,7.564841498559077,2024,4.83,30.38,17.44,,51.56185810933786,28.14230933106093,41.71424498241099,3.73084267676344
HU,F,5.684302579798863,2022,1.175,15.13,12.92,21.291803906434637,5.104571467889634,15.732758620689658,21.536142600265812,3.0697325749237634
HU,F,5.853415530232269,2023,1.8,15.175,12.530000000000001,24.75903176564658,6.589069806886191,15.356200527704486,21.291803906434637,3.0583222055383734
HU,F,6.243996157540827,2024,4.27,15.22,12.14,,5.699838174941405,18.982960596379126,24.75903176564658,3.2091903422717585
HU,G,6.267307972598745,2022,2.335,26.56,17.83,26.10734124840831,21.881843446494685,24.926022628372497,25.002740258673715,3.218985429208374
HU,G,6.4138489320630185,2023,3.02,28.285,18.5,27.89478805069303,21.641504300002474,25.659264399722414,26.10734124840831,3.2622165486639405
HU,G,6.604226705091258,2024,6.84,30.01,19.17,,21.960064264402114,27.334309776638595,27.89478805069303,3.3284398631576035
HU,H,6.340183646698732,2022,2.775,27.71,9.74,26.074052509782057,31.88382913843892,16.51896490606168,22.762586728789664,3.1251182552074632
HU,H,6.351578554081823,2023,2.23,27.310000000000002,12.73,29.176537539533854,33.13339779617655,15.224191866527633,26.074052509782057,3.2609406631137627
HU,H,6.844380403458214,2024,3.95,26.91,15.72,,33.430877800670864,18.556701030927837,29.176537539533854,3.3733648773678437
HU,J,10.931351114997815,2022,13.815,88.0,54.2,37.31053978456228,29.179313217877763,84.32432432432432,37.696774631964566,3.629574537265262
HU,J,11.146397658633788,2023,14.54,85.38499999999999,54.66,48.04169215977625,30.171563424775556,81.90639269406394,37.31053978456228,3.619275854685697
HU,J,11.707492795389049,2024,32.88,82.77,55.12,,31.92355719637331,83.40935005701255,48.04169215977625,3.872069220566792
HU,N,4.882670164699024,2022,3.8600000000000003,28.12,16.48,17.574579568877503,33.00109803317216,26.29543696829079,16.197819546752477,2.7848766373000235
HU,N,5.0439006164767415,2023,2.89,27.17,17.515,21.5647254107168,36.99822893432236,21.41312184571017,17.574579568877503,2.8664535152983572
HU,N,5.283381364073008,2024,5.63,26.22,18.55,,37.95295566593286,23.23901264298615,21.5647254107168,3.0710588969195887
IE,C,27.142857142857142,2022,8.004999999999999,36.91,28.4,665.7959654833094,50.71190674437969,41.24820659971306,619.8015564360791,6.429399356541329
IE,C,27.164685908319186,2023,7.18,37.51,28.7,646.7301184122626,52.17811024893737,42.66666666666667,665.7959654833094,6.500983265469981
IE,C,28.224455611390287,2024,17.51,38.11,29.0,,51.22117392656664,44.25760286225402,646.7301184122626,6.471929079831765
IE,F,25.624999999999996,2022,3.0949999999999998,21.1,16.71,62.06653912745004,8.39840693759496,21.92648922686945,51.93861985614212,3.9500626339936566
IE,F,25.21222410865874,2023,5.92,21.145000000000003,14.385000000000002,57.942028423897774,8.784379450316306,22.021893110109467,62.06653912745004,4.12820702129815
IE,F,26.968174204355112,2024,6.24,21.19,12.06,,9.083669006790194,23.83059418457649,57.942028423897774,4.059443000770476
IE,G,21.785714285714285,2022,5.055,29.33,22.16,76.21673376128821,29.764141249289764,30.028632784538296,72.4256435695264,4.282560429629415
IE,G,21.477079796264857,2023,4.99,27.095,20.785,71.59149879081735,30.26244624200331,31.34020618556701,76.21673376128821,4.333581041749866
IE,G,22.278056951423785,2024,11.71,24.86,19.41,,30.79085175869965,32.06945428773919,71.59149879081735,4.270976334945577
IE,J,44.642857142857146,2022,30.46,72.41,57.15,553.1781481656358,44.06925998124827,87.51515151515153,552.1362823949955,6.3137949042019015
IE,J,45.67062818336163,2023,28.52,72.3,54.71,568.5548998343324,44.656389511713165,89.14956011730204,553.1781481656358,6.315680098225242
IE,J,50.0,2024,49.07,72.19,52.27,,45.264666115068714,87.32629238465813,568.5548998343324,6.343097878157477
IE,N,22.142857142857146,2022,9.405000000000001,33.3,24.85,155.91761403968593,50.754076161146244,26.653504442250743,146.23636610204517,4.985224258532531
IE,N,21.98641765704584,2023,6.59,41.5,26.625,166.69662624501333,51.55742252516446,28.003875968992247,155.91761403968593,5.049327752617406
IE,N,22.69681742043551,2024,24.8,49.7,28.4,,50.416699612556336,29.45344129554656,166.69662624501333,5.116175551069724
IT,C,18.21366024518389,2022,5.785,14.02,18.97,79.66257276806094,28.258105695916885,28.064694431760834,72.30279855959593,4.280862836017203
IT,C,17.948717948717945,2023,4.94,13.83,19.490000000000002,81.8745118139742,28.979820112702694,29.335006867806563,79.66257276806094,4.377799874094393
IT,C,18.479149632052334,2024,8.03,13.64,20.01,,29.576716757256033,29.886628797699576,81.8745118139742,4.4051877313602255
IT,F,15.236427320490368,2022,3.93,6.64,13.46,53.224255485519755,4.811618526323819,13.536243492190629,47.9009626590419,3.8691356014809326
IT,F,14.888337468982629,2023,2.62,5.97,12.555,59.56608309403225,5.109096066437815,14.057961224076202,53.224255485519755,3.9745142226219583
IT,F,15.53556827473426,2024,5.24,5.3,11.65,,5.654513915869986,15.243823567455697,59.56608309403225,4.08708633648284
IT,G,16.9877408056042,2022,4.625,12.62,21.47,51.633153029007396,19.069668281373012,22.02306010204758,47.981744979707656,3.8708206256478332
IT,G,16.294458229942098,2023,3.66,12.245,19.295,52.85934540252137,20.043828503401006,22.24331489542762,51.633153029007396,3.9441639667345565
IT,G,16.516762060506952,2024,8.22,11.87,17.12,,20.518190296527237,22.5868180820027,52.85934540252137,3.967634525492227
IT,I,12.171628721541156,2022,4.405,3.23,9.39,24.875039674270234,9.83293525479698,17.46220865291533,18.446236033272495,2.9148603406371407
IT,I,11.745244003308517,2023,3.99,2.4050000000000002,9.57,27.813501773783283,10.71150062730255,16.333217148832347,24.875039674270234,3.2138648779889216
IT,I,11.774325429272283,2024,2.73,1.58,9.75,,10.919165768791439,15.789115182889452,27.813501773783283,3.325521578110454
IT,J,22.679509632224164,2022,18.615000000000002,59.89,52.51,83.99923073821215,38.759007031921264,82.0112061338838,86.86209111932122,4.4643217014118814
IT,J,21.918941273779982,2023,21.04,60.96,52.415,85.00434262565064,39.61601572361066,83.4321085210062,83.99923073821215,4.4308076409229535
IT,J,22.15862632869992,2024,34.6,62.03,52.32,,39.575758201040266,85.16336368505625,85.00434262565064,4.4427023448988185
IT,N,11.821366024518388,2022,6.475,11.32,19.21,37.26542211192092,56.4473904666164,12.586487586487586,34.78612303633201,3.549218543929399
IT,N,11.166253101736972,2023,6.73,12.895,18.009999999999998,38.84451707041465,56.311375352151,13.758566157090144,37.26542211192092,3.6180658755718227
IT,N,11.201962387571546,2024,7.72,14.47,16.81,,55.538327004977006,14.165141346349403,38.84451707041465,3.6595669361051177
LT,C,8.722832012793488,2022,4.945,17.45,11.2,38.24158794812409,36.73103874603584,27.73689052437902,32.25690291773036,3.4737320642982725
LT,C,8.895131086142321,2023,4.83,16.799999999999997,12.485,37.81174938441436,37.193878211071485,28.475637013857845,38.24158794812409,3.6439236131610917
LT,C,9.68233967769746,2024,8.81,16.15,13.77,,36.65955314406179,27.927529827662394,37.81174938441436,3.632619884603332
LT,F,7.995929345060697,2022,1.755,4.95,4.59,21.827116000514852,10.29020949900437,26.192703461178667,19.19509440051638,2.9546547464149517
LT,F,8.62760834670947,2023,2.4,5.68,5.4350000000000005,26.49543774756766,10.682383140688506,26.098901098901102,21.827116000514852,3.0831530500851216
LT,F,9.616022282644739,2024,3.42,6.41,6.28,,11.496890948553999,26.840215439856372,26.49543774756766,3.276972557701717
LT,G,8.722832012793488,2022,3.59,18.23,16.15,32.2592772057339,25.61477892186554,36.730575176589305,27.816412828209213,3.3256262359892017
LT,G,8.761369716425897,2023,4.39,16.91,14.62,30.567730614027283,25.59215261323478,36.49122807017544,32.2592772057339,3.4738056671681283
LT,G,9.549704887592016,2024,7.68,15.59,13.09,,26.12334140573343,35.798062213156555,30.567730614027283,3.4199448974267326
LT,H,7.77785854474086,2022,4.404999999999999,11.35,6.33,31.304949532496497,40.43347725388157,36.0,25.8849278925434,3.2536608646649703
LT,H,8.226324237560192,2023,4.97,9.665,5.825,33.57739843853381,42.49781659388646,35.65044687189672,31.304949532496497,3.4437762170731983
LT,H,8.886530937064792,2024,4.96,7.98,5.32,,41.12778851793123,39.241917502787075,33.57739843853381,3.5138531751083737
LT,J,16.646071091080906,2022,24.725,84.13,63.1,46.57988882161924,29.121030326380097,91.21863799283155,39.83786632932743,3.684817875291447
LT,J,17.188336008560725,2023,26.68,84.04499999999999,61.84,53.28775964265697,29.76952733572241,92.10526315789474,46.57988882161924,3.8411688776267954
LT,J,18.701505404867696,2024,45.9,83.96,60.58,,27.885630056447962,91.77489177489177,53.28775964265697,3.97570665456657
LT,N,7.414407210874464,2022,5.904999999999999,16.18,12.73,24.030485454956214,44.27567143749418,35.58052434456929,22.108457293492272,3.0959602182827086
LT,N,7.9588014981273405,2023,5.46,19.47,14.49,24.902440472656014,48.35817350513628,41.0472972972973,24.030485454956214,3.1793232515816148
LT,N,8.488626566748458,2024,10.06,22.76,16.25,,47.766311042930525,38.11802232854865,24.902440472656014,3.214965809617943
LV,C,6.769605233133034,2022,3.375,17.52,11.71,33.45712339480788,25.69484740688414,24.97712717291857,30.583261714753426,3.4204528565118966
LV,C,6.834983958711118,2023,4.14,17.174999999999997,10.71,32.962722487706905,25.11167670891336,28.531337698783908,33.45712339480788,3.51026472039872
LV,C,7.500688136526287,2024,8.39,16.83,9.71,,24.64026761158386,29.503407984420644,32.962722487706905,3.495377301378489
LV,F,7.073857153723284,2022,2.415,9.04,11.59,19.708218285607916,8.661930319858529,27.84992784992785,16.79540236608514,2.8211051802696967
LV,F,7.044218161528805,2023,1.51,7.67,8.94,26.075472316439726,8.810565468875453,26.934523809523807,19.708218285607916,2.981035720610226
LV,F,7.913570052298375,2024,5.28,6.3,6.29,,7.323500062367469,26.05177993527508,26.075472316439726,3.2609951144884493
LV,G,6.389290332395224,2022,2.73,18.82,15.62,27.53900223462914,26.31396885355915,33.12977099236642,25.42490374018694,3.2357291558974444
LV,G,6.62574975589343,2023,2.41,17.965,15.695,29.91462211592372,27.080331859506185,31.65289256198347,27.53900223462914,3.3156032629647916
LV,G,7.363060831268924,2024,6.71,17.11,15.77,,26.654932953471487,32.76327632763276,29.91462211592372,3.3983473948358776
LV,H,6.6935422529854725,2022,3.775,16.58,12.17,25.81963598765338,28.949169036142745,31.028938906752412,20.443655851680184,3.017672607056664
LV,H,6.974473427256242,2023,4.1,15.195,12.025,27.05797189795483,30.48401353287208,30.072992700729927,25.81963598765338,3.2511352872421764
LV,H,7.9823837049270585,2024,5.19,13.81,11.88,,23.524001905043438,29.34782608695652,27.05797189795483,3.297981671595177
LV,J,12.854643644938008,2022,17.32,64.47,49.51,44.27894736842105,41.15071770334928,86.98795180722891,39.37283618521009,3.673076141609359
LV,J,13.321244246059424,2023,20.93,72.43,52.775,47.79273689386312,39.87215809314196,83.94160583941606,44.27894736842105,3.790509335390327
LV,J,14.31323974676576,2024,37.38,80.39,56.04,,38.1438651067379,86.34259259259258,47.79273689386312,3.8668736801250385
MT,C,13.369689506552906,2022,8.145,28.48,21.64,45.61845040191911,33.7359538739952,34.572490706319705,42.16148205995922,3.741507056840086
MT,C,13.498875093742187,2023,10.06,28.884999999999998,25.095,47.055934083346536,35.61242275392173,30.303030303030305,45.61845040191911,3.8203122487633117
MT,C,14.071904994306166,2024,13.66,29.29,28.55,,33.253086899122465,33.11036789297659,47.055934083346536,3.8513369809977234
MT,G,11.61051983463805,2022,8.28,29.11,23.6,37.25799333071793,9.991663397410749,27.15654952076677,31.692773626591862,3.4560886935898565
MT,G,11.415715357053578,2023,9.44,28.85,24.36,37.71397743532006,11.671709708441817,23.428571428571427,37.25799333071793,3.617866507864815
MT,G,12.201073694485116,2024,10.21,28.59,25.12,,11.635298658251413,24.645892351274785,37.71397743532006,3.6300307799941116
MT,J,19.086990940276188,2022,30.32,82.46,68.68,138.73979551398907,26.836807481968773,79.67479674796748,125.75717901719473,4.834352896950257
MT,J,18.498458461794847,2023,35.29,84.945,73.69,155.73068149415454,27.23838038209296,84.35374149659863,138.73979551398907,4.932600204076792
MT,J,18.464291524320807,2024,55.07,87.43,78.7,,26.542425525907102,83.11688311688312,155.73068149415454,5.04812811462401
MT,N,10.906851965872109,2022,10.515,34.72,34.95,29.690869044398934,38.475211561497744,33.333333333333336,26.260748019822948,3.2680753536107288
MT,N,11.249062578118489,2023,12.39,33.39,34.625,42.05016506143008,33.85290814416499,34.21052631578947,29.690869044398934,3.3908395589568894
MT,N,10.655604359850333,2024,17.05,32.06,34.3,,37.95928737019277,32.6923076923077,42.05016506143008,3.7388633117722536
NL,F,24.596839876201333,2022,6.055,14.88,18.32,78.11824583292933,17.66881873082489,29.414810978767473,74.94169387619111,4.316710396208455
NL,F,25.037164541115718,2023,4.72,14.89,18.545,82.80262869894351,17.844794297011664,31.31163708086785,78.11824583292933,4.358223650980756
NL,F,25.54578532443906,2024,8.88,14.9,18.77,,17.820462859369695,32.939229132182554,82.80262869894351,4.416459808459052
NO,C,34.29718875502008,2022,8.85,19.85,36.6,119.0659928253954,37.798885454504436,43.58974358974359,106.14870251662465,4.664840964962218
NO,C,30.47112462006079,2023,8.35,18.810000000000002,33.96,105.07231048468417,38.108768234476884,42.789223454833596,119.0659928253954,4.779677900957039
NO,C,30.871491875923184,2024,14.73,17.77,31.32,,38.39562051630678,42.24478285391991,105.07231048468417,4.654648784414977
NO,F,29.55823293172691,2022,4.415,7.42,26.25,83.60622903759685,14.881292382500696,25.24407252440725,78.93428697116333,4.368615695829106
NO,F,26.3677811550152,2023,3.65,6.41,22.689999999999998,74.69328642712031,14.781635345382124,27.630375114364135,83.60622903759685,4.426118027334024
NO,F,26.514032496307237,2024,8.71,5.4,19.13,,16.31007149343927,28.45940959409594,74.69328642712031,4.313390214299616
NO,G,32.44979919678715,2022,7.45,18.95,31.95,75.8335986910744,36.74751663987201,35.08891928864569,76.479040984552,4.3370167292365975
NO,G,28.571428571428577,2023,6.74,22.27,33.015,65.75852771150433,37.52891736490997,38.02565930149678,75.8335986910744,4.328541448939732
NO,G,28.877400295420973,2024,20.6,25.59,34.08,,38.65323669419517,38.01169590643275,65.75852771150433,4.185989361681968
NO,H,33.81526104417671,2022,4.41,15.39,24.78,119.1143311564013,44.399560860263485,28.05923616523772,97.60447868778932,4.580923380560779
NO,H,29.93920972644377,2023,5.38,13.795,21.705,112.37377094110795,45.95429785193052,29.755327545382798,119.1143311564013,4.780083797891441
NO,H,30.72378138847858,2024,8.87,12.2,18.63,,45.7676849697375,30.075187969924812,112.37377094110795,4.721830555611688
NO,J,47.2289156626506,2022,36.75,74.2,73.67,131.78997656883928,29.891596692285948,92.58312020460357,131.2921184563367,4.877424752518001
NO,J,41.71732522796353,2023,31.55,73.125,72.355,124.52359082157177,31.612230838529616,91.39442231075697,131.78997656883928,4.881209568864138
NO,J,42.17134416543575,2024,62.71,72.05,71.04,,31.241027628299413,94.44897959183672,124.52359082157177,4.824495182465457
NO,N,27.95180722891566,2022,11.754999999999999,15.34,31.87,79.22976089501391,42.65966619233546,27.749999999999996,68.3880427951867,4.225197996411076
NO,N,25.303951367781153,2023,8.92,16.259999999999998,29.3,72.49644981077671,42.65777617588755,23.950617283950617,79.22976089501391,4.372351997113376
NO,N,26.218611521418016,2024,21.88,17.18,26.73,,42.434826739508466,22.83653846153846,72.49644981077671,4.283537592534433
PL,C,7.2642967542503865,2022,2.5949999999999998,32.05,22.75,38.599967622156754,48.15448012079479,30.516847080347613,33.33664089919741,3.506657119373233
PL,C,7.526132404181185,2023,2.86,28.96,25.98,39.33007002133197,49.16081304436258,32.10720246905804,38.599967622156754,3.653251437666204
PL,C,8.540685944855413,2024,5.13,25.87,29.21,,49.10671331961437,32.91571047571792,39.33007002133197,3.671989366796366
PL,F,6.800618238021638,2022,0.79,19.78,11.13,22.77566884757401,7.798406426119064,22.21546415266479,20.326673527163724,3.0119339904040965
PL,F,6.898954703832754,2023,1.23,17.04,14.344999999999999,29.011471685216538,8.249447688662055,25.152558285088407,22.77566884757401,3.1256928103360537
PL,F,8.002689979825153,2024,2.01,14.3,17.56,,8.38242204908467,26.76961668103786,29.011471685216538,3.367691327119466
PL,G,6.723338485316846,2022,3.545,29.2,26.67,30.939894626130805,29.555661410081353,28.870805442534014,25.290728333087138,3.230437859519344
PL,G,6.968641114982578,2023,3.99,27.28,30.09,31.44283554661564,30.541670296307938,30.424434748115825,30.939894626130805,3.4320464393902776
PL,G,7.868190988567586,2024,5.54,25.36,33.51,,31.53233263675148,30.86681715575621,31.44283554661564,3.4481711526359287
PL,H,7.187017001545596,2022,1.8450000000000002,25.32,19.13,27.272970401644987,33.981550899437494,21.02088584803745,20.616546700430018,3.0260939912575813
PL,H,7.804878048780488,2023,1.84,21.665,21.240000000000002,30.97876943145994,34.362213284052615,21.98201471523299,27.272970401644987,3.3058961165450773
PL,H,8.742434431741762,2024,2.46,18.01,23.35,,33.657769376850524,21.17006324666198,30.97876943145994,3.43330211281375
PL,I,5.486862442040185,2022,1.3199999999999998,22.17,20.83,19.21733722723864,14.803343555850917,18.262806236080177,12.359046344971391,2.5143882924971117
PL,I,5.7839721254355405,2023,1.65,19.770000000000003,23.479999999999997,23.238211951447244,15.16905007617082,18.055203849075717,19.21733722723864,2.955812852177369
PL,I,6.590450571620714,2024,2.43,17.37,26.13,,15.685936777597476,19.723277265328264,23.238211951447244,3.145797990617915
PL,J,12.982998454404946,2022,16.955,84.35,71.25,43.15556427219033,36.64318204105032,90.49894857579812,41.47409779119302,3.7250690827643917
PL,J,13.37979094076655,2023,17.56,84.685,73.735,46.419713808872956,36.21378843327154,92.67207121284375,43.15556427219033,3.764811361062683
PL,J,14.72763954270343,2024,32.63,85.02,76.22,,35.60425971176905,92.796992481203,46.419713808872956,3.8377242355725025
PL,N,6.259659969088098,2022,4.48,31.28,27.26,22.7767175243216,44.75847502959315,23.039647577092513,20.012481829173854,2.996356170348597
PL,N,6.829268292682928,2023,4.8,29.485,29.12,26.43836878594227,44.03975467119125,26.066248105650576,22.7767175243216,3.1257388530061
PL,N,7.868190988567586,2024,7.72,27.69,30.98,,42.799366484954014,26.674259681093393,26.43836878594227,3.2748163181461702
PT,C,9.908873750331768,2022,8.66,20.11,18.31,37.84395925719502,23.8918371687897,26.646115906288536,34.715437886125706,3.547184483869763
PT,C,9.917633215666498,2023,8.74,19.475,20.854999999999997,39.99436660887126,24.464728195521186,24.990689013035382,37.84395925719502,3.6334713702428183
PT,C,10.397052803929594,2024,6.78,18.84,23.4,,25.323927593753083,28.232354778263584,39.99436660887126,3.688738609417569
PT,G,11.059010882066708,2022,6.785,19.41,26.3,29.300997882105488,22.12157780717952,28.776556776556777,27.173229667888176,3.302232285269315
PT,G,11.01025382417213,2023,6.94,19.075,26.735,31.124523220299533,22.74565732661369,26.937756899588962,29.300997882105488,3.3776215728528247
PT,G,11.379451494064675,2024,5.77,18.74,27.17,,23.310088082371433,27.748467132468274,31.124523220299533,3.4379960364442383
PT,H,13.624701406706185,2022,7.82,14.75,26.28,44.43798313598492,32.689820431325764,16.73342234089898,34.9203898536192,3.553070895102072
PT,H,13.783829214994114,2023,8.26,15.195,25.87,46.56704729069804,31.99987397548823,17.57602862254025,44.43798313598492,3.7940945797628083
PT,H,14.081047891936144,2024,4.9,15.64,25.46,,30.56732667542273,20.3793559770622,46.56704729069804,3.8408931513058118
PT,N,6.635406529240025,2022,10.55,29.67,27.2,16.16989704024302,43.14434975850605,21.765787860208462,14.70458570918074,2.688159398142961
PT,N,6.80786686838124,2023,10.29,29.520000000000003,30.009999999999998,17.092000854293648,42.88143389902906,21.678710394663703,16.16989704024302,2.7831513062368343
PT,N,7.040523945968072,2024,12.91,29.37,32.82,,42.8457070519026,21.768707482993197,17.092000854293648,2.8386105677638533
RO,C,6.04370060437006,2022,1.31,9.35,6.54,27.817585562027446,49.79432247877583,16.550009812258786,23.387435867762218,3.1521989494376976
RO,C,6.424738774357526,2023,1.34,9.68,8.65,27.199569779539083,49.307433484109005,16.0641223422094,27.817585562027446,3.325668394879533
RO,C,6.804082449469681,2024,1.3,10.01,10.76,,48.442304411290785,17.50068175620398,27.199569779539083,3.3032011562481527
RO,F,5.268867193553386,2022,0.09,5.55,6.01,23.10634710248023,10.879733777577814,15.705213019317279,17.90939216689278,2.8853252772997653
RO,F,6.001129624399888,2023,0.13,5.91,7.22,29.18826658813911,11.579779412476968,13.994205819372715,23.10634710248023,3.1401073461275253
RO,F,6.603962377426456,2024,0.18,6.27,8.43,,12.768580521449296,13.457132521403596,29.18826658813911,3.3737667993459417
RO,G,6.35363396869673,2022,0.9450000000000001,8.0,7.08,27.873338553628443,22.97891834947185,21.319130307894355,24.21999596370516,3.1871785714736176
RO,G,6.636543349336346,2023,1.29,8.985,7.4350000000000005,26.81353827722963,23.32048384425507,21.469054636136935,27.873338553628443,3.3276706245466507
RO,G,7.2043225935561335,2024,3.63,9.97,7.79,,23.82280747580811,20.417735434224994,26.81353827722963,3.2889069195647753
RO,H,6.35363396869673,2022,0.33499999999999996,8.32,6.68,20.13751243500948,34.678191339602456,10.06699257649828,15.751173543384082,2.7569148731869113
RO,H,6.9895509743010455,2023,0.36,9.695,8.655000000000001,21.120435580548047,33.48491560513873,9.42963093766555,20.13751243500948,3.0025843660080285
RO,H,7.537856046961511,2024,2.73,11.07,10.63,,33.10940958442275,9.639953542392567,21.120435580548047,3.0502410827043667
RO,J,14.101968076863475,2022,8.46,59.51,44.16,41.09743585903216,46.29757215390837,85.18886679920477,37.87192021741082,3.6342099461315454
RO,J,14.685117198531492,2023,8.12,58.95,45.41,46.66524201687312,45.631413168792264,85.07462686567165,41.09743585903216,3.7159457316978872
RO,J,15.209125475285171,2024,15.69,58.39,46.66,,46.1124499704977,84.04461687681864,46.66524201687312,3.8429996052653377
SE,C,25.21149174972778,2022,8.17,22.27,38.58,123.27018836647608,58.620081200261595,48.692534795444956,107.03741357962978,4.6731784329679344
SE,C,23.093957608351786,2023,7.47,23.14,37.34,114.76080757532577,60.950876633675165,51.1543134872418,123.27018836647608,4.814378599642702
SE,C,23.724608466428908,2024,19.49,24.01,36.1,,61.419816188248475,50.324199958167746,114.76080757532577,4.742850028168622
SE,F,22.614959376832232,2022,2.55,8.91,24.05,68.07100983898799,21.347747088870857,25.745085605580222,64.3411229121717,4.164198974443346
SE,F,20.721290730781398,2023,2.78,7.205,22.025,65.6250014405469,25.154484249636404,27.24025974025974,68.07100983898799,4.220551422651536
SE,F,21.32113505969918,2024,13.15,5.5,20.0,,25.519518306377538,27.224958949096884,65.6250014405469,4.1839567428629785
SE,G,22.363682050422984,2022,11.315,26.32,40.35,72.78837071451694,39.878551187806636,41.021382603280045,73.01538803801071,4.29067021397548
SE,G,20.48402404302436,2023,10.79,25.77,37.615,66.56797230266534,41.995139990681054,41.440695508176354,72.78837071451694,4.287556199509919
SE,G,21.166072259265004,2024,22.47,25.22,34.88,,42.759518776507726,44.008307372793354,66.56797230266534,4.19822356552223
SE,H,20.353463439149007,2022,4.225,14.18,15.17,65.71127751815776,48.97734737158193,17.423837520042756,59.111178683822,4.079420055152136
SE,H,18.744068332806073,2023,4.74,13.52,16.155,62.55229310864826,49.55924516200461,16.85768863419293,65.71127751815776,4.185270562482434
SE,H,19.07272445340363,2024,15.54,12.86,17.14,,49.77494747496434,17.289719626168225,62.55229310864826,4.136002896650988
SE,J,31.744702236368205,2022,33.83,76.1,64.02,110.90335494059534,44.43762968947978,95.80740255486407,116.12838233224447,4.754696323359944
SE,J,28.94653590635875,2023,36.85,78.445,66.095,100.7500181593666,46.03399433427762,95.76651699807569,110.90335494059534,4.708659145842792
SE,J,29.772057683361762,2024,67.56,80.79,68.17,,45.66015172465339,96.43217771794008,100.7500181593666,4.612642381068628
SE,N,18.929558589496608,2022,8.440000000000001,17.64,25.01,48.36285075414737,53.74434315336208,33.77366798767063,42.562192443256315,3.7509663578808348
SE,N,17.478645998101868,2023,8.3,14.525,25.375,45.643516090040364,56.3128606290054,34.48905109489051,48.36285075414737,3.878731972606118
SE,N,18.064816250581487,2024,21.63,11.41,25.74,,55.16962242307544,34.01175938489371,45.643516090040364,3.8208615616855517
SI,C,17.102787754403966,2022,12.455,24.28,32.33,53.47445677557103,42.50917420990592,33.42723004694836,51.3508181448685,3.9386808689617325
SI,C,17.706173233370553,2023,12.34,20.9,28.975,52.04524629249068,42.21667689734625,27.686703096539162,53.47445677557103,3.9792040964422766
SI,C,18.534449049816217,2024,21.64,17.52,25.62,,42.35401188539916,29.586850288760548,52.04524629249068,3.9521134612550273
SI,F,14.280827774927312,2022,3.83,3.5,7.26,33.06663276918234,4.926030846710733,22.71062271062271,29.896626415388006,3.3977456451141905
SI,F,14.675386824054874,2023,3.5,3.4050000000000002,9.745000000000001,36.61247787714343,4.799634313576108,17.682926829268293,33.06663276918234,3.4985247004966578
SI,F,15.875498553218112,2024,11.94,3.31,12.23,,4.8533076308242045,16.74641148325359,36.61247787714343,3.6003891079104036
SI,G,16.67521806054387,2022,12.719999999999999,22.65,34.84,52.696199467441296,29.761962398127977,34.83348334833484,46.16875112988315,3.8323031867678092
SI,G,17.14787047375977,2023,14.49,21.16,33.69,48.68341958918641,29.697997364106847,32.052330335241216,52.696199467441296,3.9645433365794687
SI,G,18.143426917963556,2024,23.46,19.67,32.54,,29.130951234389546,32.61050875729774,48.68341958918641,3.8853385119378414
SI,H,14.879425346331452,2022,10.01,5.56,11.21,51.23394154632264,27.114098824041022,23.399558498896248,45.76664562367708,3.8235555643171537
SI,H,15.31344712075291,2023,7.5,5.3149999999999995,14.185,53.06473829201102,28.130959949141765,19.181034482758623,51.23394154632264,3.9364022332371267
SI,H,16.344725111441306,2024,18.97,5.07,17.16,,29.92325119865119,17.551020408163264,53.06473829201102,3.9715126453635206
SI,J,22.06259620318112,2022,36.065,87.08,80.09,60.40151829666093,18.092046735069093,87.15083798882682,58.610910914047565,4.070920872323672
SI,J,22.49162545860584,2023,32.48,92.66499999999999,82.39500000000001,61.704844472758495,19.436057945323103,87.25490196078431,60.40151829666093,4.101014241986767
SI,J,23.930554469382965,2024,52.94,98.25,84.7,,17.9542359030237,89.39828080229228,61.704844472758495,4.12236244440539
SK,C,9.036385445821672,2022,5.735,18.57,17.82,38.33249441563824,44.01588889899633,23.07193778353856,37.35048606213009,3.6203459252057977
SK,C,8.790258664168888,2023,6.07,17.990000000000002,17.305,38.13484650541901,43.6998644738288,24.557715887195656,38.33249441563824,3.646297954646227
SK,C,9.08011454913739,2024,8.08,17.41,16.79,,43.21296039526411,25.630178036312362,38.13484650541901,3.6411284705764775
SK,F,7.916833266693322,2022,3.1,6.23,3.53,16.19772471533133,2.726934869460188,21.3206046141607,14.759084466030085,2.6918587892017656
SK,F,7.85359175733122,2023,4.08,6.5600000000000005,5.755,18.12353634343163,3.266160508743406,23.12427856868026,16.19772471533133,2.7848707827034542
SK,F,8.31179716421038,2024,6.31,6.89,7.98,,3.3328503115490506,24.28188433550364,18.12353634343163,2.897211444014161
SK,G,8.396641343462615,2022,5.92,17.52,15.54,29.121710586193714,24.240484439563375,23.783435385111183,25.831009755947434,3.2515756987148365
SK,G,8.285899560487067,2023,6.96,16.355,17.705,31.01928173705838,24.23620735769689,22.201722017220174,29.121710586193714,3.371483964260954
SK,G,8.451491234197109,2024,11.65,15.19,19.87,,25.18239535133972,23.28208346407279,31.01928173705838,3.4346090026466074
SK,J,14.79408236705318,2022,19.905,71.88,53.54,48.00909485132965,30.032933675562273,89.74600188146755,46.06573014221297,3.830069292694979
SK,J,14.482311405720875,2023,21.62,70.8,58.165,51.80579486714428,29.391493606601976,87.55144032921811,48.00909485132965,3.871390469028935
SK,J,14.667877348606554,2024,29.19,69.72,62.79,,29.052520394633348,85.41666666666667,51.80579486714428,3.9475020130305434
