geo,nace_r2,year,prodct_calc
AT,B,2021,159.80941036331149
AT,B,2022,214.59500842137498
AT,B,2023,184.19553296776783
AT,C,2021,94.90102653881353
AT,C,2022,99.58334952453383
AT,C,2023,97.67678667566223
AT,D,2021,204.37664283089794
AT,D,2022,278.09598676044686
AT,D,2023,327.0090697613633
AT,E,2021,112.60858003900017
AT,E,2022,114.31479199422088
AT,E,2023,113.76930826057757
AT,F,2021,64.31604322055529
AT,F,2022,67.50214116440539
AT,F,2023,72.19300442440938
AT,G,2021,61.92137780546871
AT,G,2022,67.65566347353419
AT,G,2023,65.77410941935197
AT,H,2021,68.53659222459166
AT,H,2022,78.47162322998737
AT,H,2023,82.21774941073652
AT,I,2021,34.84018680694187
AT,I,2022,37.11621937509753
AT,I,2023,41.211665488053804
AT,J,2021,90.61802482460874
AT,J,2022,91.7069817077342
AT,J,2023,94.0378271533117
AT,K,2021,142.38231051932496
AT,K,2022,187.301143313816
AT,K,2023,197.36418085348785
AT,L,2021,166.9296895905807
AT,L,2022,180.9198332153253
AT,L,2023,167.66118213079616
AT,M,2021,58.022233599063846
AT,M,2022,60.72174641495028
AT,M,2023,64.73146542565951
AT,N,2021,52.39087651620289
AT,N,2022,53.59527588911648
AT,N,2023,58.27477920279683
AT,P,2021,23.705758174631693
AT,P,2022,26.045675792240864
AT,P,2023,27.89294665234515
AT,Q,2021,49.27174948421462
AT,Q,2022,49.52345393314086
AT,Q,2023,51.703540532737364
AT,R,2021,34.249645102413304
AT,R,2022,39.55450785773366
AT,R,2023,41.12459659362888
BE,B,2021,101.29310344827586
BE,B,2022,123.72222222222223
BE,B,2023,123.47623089983023
BE,C,2021,134.96284159750275
BE,C,2022,142.41933192570033
BE,C,2023,148.3303062928416
BE,D,2021,354.7498173849525
BE,D,2022,392.74728248613053
BE,D,2023,402.51364897520807
BE,E,2021,153.09988249118683
BE,E,2022,152.56155213494193
BE,E,2023,150.8812192793239
BE,F,2021,62.25251587168674
BE,F,2022,67.03809282972023
BE,F,2023,88.44167990215881
BE,G,2021,92.82656849495937
BE,G,2022,99.53342166236557
BE,G,2023,91.29247228281983
BE,H,2021,81.43628445970184
BE,H,2022,89.01662335874447
BE,H,2023,96.70042613943629
BE,I,2021,30.231618150791576
BE,I,2022,36.022197445773365
BE,I,2023,41.60719679216789
BE,J,2021,120.0748602714002
BE,J,2022,123.50317212127747
BE,J,2023,129.46414649677737
BE,K,2021,243.98066170597386
BE,K,2022,558.3993411820069
BE,K,2023,286.46960700925706
BE,L,2021,104.14450924187013
BE,L,2022,126.00190993705277
BE,L,2023,121.66529277242994
BE,M,2021,85.19633271340845
BE,M,2022,84.97630220000471
BE,M,2023,91.25623082043872
BE,N,2021,48.19032845540611
BE,N,2022,51.82300424615608
BE,N,2023,55.03968965095915
BE,P,2021,48.92795683921678
BE,P,2022,39.62323816407662
BE,P,2023,55.21514303335073
BE,Q,2021,50.40373560545458
BE,Q,2022,52.317995209805645
BE,Q,2023,53.83493194636766
BE,R,2021,44.77166451099393
BE,R,2022,49.652503988410686
BE,R,2023,49.03239377366428
BG,B,2021,53.528598494546564
BG,B,2022,51.981914893617024
BG,B,2023,52.523827272243224
BG,C,2021,16.44011278315093
BG,C,2022,19.79601061648836
BG,C,2023,23.11377548541724
BG,D,2021,61.87720711232266
BG,D,2022,121.65553464084037
BG,D,2023,55.909500090019804
BG,E,2021,15.162310422717006
BG,E,2022,14.308115988984287
BG,E,2023,18.094016816543842
BG,F,2021,15.577160614216432
BG,F,2022,16.906023022261845
BG,F,2023,21.322387439303192
BG,G,2021,16.019960868791873
BG,G,2022,19.309023819876142
BG,G,2023,20.648740897171646
BG,H,2021,14.19147720931454
BG,H,2022,17.177789231261052
BG,H,2023,20.018787583292703
BG,I,2021,8.028491171749598
BG,I,2022,10.050402778804227
BG,I,2023,12.917319600439047
BG,J,2021,37.70823662698756
BG,J,2022,42.394091314726005
BG,J,2023,47.653791426637376
BG,K,2021,71.83644852612602
BG,K,2022,76.3285038983363
BG,K,2023,125.38721150208096
BG,L,2021,18.15547263681592
BG,L,2022,20.515954158542964
BG,L,2023,23.610222901895362
BG,M,2021,18.126489913446175
BG,M,2022,20.936751828408383
BG,M,2023,24.03244236685445
BG,N,2021,11.999319187563826
BG,N,2022,14.184185836402808
BG,N,2023,15.880445900729876
BG,P,2021,9.263018534863194
BG,P,2022,10.271870986156701
BG,P,2023,13.417747301242446
BG,Q,2021,17.892735765607785
BG,Q,2022,20.199124270225187
BG,Q,2023,23.44773768613975
BG,R,2021,9.571108953522732
BG,R,2022,15.191679626749611
BG,R,2023,17.033258014404744
CH,B,2021,174.23101604278074
CH,B,2023,183.95425555311195
CH,C,2021,202.14118525560383
CH,C,2022,225.67609954138786
CH,C,2023,228.3054919285671
CH,D,2021,257.1664177444469
CH,D,2023,484.36533163805893
CH,E,2021,138.851595335346
CH,E,2022,151.1660529545853
CH,E,2023,156.33740161971028
CH,F,2021,95.90979772654904
CH,F,2022,105.72289734223688
CH,F,2023,112.37963903214228
CH,G,2021,196.2506060595928
CH,H,2021,83.72482430669528
CH,H,2022,108.94932491965326
CH,H,2023,110.06174703712168
CH,I,2021,35.07413285168169
CH,I,2022,60.60073962981249
CH,I,2023,65.00614649433398
CH,J,2021,186.26323696456708
CH,J,2022,198.82445451544166
CH,J,2023,214.69293038316243
CH,K,2022,239.32105885778094
CH,K,2023,384.6361734257591
CH,L,2021,152.11828680742525
CH,L,2022,170.68938053097344
CH,L,2023,186.08541793776692
CH,M,2021,180.63816606657127
CH,M,2022,190.41656672014454
CH,M,2023,187.70989440774483
CH,N,2021,67.52059843885516
CH,N,2022,82.3464910898329
CH,N,2023,87.37827602244516
CH,P,2021,35.71518740992436
CH,P,2022,39.84947331241819
CH,P,2023,41.819046558929784
CH,Q,2021,46.51512581667198
CH,Q,2022,51.1301842706176
CH,Q,2023,52.81600081519836
CH,R,2021,72.12878595821465
CH,R,2022,124.902967762579
CH,R,2023,70.82144407466357
CY,B,2021,46.75
CY,B,2022,64.16528925619835
CY,B,2023,71.62116040955631
CY,C,2021,38.44557017785364
CY,C,2022,38.729231428877696
CY,C,2023,42.74771068347711
CY,D,2021,108.9873417721519
CY,D,2022,135.14745308310992
CY,D,2023,149.51619688683215
CY,E,2021,89.70546318289786
CY,E,2022,88.87686062246279
CY,E,2023,87.41592920353982
CY,F,2021,35.872124713834076
CY,F,2022,38.158497602557276
CY,F,2023,40.07336588358598
CY,G,2021,37.076031348644825
CY,G,2022,45.800424572460805
CY,G,2023,43.828666589210336
CY,H,2021,43.77734247469801
CY,H,2022,44.838064393217756
CY,H,2023,48.13974030562671
CY,I,2021,19.84600025489613
CY,I,2022,26.020678635210075
CY,I,2023,30.158802336563014
CY,J,2021,120.9881039087157
CY,J,2022,130.56496640484528
CY,J,2023,124.2102865818941
CY,K,2021,112.54901960784314
CY,K,2022,114.92915670877433
CY,K,2023,132.6525479814692
CY,L,2021,46.804032018974205
CY,L,2022,48.33110814419226
CY,L,2023,48.898760813654434
CY,M,2021,43.3106755041602
CY,M,2022,43.60633978763273
CY,M,2023,44.66605957487599
CY,N,2021,30.275240384615383
CY,N,2022,33.84326088158841
CY,N,2023,35.628587113839394
CY,P,2021,29.849961854708823
CY,P,2022,32.92370835345244
CY,P,2023,32.20488621660705
CY,Q,2021,43.67668097281831
CY,Q,2022,42.391003460207614
CY,Q,2023,42.694181147972614
CY,R,2021,26.462531486146094
CY,R,2022,36.1411087113031
CY,R,2023,34.67915407854985
CZ,B,2021,56.817189007974804
CZ,B,2022,81.70193677766636
CZ,B,2023,92.3312101910828
CZ,C,2021,35.671003162531676
CZ,C,2022,39.671853167775616
CZ,C,2023,43.66437627278646
CZ,D,2021,186.46719275171708
CZ,D,2022,295.69153842419536
CZ,D,2023,284.6948423728411
CZ,E,2021,35.815559799389604
CZ,E,2022,38.3974358974359
CZ,E,2023,42.21961586624103
CZ,F,2021,22.304177611132275
CZ,F,2022,25.288194911832008
CZ,F,2023,28.29435435290716
CZ,G,2021,29.756440419644576
CZ,G,2022,34.683608562117676
CZ,G,2023,35.12163080774294
CZ,H,2021,28.635778414254634
CZ,H,2022,32.97217160329864
CZ,H,2023,34.67489002982473
CZ,I,2021,8.651488301922939
CZ,I,2022,14.563835177587814
CZ,I,2023,18.37771886819659
CZ,J,2021,62.126328955597245
CZ,J,2022,67.23482338843023
CZ,J,2023,72.8140971808975
CZ,K,2021,107.36287758346582
CZ,K,2023,235.48626373626374
CZ,L,2021,63.29186023025651
CZ,L,2022,65.96801590397222
CZ,L,2023,67.98923871810169
CZ,M,2021,28.180776104414353
CZ,M,2022,30.63608948508421
CZ,M,2023,33.266158869705684
CZ,N,2021,18.698542323890038
CZ,N,2022,21.02834541858932
CZ,N,2023,23.50323500942483
CZ,P,2021,16.619087243167126
CZ,P,2022,18.027309968138372
CZ,P,2023,18.45996940336563
CZ,Q,2021,31.796312592870436
CZ,Q,2022,33.57332158615348
CZ,Q,2023,38.21367159971811
CZ,R,2021,38.446468070437504
CZ,R,2022,53.718945776625624
CZ,R,2023,58.50418899932352
DE,B,2021,112.5633699441663
DE,B,2022,138.9359899350399
DE,B,2023,133.46731883265932
DE,C,2021,88.54959110005174
DE,C,2022,96.16704329136327
DE,C,2023,94.83714735721992
DE,D,2021,183.34765270183192
DE,D,2022,216.35309392865253
DE,D,2023,270.4962921782393
DE,E,2021,105.04552636742619
DE,E,2022,107.77645486338658
DE,E,2023,110.34152392514977
DE,F,2021,60.35290051028203
DE,F,2022,61.031141532474166
DE,F,2023,63.70252543180015
DE,G,2021,67.52213834122638
DE,G,2022,69.30871361237025
DE,G,2023,64.41698914489173
DE,H,2021,60.32222896429549
DE,H,2022,68.64203887862548
DE,H,2023,63.55333484429272
DE,I,2021,21.639576306231348
DE,I,2022,26.660378944489008
DE,I,2023,29.264300051346684
DE,J,2021,98.75143735153299
DE,J,2022,93.38375672837881
DE,J,2023,102.63290239510795
DE,K,2021,178.5426371336604
DE,K,2022,202.3226077724593
DE,K,2023,199.57621745795592
DE,L,2021,129.6442220200182
DE,L,2022,127.29319512010024
DE,L,2023,113.74484297610624
DE,M,2021,75.73482083198937
DE,M,2022,75.36095111153425
DE,M,2023,77.3428377686777
DE,N,2021,44.75603767975387
DE,N,2022,51.833959021663034
DE,N,2023,50.518363772798125
DE,P,2021,40.16265664102911
DE,P,2022,41.77794205066673
DE,P,2023,44.58590034966925
DE,Q,2021,47.487897920922364
DE,Q,2022,46.69245191837517
DE,Q,2023,49.050851263023276
DE,R,2021,52.97241490192476
DE,R,2022,58.520205106638365
DE,R,2023,60.90080384338302
DK,B,2021,367.1116138763198
DK,B,2022,714.8787128712871
DK,B,2023,483.48976535197204
DK,C,2021,123.98971108784525
DK,C,2022,125.34086461324259
DK,C,2023,141.55486544887765
DK,D,2021,348.9209418368938
DK,D,2022,721.5317130231349
DK,D,2023,266.7432326182186
DK,E,2021,179.52910347018184
DK,E,2022,173.91191512098314
DK,E,2023,156.10955676630834
DK,F,2021,70.78292780297059
DK,F,2022,68.29600314219944
DK,F,2023,72.48017484235115
DK,G,2021,69.21754751994854
DK,G,2022,66.43481811963369
DK,G,2023,66.20183373456948
DK,H,2021,173.52893332678917
DK,H,2022,304.0702875831126
DK,H,2023,128.98533484269973
DK,I,2021,21.349235550614925
DK,I,2022,26.347044757058246
DK,I,2023,27.706948563247774
DK,J,2021,99.91090576510659
DK,J,2022,97.80007521624671
DK,J,2023,103.29034334603323
DK,K,2021,169.6137499466063
DK,K,2022,169.59614793783305
DK,K,2023,186.49051157649083
DK,L,2021,112.30913356320754
DK,L,2022,127.6455170060642
DK,L,2023,122.07536003156441
DK,M,2021,92.45081330569231
DK,M,2022,89.8334950392789
DK,M,2023,92.55400368707919
DK,N,2021,50.058225244979624
DK,N,2022,50.96436183159882
DK,N,2023,51.75809808260914
DK,P,2021,43.91018342821
DK,P,2022,41.57251311823155
DK,P,2023,45.47574931880109
DK,Q,2021,54.17874961387612
DK,Q,2022,53.712026443383216
DK,Q,2023,55.473849818673116
DK,R,2021,38.34752776911451
DK,R,2022,47.68585156202485
DK,R,2023,44.46442922199686
EE,B,2021,60.497489730716566
EE,B,2022,68.58695652173913
EE,B,2023,67.41150442477876
EE,C,2021,35.52634644159521
EE,C,2022,38.950144917291105
EE,C,2023,38.171774637548175
EE,D,2021,122.40645923591966
EE,D,2022,175.6353488372093
EE,D,2023,157.12765957446808
EE,E,2021,49.43298969072165
EE,E,2022,44.350398765114484
EE,E,2023,48.83923705722071
EE,F,2021,27.83110071455984
EE,F,2022,30.094867807153967
EE,F,2023,32.12852819032871
EE,G,2021,33.53420477086618
EE,G,2022,37.03563469995464
EE,G,2023,33.89205488007182
EE,H,2021,35.653483897103506
EE,H,2022,38.515151515151516
EE,H,2023,37.31375790495684
EE,I,2021,12.21469329529244
EE,I,2022,16.880063228610947
EE,I,2023,18.815970799657343
EE,J,2021,42.80717875089734
EE,J,2022,47.248925260268294
EE,J,2023,59.291128716744915
EE,K,2023,170.14535386745112
EE,L,2021,61.90799088092594
EE,L,2022,64.74181700334881
EE,L,2023,56.89738552213994
EE,M,2021,23.860067480149166
EE,M,2022,33.999488823830106
EE,M,2023,32.345456543237006
EE,N,2021,24.375530290174783
EE,N,2022,27.24394017534812
EE,N,2023,31.803865238965788
EE,P,2021,14.738219895287958
EE,P,2022,14.643682588597843
EE,P,2023,15.612545486050944
EE,Q,2021,33.239835670774895
EE,Q,2022,33.74257554989883
EE,Q,2023,36.78710876975519
EE,R,2021,19.516739039081102
EE,R,2022,23.253958804619597
EE,R,2023,18.997637876142548
EL,B,2021,39.91460924447745
EL,B,2022,27.59760816039395
EL,B,2023,35.17612039027617
EL,C,2021,35.84916864608076
EL,C,2022,45.08544747247254
EL,C,2023,45.58475601905498
EL,D,2021,119.74781955378434
EL,D,2022,141.6121272038227
EL,D,2023,142.09050679931522
EL,E,2021,42.44286737417801
EL,E,2022,36.619571865443426
EL,E,2023,36.517954298150165
EL,F,2021,15.683868273475719
EL,F,2022,19.951852958231562
EL,F,2023,24.29534668985806
EL,G,2021,19.730883757514466
EL,G,2022,20.56596991782052
EL,G,2023,24.455620695163326
EL,H,2021,33.24775623468792
EL,H,2022,38.00900061185862
EL,H,2023,41.39015169641576
EL,I,2021,7.663429471100299
EL,I,2022,10.85084408176718
EL,I,2023,12.099224913018016
EL,J,2021,54.81802604172011
EL,J,2022,52.104673811786625
EL,J,2023,56.16218856863703
EL,K,2021,120.25023257068126
EL,K,2022,163.238515999554
EL,K,2023,161.55890205828754
EL,L,2021,53.09546964908015
EL,L,2022,62.2168326730107
EL,L,2023,57.16800103724353
EL,M,2021,19.454710213328298
EL,M,2022,23.179042178466574
EL,M,2023,26.316513163760057
EL,N,2021,18.58605169071432
EL,N,2022,21.459548492219046
EL,N,2023,22.855970686089382
EL,P,2021,4.714656002369844
EL,P,2022,6.015920012297575
EL,P,2023,9.542508510544232
EL,Q,2021,15.91426895804084
EL,Q,2022,16.15198403230781
EL,Q,2023,19.332496208071213
EL,R,2021,15.913741487646806
EL,R,2022,20.82248511700848
EL,R,2023,22.980263724898734
ES,B,2021,88.41404160069881
ES,B,2022,119.95742387496631
ES,B,2023,179.6368803283865
ES,C,2021,63.05416448857453
ES,C,2022,68.65754374380984
ES,C,2023,71.18675685781932
ES,D,2021,545.025440497503
ES,D,2022,743.5002901656177
ES,D,2023,676.4341188479119
ES,E,2021,58.4536658288568
ES,E,2022,58.45984826952929
ES,E,2023,62.76642432108407
ES,F,2021,37.158629955039196
ES,F,2022,40.36769733518954
ES,F,2023,42.3512527687655
ES,G,2021,41.4058113230331
ES,G,2022,43.02595753330475
ES,G,2023,46.72306604539765
ES,H,2021,46.58692128736342
ES,H,2022,53.50128604964533
ES,H,2023,57.31791014575816
ES,I,2021,19.52199068285133
ES,I,2022,25.296816744369224
ES,I,2023,28.26702291059148
ES,J,2021,70.75861439606628
ES,J,2022,73.31727715178425
ES,J,2023,78.50949270889947
ES,K,2021,106.81381643923422
ES,K,2022,154.66511428665575
ES,K,2023,225.8051164228448
ES,L,2021,59.76034924207521
ES,L,2022,70.0444740856467
ES,L,2023,79.12445758175963
ES,M,2021,46.55227519761019
ES,M,2022,50.07287958375862
ES,M,2023,53.02782535995154
ES,N,2021,27.633001081603428
ES,N,2022,29.55942570840585
ES,N,2023,31.951637515995817
ES,P,2021,25.348829907891794
ES,P,2022,25.702419721296575
ES,P,2023,28.06537674122905
ES,Q,2021,31.790432823454278
ES,Q,2022,32.26299325865166
ES,Q,2023,34.82678499322119
ES,R,2021,42.46411104465008
ES,R,2022,48.51399651713608
ES,R,2023,52.320034680431135
FI,B,2021,158.17292521300095
FI,B,2022,171.05294645527968
FI,B,2023,142.26926591532134
FI,C,2021,99.78024522904944
FI,C,2022,106.8778421023796
FI,C,2023,91.6462509167389
FI,D,2021,333.65049928673324
FI,D,2022,391.8878911182826
FI,D,2023,375.35417225650656
FI,E,2021,123.83965898844167
FI,E,2022,120.58761634965602
FI,E,2023,114.48575453976206
FI,F,2021,67.04686246546038
FI,F,2022,66.1262076806604
FI,F,2023,65.59760093297051
FI,G,2021,60.879154123133226
FI,G,2022,59.09693717563411
FI,G,2023,59.59032228497296
FI,H,2021,54.603706220981174
FI,H,2022,59.84848963350124
FI,H,2023,64.20806813498787
FI,I,2021,30.331551296470334
FI,I,2022,33.340840357763334
FI,I,2023,35.20169954476479
FI,J,2021,105.30121149442269
FI,J,2022,99.42729978049817
FI,J,2023,103.13552202983027
FI,K,2021,239.50279506381185
FI,K,2022,209.8644463215478
FI,K,2023,256.95263732833956
FI,L,2021,163.60405287738462
FI,L,2022,143.85936132983377
FI,L,2023,154.78615367815672
FI,M,2021,69.06094676327923
FI,M,2022,66.55016476197153
FI,M,2023,67.85996494254472
FI,N,2021,37.490799331275426
FI,N,2022,36.87209404107861
FI,N,2023,38.64066670719374
FI,P,2021,38.10171919770774
FI,P,2022,37.580349708576186
FI,P,2023,38.21193727870511
FI,Q,2021,45.22682351440959
FI,Q,2022,44.41577151900152
FI,Q,2023,47.63125101206024
FI,R,2021,70.48806662087912
FI,R,2022,64.25038639876352
FI,R,2023,61.65413260672116
FR,B,2021,106.74196405973171
FR,B,2022,123.44450557007289
FR,B,2023,115.49574702941368
FR,C,2021,80.99274998068506
FR,C,2022,85.80837757789492
FR,C,2023,89.23690005213605
FR,D,2021,179.8834067209469
FR,D,2022,70.97955755425582
FR,D,2023,261.22764168000793
FR,E,2021,67.20453298522429
FR,E,2022,65.8561184362711
FR,E,2023,67.73051491877382
FR,F,2021,55.767923769644426
FR,F,2022,57.27809892005816
FR,F,2023,60.3787013550262
FR,G,2021,61.336056270883994
FR,G,2022,62.669961210551264
FR,G,2023,64.34484229734016
FR,H,2021,66.25737620783758
FR,H,2022,78.47050791185842
FR,H,2023,67.32760036729759
FR,I,2021,30.691328352174843
FR,I,2022,36.201203380262065
FR,I,2023,38.917992012121495
FR,J,2021,103.40326578927632
FR,J,2022,102.06931769859942
FR,J,2023,106.8733683139887
FR,K,2021,173.62920208249457
FR,K,2022,197.14445227461027
FR,K,2023,159.33853747282097
FR,L,2021,120.70158261606582
FR,L,2022,134.76452278219938
FR,L,2023,122.65235795810861
FR,M,2021,75.60718326427278
FR,M,2022,74.95216832690927
FR,M,2023,76.96957874290962
FR,N,2021,41.42527808358251
FR,N,2022,42.553886937336934
FR,N,2023,44.792298659687575
FR,P,2021,37.3514176292784
FR,P,2022,33.40778807329063
FR,P,2023,37.26976501511109
FR,Q,2021,62.29622482469793
FR,Q,2022,60.072987640866955
FR,Q,2023,62.60517953530917
FR,R,2021,49.69823144923937
FR,R,2022,60.8853105430157
FR,R,2023,62.88698553394916
HR,B,2021,31.74212034383954
HR,B,2022,34.26929392446634
HR,B,2023,44.29806714140386
HR,C,2021,25.68472913681287
HR,C,2022,29.79008349324371
HR,C,2023,32.01752323347792
HR,D,2021,74.07488087134105
HR,D,2022,40.966239027684
HR,D,2023,73.55465908339396
HR,E,2021,24.454120303176907
HR,E,2022,26.88157470151662
HR,E,2023,27.663457486466335
HR,F,2021,18.747171608907944
HR,F,2022,21.343956404513616
HR,F,2023,26.89953783825002
HR,G,2021,25.150372376159684
HR,G,2022,28.390028006209192
HR,G,2023,31.99508449502579
HR,H,2021,24.915382026253788
HR,H,2022,30.991372569462545
HR,H,2023,33.68286919622422
HR,I,2021,16.91215906861142
HR,I,2022,22.899761542714955
HR,I,2023,26.040275484312698
HR,J,2021,44.396278941089
HR,J,2022,47.302785236498835
HR,J,2023,49.69325790981842
HR,K,2021,134.34477358736788
HR,K,2022,68.4498488165989
HR,K,2023,179.95799532698013
HR,L,2021,47.07440860215054
HR,L,2022,49.00683298903544
HR,L,2023,55.45814307458143
HR,M,2021,22.54716242661448
HR,M,2022,25.39053241688393
HR,M,2023,28.857874755062053
HR,N,2021,14.580805619506949
HR,N,2022,18.17652336801675
HR,N,2023,20.668446452407846
HR,P,2021,12.643482925084928
HR,P,2022,13.32588361890572
HR,P,2023,14.851507594649739
HR,Q,2021,19.47842562470954
HR,Q,2022,20.6246719160105
HR,Q,2023,24.51855331141381
HR,R,2021,27.18904651930056
HR,R,2022,34.34733823712754
HR,R,2023,43.26156531859179
HU,B,2021,86.14914736574192
HU,B,2022,140.85337915234823
HU,B,2023,101.79375848032565
HU,C,2021,37.46169268037119
HU,C,2022,39.7700186835956
HU,C,2023,41.71424498241099
HU,D,2021,74.12428058079406
HU,D,2022,76.17578867845886
HU,D,2023,125.40928488296909
HU,E,2021,21.37684777182053
HU,E,2022,20.102883064044708
HU,E,2023,19.368179207352096
HU,F,2021,21.536142600265812
HU,F,2022,21.291803906434637
HU,F,2023,24.75903176564658
HU,G,2021,25.002740258673715
HU,G,2022,26.10734124840831
HU,G,2023,27.89478805069303
HU,H,2021,22.762586728789664
HU,H,2022,26.074052509782057
HU,H,2023,29.176537539533854
HU,I,2021,11.438302827918593
HU,I,2022,13.514147026888931
HU,I,2023,16.826017682152525
HU,J,2021,37.696774631964566
HU,J,2022,37.31053978456228
HU,J,2023,48.04169215977625
HU,K,2021,69.23517994787335
HU,K,2022,56.77586131033572
HU,K,2023,87.83998359740748
HU,L,2021,37.67612927211408
HU,L,2022,39.24519743863394
HU,L,2023,45.27726781505931
HU,M,2021,21.16423822776927
HU,M,2022,22.486291562158836
HU,M,2023,27.700594413871602
HU,N,2021,16.197819546752477
HU,N,2022,17.574579568877503
HU,N,2023,21.5647254107168
HU,P,2021,7.756865757633954
HU,P,2022,6.8716050376212126
HU,P,2023,8.833077571487237
HU,Q,2021,16.80534173936417
HU,Q,2022,16.566758476360008
HU,Q,2023,19.939158750367252
HU,R,2021,43.90931925033812
HU,R,2022,45.507119431260314
HU,R,2023,59.60706062931696
IE,B,2021,177.84659820282414
IE,B,2022,220.45843520782395
IE,B,2023,143.35285505124452
IE,C,2021,619.8015564360791
IE,C,2022,665.7959654833094
IE,C,2023,646.7301184122626
IE,D,2021,361.9841679573223
IE,D,2022,142.7964499958912
IE,D,2023,349.2888722367928
IE,E,2021,57.27745348412988
IE,E,2022,151.99004057543343
IE,E,2023,58.19088319088319
IE,F,2021,51.93861985614212
IE,F,2022,62.06653912745004
IE,F,2023,57.942028423897774
IE,G,2021,72.4256435695264
IE,G,2022,76.21673376128821
IE,G,2023,71.59149879081735
IE,H,2021,44.399753997539975
IE,H,2022,61.26097078767946
IE,H,2023,65.91019705342318
IE,I,2021,28.24616641830505
IE,I,2022,29.40485924038867
IE,I,2023,31.166609098983518
IE,J,2021,552.1362823949955
IE,J,2022,553.1781481656358
IE,J,2023,568.5548998343324
IE,K,2021,310.8905029993764
IE,K,2022,259.0033212206463
IE,K,2023,319.9687678933944
IE,L,2021,61.894050053559255
IE,L,2022,60.59660358539594
IE,L,2023,63.474023482464894
IE,M,2021,116.80181980433271
IE,M,2022,128.79021202814306
IE,M,2023,140.0388480548615
IE,N,2021,146.23636610204517
IE,N,2022,155.91761403968593
IE,N,2023,166.69662624501333
IE,P,2021,38.5799819249887
IE,P,2022,32.89380240503685
IE,P,2023,50.53285026289047
IE,Q,2021,37.96685306659766
IE,Q,2022,39.660697556144434
IE,Q,2023,45.165542360574335
IE,R,2021,49.75777842396045
IE,R,2022,70.26906666044907
IE,R,2023,57.06220938106632
IS,B,2021,138.3132530120482
IS,B,2022,147.8048780487805
IS,B,2023,197.04819277108433
IS,C,2021,108.14847001783836
IS,C,2022,134.14406481155336
IS,C,2023,111.60239562238786
IS,D,2021,441.05321507760533
IS,D,2022,587.3982398239824
IS,D,2023,503.77684651650077
IS,E,2021,91.84343434343434
IS,E,2022,102.55065554231227
IS,E,2023,99.47194719471948
IS,F,2021,74.29117094552285
IS,F,2022,89.15451398740282
IS,F,2023,92.53253200940685
IS,G,2021,77.35649433480904
IS,G,2022,85.00433463372345
IS,G,2023,82.65312554718963
IS,H,2021,80.0492658423493
IS,H,2022,109.73631959336034
IS,H,2023,114.03152338948739
IS,I,2021,40.702495201535505
IS,I,2022,51.48100299489107
IS,I,2023,56.98074695206047
IS,J,2021,97.26829268292683
IS,J,2022,105.40240613980502
IS,J,2023,107.90155174185593
IS,L,2021,279.61718417694595
IS,L,2022,309.9477491961415
IS,L,2023,348.08494501327266
IS,M,2021,73.3005911778081
IS,M,2022,81.04706088173548
IS,M,2023,84.14107036501319
IS,N,2021,78.08119808119808
IS,N,2022,113.0664395229983
IS,N,2023,106.01342281879195
IS,P,2021,38.158579881656806
IS,P,2022,44.61333333333334
IS,P,2023,46.18302513039355
IS,Q,2021,61.93373405658994
IS,Q,2022,69.25139664804469
IS,Q,2023,72.04183535762483
IS,R,2021,28.216350123864576
IS,R,2022,35.336828309305375
IS,R,2023,36.30473751600512
IT,B,2021,160.00649772579598
IT,B,2022,194.18391502276177
IT,B,2023,153.4148477077991
IT,C,2021,72.30279855959593
IT,C,2022,79.66257276806094
IT,C,2023,81.8745118139742
IT,D,2021,343.0790671943487
IT,D,2022,319.364535375849
IT,D,2023,385.6654404250971
IT,E,2021,83.07894252026529
IT,E,2022,81.54159486841749
IT,E,2023,79.78914231149906
IT,F,2021,47.9009626590419
IT,F,2022,53.224255485519755
IT,F,2023,59.56608309403225
IT,G,2021,47.981744979707656
IT,G,2022,51.633153029007396
IT,G,2023,52.85934540252137
IT,H,2021,52.47467123153946
IT,H,2022,58.99032511949081
IT,H,2023,63.191316428500805
IT,I,2021,18.446236033272495
IT,I,2022,24.875039674270234
IT,I,2023,27.813501773783283
IT,J,2021,86.86209111932122
IT,J,2022,83.99923073821215
IT,J,2023,85.00434262565064
IT,L,2021,70.63615966756365
IT,L,2022,72.06140665512046
IT,L,2023,77.27163851479612
IT,M,2021,50.49230078122461
IT,M,2022,53.20199161361222
IT,M,2023,56.81992387808068
IT,N,2021,34.78612303633201
IT,N,2022,37.26542211192092
IT,N,2023,38.84451707041465
IT,P,2021,27.43272010403638
IT,P,2022,28.896839095754792
IT,P,2023,30.53303531641899
IT,Q,2021,36.79577144627129
IT,Q,2022,36.822994742629305
IT,Q,2023,38.121489407416156
IT,R,2021,47.510934960508685
IT,R,2022,57.848065805892986
IT,R,2023,60.93881958236122
LT,B,2021,41.61584297230985
LT,B,2022,47.670393076090875
LT,B,2023,48.11624072547403
LT,C,2021,32.25690291773036
LT,C,2022,38.24158794812409
LT,C,2023,37.81174938441436
LT,D,2021,72.71921100613294
LT,D,2022,110.22537230230151
LT,D,2023,88.51942303289323
LT,E,2021,30.460620525059667
LT,E,2022,28.699745350721507
LT,E,2023,33.21769651457024
LT,F,2021,19.19509440051638
LT,F,2022,21.827116000514852
LT,F,2023,26.49543774756766
LT,G,2021,27.816412828209213
LT,G,2022,32.2592772057339
LT,G,2023,30.567730614027283
LT,H,2021,25.8849278925434
LT,H,2022,31.304949532496497
LT,H,2023,33.57739843853381
LT,I,2021,11.82127102724836
LT,I,2022,15.092334836306607
LT,I,2023,17.35709205255868
LT,J,2021,39.83786632932743
LT,J,2022,46.57988882161924
LT,J,2023,53.28775964265697
LT,K,2021,71.1950928327364
LT,K,2022,68.0560611576265
LT,K,2023,121.04050797182055
LT,L,2021,30.64228585383723
LT,L,2022,34.22453766843053
LT,L,2023,29.468127350447315
LT,M,2021,22.215022395477018
LT,M,2022,24.610882159708538
LT,M,2023,25.15835787366289
LT,N,2021,22.108457293492272
LT,N,2022,24.030485454956214
LT,N,2023,24.902440472656014
LT,P,2021,9.878042783378412
LT,P,2022,10.904547062986554
LT,P,2023,11.86452400325468
LT,Q,2021,21.17511450844784
LT,Q,2022,22.157346184018827
LT,Q,2023,24.505343432247354
LT,R,2021,12.915474146155313
LT,R,2022,18.65462883347664
LT,R,2023,17.221038047532772
LU,B,2021,133.2962962962963
LU,B,2022,127.93357933579335
LU,B,2023,139.84496124031008
LU,C,2021,95.19532633069751
LU,C,2022,101.42598063591424
LU,C,2023,89.33458075078939
LU,D,2021,246.12627073301232
LU,D,2022,313.70486656200944
LU,D,2023,258.62068965517244
LU,E,2021,104.93687707641196
LU,E,2022,114.12476129853596
LU,E,2023,110.21144278606965
LU,F,2021,73.49544421310004
LU,F,2022,70.6053422432942
LU,F,2023,70.68640060525819
LU,G,2021,115.87606042565858
LU,G,2022,110.83458508884411
LU,G,2023,125.19313771716659
LU,H,2021,150.58496547531158
LU,H,2022,164.3398042004853
LU,H,2023,100.7679540118209
LU,I,2021,37.93577558364861
LU,I,2022,43.21137325018534
LU,I,2023,46.605294875524706
LU,J,2021,160.86678091458464
LU,J,2022,154.55161191010248
LU,J,2023,159.03145587016274
LU,K,2021,367.046295893036
LU,K,2022,383.11122858955383
LU,K,2023,452.23484536082475
LU,L,2021,278.5582514537798
LU,L,2022,272.3568367744449
LU,L,2023,276.96806387225547
LU,M,2021,118.16229016026048
LU,M,2022,117.40081149687194
LU,M,2023,154.34243608091904
LU,N,2021,57.46935537528469
LU,N,2022,59.02373829025455
LU,N,2023,68.28123841763238
LU,P,2021,65.84435401831128
LU,P,2022,44.5200540784137
LU,P,2023,57.68467037331215
LU,Q,2021,75.87410877979222
LU,Q,2022,71.03077693463271
LU,Q,2023,72.3031563031563
LU,R,2021,65.14581983149708
LU,R,2022,68.56119073869901
LU,R,2023,73.16675165731769
LV,B,2021,37.626689189189186
LV,B,2022,46.29735118199943
LV,B,2023,45.06934198878725
LV,C,2021,30.583261714753426
LV,C,2022,33.45712339480788
LV,C,2023,32.962722487706905
LV,D,2021,81.46501383055015
LV,D,2022,121.60755999150562
LV,D,2023,95.19105605710686
LV,E,2021,26.663424124513618
LV,E,2022,30.509045014724443
LV,E,2023,33.43038723026899
LV,F,2021,16.79540236608514
LV,F,2022,19.708218285607916
LV,F,2023,26.075472316439726
LV,G,2021,25.42490374018694
LV,G,2022,27.53900223462914
LV,G,2023,29.91462211592372
LV,H,2021,20.443655851680184
LV,H,2022,25.81963598765338
LV,H,2023,27.05797189795483
LV,I,2021,9.253147779986746
LV,I,2022,12.31476814516129
LV,I,2023,16.375990589400693
LV,J,2021,39.37283618521009
LV,J,2022,44.27894736842105
LV,J,2023,47.79273689386312
LV,K,2021,66.57832706886666
LV,K,2022,80.41423191793274
LV,K,2023,130.85305026218185
LV,L,2021,31.412409772348695
LV,L,2022,33.07598847502343
LV,L,2023,44.08197869438608
LV,M,2021,23.5304721625182
LV,M,2022,26.96545262911348
LV,M,2023,28.998746956048894
LV,N,2021,16.76335319326853
LV,N,2022,19.976123847911477
LV,N,2023,22.49699049765643
LV,P,2021,10.755739210284665
LV,P,2022,11.475513714130534
LV,P,2023,14.049144361562089
LV,Q,2021,22.715952139829714
LV,Q,2022,22.879332244601706
LV,Q,2023,22.46321984026902
LV,R,2021,14.167812929848694
LV,R,2022,24.973768827212727
LV,R,2023,28.813206919494345
MT,B,2022,94.47674418604652
MT,B,2023,80.9659090909091
MT,C,2021,42.16148205995922
MT,C,2022,45.61845040191911
MT,C,2023,47.055934083346536
MT,D,2022,100.13513513513513
MT,D,2023,140.39803707742638
MT,E,2021,39.827307069616836
MT,E,2022,44.72677595628415
MT,E,2023,52.59443339960239
MT,F,2021,41.46140318961858
MT,F,2022,39.83694108289302
MT,F,2023,39.97066987901325
MT,G,2021,31.692773626591862
MT,G,2022,37.25799333071793
MT,G,2023,37.71397743532006
MT,H,2021,48.753840901331515
MT,H,2022,58.875465801178024
MT,H,2023,55.9475059899804
MT,I,2021,16.330754352030947
MT,I,2022,26.97043372552425
MT,I,2023,29.161695084869713
MT,J,2021,125.75717901719473
MT,J,2022,138.73979551398907
MT,J,2023,155.73068149415454
MT,K,2021,129.68340611353713
MT,K,2022,113.59804630969609
MT,K,2023,121.96112346594185
MT,L,2021,97.09639126305792
MT,L,2022,106.09929078014184
MT,L,2023,108.42947451600158
MT,M,2021,61.245450678262515
MT,M,2022,65.97296573875803
MT,M,2023,63.33503354651391
MT,N,2021,26.260748019822948
MT,N,2022,29.690869044398934
MT,N,2023,42.05016506143008
MT,P,2021,22.505190311418684
MT,P,2022,26.543583535108958
MT,P,2023,27.3870636550308
MT,Q,2021,25.06002034587996
MT,Q,2022,26.3648172202635
MT,Q,2023,27.078347453926106
MT,R,2021,152.60210913960495
MT,R,2022,118.74209416725229
MT,R,2023,116.05506560550656
NL,B,2021,677.5804159669293
NL,B,2022,2996.8162957374575
NL,B,2023,371.3225533968867
NL,C,2021,123.61344663677497
NL,C,2022,134.1022624398298
NL,C,2023,131.34783473808648
NL,D,2021,249.24307560031934
NL,D,2022,420.60938122616267
NL,D,2023,409.92331157168513
NL,E,2021,129.71084416436918
NL,E,2022,139.80860625262682
NL,E,2023,135.38586179507547
NL,F,2021,74.94169387619111
NL,F,2022,78.11824583292933
NL,F,2023,82.80262869894351
NL,G,2021,70.04994110777433
NL,G,2022,71.18912002997699
NL,G,2023,71.68269900244613
NL,H,2021,82.58014566859464
NL,H,2022,98.4470337542221
NL,H,2023,97.02524316038209
NL,I,2021,22.194461962331324
NL,I,2022,28.08338534660221
NL,I,2023,30.77429075407908
NL,J,2021,104.2969397828233
NL,J,2022,114.79922839670868
NL,J,2023,116.4559359105574
NL,K,2021,904.4319492604599
NL,K,2022,158.03627382565028
NL,K,2023,168.0487371161692
NL,L,2021,237.63438834463702
NL,L,2022,234.4873369814739
NL,L,2023,223.81087915175354
NL,M,2021,79.50578677796943
NL,M,2022,82.4287083860493
NL,M,2023,86.61851550685657
NL,N,2021,51.23942799326274
NL,N,2022,56.8272555234124
NL,N,2023,64.34880436866831
NL,P,2021,37.61834162871968
NL,P,2022,40.67117256295381
NL,P,2023,44.639681313892055
NL,Q,2021,46.13752811236226
NL,Q,2022,49.51847130865531
NL,Q,2023,52.45413884989325
NL,R,2021,29.061661756299195
NL,R,2022,41.74224164773448
NL,R,2023,42.71114442778611
NO,B,2021,1649.12110295603
NO,B,2022,3386.387882779058
NO,B,2023,1647.7251350670435
NO,C,2021,106.14870251662465
NO,C,2022,119.0659928253954
NO,C,2023,105.07231048468417
NO,D,2021,712.0716177026857
NO,D,2022,1159.7912841229036
NO,D,2023,596.029542097489
NO,E,2021,111.50062526052523
NO,E,2022,116.39143135345667
NO,E,2023,104.44978330506878
NO,F,2021,78.93428697116333
NO,F,2022,83.60622903759685
NO,F,2023,74.69328642712031
NO,G,2021,76.479040984552
NO,G,2022,75.8335986910744
NO,G,2023,65.75852771150433
NO,H,2021,97.60447868778932
NO,H,2022,119.1143311564013
NO,H,2023,112.37377094110795
NO,I,2021,36.14865961752833
NO,I,2022,42.29983642453459
NO,I,2023,39.36406454574824
NO,J,2021,131.2921184563367
NO,J,2022,131.78997656883928
NO,J,2023,124.52359082157177
NO,K,2021,124.56824273614238
NO,K,2022,208.15015775406442
NO,K,2023,1285.3608880959462
NO,L,2021,364.12747931170367
NO,L,2022,380.0456082158576
NO,L,2023,365.44610557992127
NO,M,2021,101.69947234042553
NO,M,2022,107.19797322598764
NO,M,2023,96.4536139293186
NO,N,2021,68.3880427951867
NO,N,2022,79.22976089501391
NO,N,2023,72.49644981077671
NO,P,2021,63.70236165411144
NO,P,2022,61.33710827491162
NO,P,2023,57.685624481081724
NO,Q,2021,62.552056838606845
NO,Q,2022,64.12150634236403
NO,Q,2023,60.350778182280656
NO,R,2021,61.381964809384165
NO,R,2022,64.97396128155779
NO,R,2023,62.02186398823562
PL,B,2021,56.80636412202238
PL,B,2022,79.7315323039729
PL,B,2023,75.0886947312682
PL,C,2021,33.33664089919741
PL,C,2022,38.599967622156754
PL,C,2023,39.33007002133197
PL,D,2021,120.63587650991549
PL,D,2022,145.30101839869465
PL,D,2023,260.5391123364688
PL,E,2021,38.34182094786241
PL,E,2022,37.025227004317436
PL,E,2023,39.63795089663255
PL,F,2021,20.326673527163724
PL,F,2022,22.77566884757401
PL,F,2023,29.011471685216538
PL,G,2021,25.290728333087138
PL,G,2022,30.939894626130805
PL,G,2023,31.44283554661564
PL,H,2021,20.616546700430018
PL,H,2022,27.272970401644987
PL,H,2023,30.97876943145994
PL,I,2021,12.359046344971391
PL,I,2022,19.21733722723864
PL,I,2023,23.238211951447244
PL,J,2021,41.47409779119302
PL,J,2022,43.15556427219033
PL,J,2023,46.419713808872956
PL,K,2021,55.63253364892182
PL,K,2022,48.80170401062447
PL,K,2023,79.39415270945828
PL,L,2021,48.36486716706585
PL,L,2022,50.653069829780186
PL,L,2023,59.81177860359806
PL,M,2021,22.939004111014317
PL,M,2022,25.40204906485673
PL,M,2023,28.78014275045236
PL,N,2021,20.012481829173854
PL,N,2022,22.7767175243216
PL,N,2023,26.43836878594227
PL,P,2021,9.032897785191363
PL,P,2022,10.124649258516326
PL,P,2023,11.891231977030074
PL,Q,2021,18.28451509407816
PL,Q,2022,22.22003099351432
PL,Q,2023,27.258112817464102
PL,R,2021,23.620308332791257
PL,R,2022,36.32364988342051
PL,R,2023,42.26215644820296
PT,B,2021,68.58676393955184
PT,B,2022,59.222787385554426
PT,B,2023,61.972866611433304
PT,C,2021,34.715437886125706
PT,C,2022,37.84395925719502
PT,C,2023,39.99436660887126
PT,D,2021,244.04065620542082
PT,D,2022,242.5555349297692
PT,D,2023,381.44689306358384
PT,E,2021,46.45150006726759
PT,E,2022,47.49722544844496
PT,E,2023,49.28401075759882
PT,F,2021,22.695075817448025
PT,F,2022,24.201748753398682
PT,F,2023,26.306920892796565
PT,G,2021,27.173229667888176
PT,G,2022,29.300997882105488
PT,G,2023,31.124523220299533
PT,H,2021,34.9203898536192
PT,H,2022,44.43798313598492
PT,H,2023,46.56704729069804
PT,I,2021,14.78325422293533
PT,I,2022,20.645340300251927
PT,I,2023,22.597205967252446
PT,J,2021,57.0564598934874
PT,J,2022,60.39163579585464
PT,J,2023,61.87543184285855
PT,K,2021,125.25289489780853
PT,K,2022,155.71308007975273
PT,K,2023,175.92080290464992
PT,L,2021,37.883039440188774
PT,L,2022,43.10065038239095
PT,L,2023,43.14357203623079
PT,M,2021,26.694885136856787
PT,M,2022,29.651810368658584
PT,M,2023,31.481535833573027
PT,N,2021,14.70458570918074
PT,N,2022,16.16989704024302
PT,N,2023,17.092000854293648
PT,P,2021,13.931417244796828
PT,P,2022,14.901818046067122
PT,P,2023,15.982428594716566
PT,Q,2021,21.413358597820938
PT,Q,2022,21.602646160598358
PT,Q,2023,22.367134189312296
PT,R,2021,20.34800760195657
PT,R,2022,26.391107362004924
PT,R,2023,26.938829220608323
RO,B,2021,44.57224723700369
RO,B,2022,77.08709848887538
RO,B,2023,72.82693582848302
RO,C,2021,23.387435867762218
RO,C,2022,27.817585562027446
RO,C,2023,27.199569779539083
RO,D,2021,51.91918214654283
RO,D,2022,92.49802158842708
RO,D,2023,86.85152286295033
RO,E,2021,18.86521987435751
RO,E,2022,20.77935480878499
RO,E,2023,22.37810319185448
RO,F,2021,17.90939216689278
RO,F,2022,23.10634710248023
RO,F,2023,29.18826658813911
RO,G,2021,24.21999596370516
RO,G,2022,27.873338553628443
RO,G,2023,26.81353827722963
RO,H,2021,15.751173543384082
RO,H,2022,20.13751243500948
RO,H,2023,21.120435580548047
RO,I,2021,11.064668006750583
RO,I,2022,14.548116921611447
RO,I,2023,14.757492802190022
RO,J,2021,37.87192021741082
RO,J,2022,41.09743585903216
RO,J,2023,46.66524201687312
RO,K,2021,98.11813878020477
RO,K,2022,118.62503060474985
RO,K,2023,143.0029703171729
RO,L,2021,52.73914385862952
RO,L,2022,53.426304225454416
RO,L,2023,51.70687405212852
RO,M,2021,20.802223558618987
RO,M,2022,25.391007723980405
RO,M,2023,27.771852398890825
RO,N,2021,14.132315537569069
RO,N,2022,16.274438117522326
RO,N,2023,18.363130503473432
RO,P,2021,7.3119850406124
RO,P,2022,9.342238801876183
RO,P,2023,9.324598723651132
RO,Q,2021,21.220697394294422
RO,Q,2022,25.27551924005796
RO,Q,2023,25.23298740536144
RO,R,2021,13.522807944395833
RO,R,2022,17.971766465666338
RO,R,2023,19.94212332297542
SE,B,2021,423.0654794223043
SE,B,2022,416.76401257202724
SE,B,2023,292.9728464419476
SE,C,2021,107.03741357962978
SE,C,2022,123.27018836647608
SE,C,2023,114.76080757532577
SE,D,2021,217.2187616461694
SE,D,2022,153.24864556601082
SE,D,2023,367.41876166428807
SE,E,2021,93.03420040527688
SE,E,2022,103.72345466293345
SE,E,2023,98.26284473747688
SE,F,2021,64.3411229121717
SE,F,2022,68.07100983898799
SE,F,2023,65.6250014405469
SE,G,2021,73.01538803801071
SE,G,2022,72.78837071451694
SE,G,2023,66.56797230266534
SE,H,2021,59.111178683822
SE,H,2022,65.71127751815776
SE,H,2023,62.55229310864826
SE,I,2021,34.14232299006391
SE,I,2022,34.99617252448761
SE,I,2023,33.19766110992864
SE,J,2021,116.12838233224447
SE,J,2022,110.90335494059534
SE,J,2023,100.7500181593666
SE,K,2021,665.5951840502403
SE,K,2022,528.6463883778165
SE,K,2023,442.74521723272517
SE,L,2021,202.47191946085366
SE,L,2022,190.44630285040148
SE,L,2023,189.4157905743237
SE,M,2021,74.39735290926843
SE,M,2022,69.62234276276914
SE,M,2023,70.32135150807734
SE,N,2021,42.562192443256315
SE,N,2022,48.36285075414737
SE,N,2023,45.643516090040364
SE,P,2021,46.45259678137403
SE,P,2022,43.23297889508508
SE,P,2023,39.57252249542357
SE,Q,2021,45.92807813842359
SE,Q,2022,46.52717049432123
SE,Q,2023,44.50584472495077
SE,R,2021,55.73145553753134
SE,R,2022,29.90440429714797
SE,R,2023,27.91179586632908
SI,B,2021,49.23768736616702
SI,B,2022,75.67661046260268
SI,B,2023,78.4066173269482
SI,C,2021,51.3508181448685
SI,C,2022,53.47445677557103
SI,C,2023,52.04524629249068
SI,D,2021,102.11576155886084
SI,D,2022,62.51316693382184
SI,D,2023,183.21376690132976
SI,E,2021,43.58598130841121
SI,E,2022,41.45484642265956
SI,E,2023,44.94664496292277
SI,F,2021,29.896626415388006
SI,F,2022,33.06663276918234
SI,F,2023,36.61247787714343
SI,G,2021,46.16875112988315
SI,G,2022,52.696199467441296
SI,G,2023,48.68341958918641
SI,H,2021,45.76664562367708
SI,H,2022,51.23394154632264
SI,H,2023,53.06473829201102
SI,I,2021,23.289539665028585
SI,I,2022,26.760714452268807
SI,I,2023,28.85793240916916
SI,J,2021,58.610910914047565
SI,J,2022,60.40151829666093
SI,J,2023,61.704844472758495
SI,K,2021,126.7490823817292
SI,K,2022,96.41724278161854
SI,K,2023,243.87503187962255
SI,L,2021,71.84794248126052
SI,L,2022,74.77043354655295
SI,L,2023,89.32796066111187
SI,M,2021,39.20743062179225
SI,M,2022,41.92478033636662
SI,M,2023,42.99660441426146
SI,N,2021,25.272554153772912
SI,N,2022,27.62650080297739
SI,N,2023,30.18497642959623
SI,P,2021,20.68741603224362
SI,P,2022,20.816895590209647
SI,P,2023,21.930082256169214
SI,Q,2021,34.46671817183751
SI,Q,2022,34.36029809733961
SI,Q,2023,36.723698280825865
SI,R,2021,24.34775204359673
SI,R,2022,29.170432537120725
SI,R,2023,31.268285091814505
SK,B,2021,29.770293945882813
SK,B,2022,32.15963417168988
SK,B,2023,46.9113215669393
SK,C,2021,37.35048606213009
SK,C,2022,38.33249441563824
SK,C,2023,38.13484650541901
SK,D,2021,114.14269208549972
SK,D,2022,23.445746132848043
SK,D,2023,304.98097131496735
SK,E,2021,31.55218839852129
SK,E,2022,32.866121614716405
SK,E,2023,35.81346567072547
SK,F,2021,14.759084466030085
SK,F,2022,16.19772471533133
SK,F,2023,18.12353634343163
SK,G,2021,25.831009755947434
SK,G,2022,29.121710586193714
SK,G,2023,31.01928173705838
SK,H,2021,28.166142636123173
SK,H,2022,35.573584390310515
SK,H,2023,31.731454761500594
SK,I,2021,7.726022279581579
SK,I,2022,11.518282360014556
SK,I,2023,15.627636723277341
SK,J,2021,46.06573014221297
SK,J,2022,48.00909485132965
SK,J,2023,51.80579486714428
SK,K,2021,83.923069539761
SK,K,2022,84.13768780418988
SK,K,2023,93.61298763082779
SK,L,2021,41.53055051421658
SK,L,2022,43.85442912549897
SK,L,2023,50.03731762065095
SK,M,2021,22.79193293002189
SK,M,2022,24.01122352197281
SK,M,2023,25.720378388944503
SK,N,2021,18.699839353438996
SK,N,2022,19.865660164158257
SK,N,2023,22.055004046599002
SK,P,2021,12.924491846355979
SK,P,2022,13.073304870106375
SK,P,2023,14.799043062200957
SK,Q,2021,30.97170950189828
SK,Q,2022,32.22258346024196
SK,Q,2023,36.56289644120986
SK,R,2021,117.30136828791537
SK,R,2022,118.0734605689593
SK,R,2023,130.88937303316388
