geo,nace_r2,year,share_high_skill
AT,C,2020,35.562831306517
AT,C,2021,36.57929418655733
AT,C,2022,37.32057416267942
AT,C,2023,38.7119704293432
AT,C,2024,40.12682495207196
AT,C,2025,42.40705734089478
AT,F,2020,26.17719950433705
AT,F,2021,25.296833773087073
AT,F,2022,27.46643315820198
AT,F,2023,28.69352869352869
AT,F,2024,29.30074257425742
AT,F,2025,28.70118074477747
AT,G,2020,25.14177693761815
AT,G,2021,25.065002600104002
AT,G,2022,25.970572593511786
AT,G,2023,28.116938950988825
AT,G,2024,26.423256618792184
AT,G,2025,27.200141944641587
AT,H,2020,24.490762671719565
AT,H,2021,23.549000951474788
AT,H,2022,24.201596806387222
AT,H,2023,22.08796520057999
AT,H,2024,23.230844314299656
AT,H,2025,22.110792741165234
AT,J,2020,86.49080735411671
AT,J,2021,85.37490720118784
AT,J,2022,87.62026940346375
AT,J,2023,88.54961832061069
AT,J,2024,89.53488372093022
AT,J,2025,87.47016706443914
AT,K,2020,62.15629522431259
AT,K,2021,61.240310077519375
AT,K,2022,62.27810650887575
AT,K,2023,59.65787598004275
AT,K,2024,59.94338287331917
AT,K,2025,67.17062634989202
AT,M,2020,79.15057915057915
AT,M,2021,79.01614142966949
AT,M,2022,77.79960707269156
AT,M,2023,79.91772625280478
AT,M,2024,80.99964551577455
AT,M,2025,80.39492242595205
AT,N,2020,21.763869132290186
AT,N,2021,21.303433777154872
AT,N,2022,20.980392156862745
AT,N,2023,22.77486910994764
AT,N,2024,19.727891156462583
AT,N,2025,17.594936708860757
AT,O,2020,57.3781983876621
AT,O,2021,56.88502673796791
AT,O,2022,57.869249394673126
AT,O,2023,59.130434782608695
AT,O,2024,59.545753785385116
AT,O,2025,59.361571516267645
AT,P,2020,83.17426652527395
AT,P,2021,82.6222684703434
AT,P,2022,81.51757744517924
AT,P,2023,82.8921244209133
AT,P,2024,81.7289423685877
AT,P,2025,80.50015827793605
AT,Q,2020,63.8655462184874
AT,Q,2021,64.13438904344105
AT,Q,2022,65.04975124378109
AT,Q,2023,64.70465018852116
AT,Q,2024,64.03399668325042
AT,Q,2025,65.04540867810293
AT,S,2020,37.961335676625666
AT,S,2021,37.28813559322034
AT,S,2022,35.34743202416918
AT,S,2023,37.02623906705539
AT,S,2024,34.06113537117904
AT,S,2025,35.41076487252124
BE,C,2020,39.03614457831325
BE,C,2021,38.71912168344007
BE,C,2022,38.39898807372606
BE,C,2023,39.036101725057804
BE,C,2024,41.485958051901875
BE,C,2025,40.53863756380919
BE,F,2020,26.26875199489307
BE,F,2021,26.554787759131298
BE,F,2022,25.527009222661395
BE,F,2023,23.77600979192166
BE,F,2024,26.070154577883475
BE,F,2025,29.627249357326473
BE,G,2020,30.417180073930645
BE,G,2021,28.042980447419406
BE,G,2022,28.123935989104528
BE,G,2023,28.710801393728225
BE,G,2024,28.03787480273541
BE,G,2025,30.232122800449268
BE,H,2020,22.771888496270122
BE,H,2021,21.455223880597014
BE,H,2022,21.538461538461537
BE,H,2023,22.827303245057813
BE,H,2024,22.80130293159609
BE,H,2025,25.87463556851312
BE,J,2020,87.34835355285962
BE,J,2021,88.98865784499054
BE,J,2022,87.62696214219761
BE,J,2023,85.33201189296332
BE,J,2024,88.44270323212538
BE,J,2025,89.16551406177963
BE,K,2020,66.99346405228758
BE,K,2021,68.28817733990148
BE,K,2022,65.57805355976487
BE,K,2023,66.41991924629879
BE,K,2024,69.42934782608697
BE,K,2025,72.88025889967638
BE,L,2020,70.12658227848101
BE,L,2021,65.20618556701031
BE,L,2022,62.53229974160206
BE,L,2023,67.85714285714286
BE,L,2024,68.20987654320987
BE,L,2025,69.05537459283387
BE,M,2020,85.78811369509044
BE,M,2021,85.85678660491628
BE,M,2022,86.63492063492063
BE,M,2023,86.22809714110052
BE,M,2024,87.65471278959062
BE,M,2025,89.21628189550425
BE,N,2020,27.035950110051353
BE,N,2021,26.55159750275432
BE,N,2022,26.038394415357768
BE,N,2023,25.64450474898236
BE,N,2024,25.0
BE,N,2025,25.647392692444132
BE,O,2020,47.27272727272728
BE,O,2021,47.20271252119158
BE,O,2022,46.200893907315915
BE,O,2023,46.441947565543074
BE,O,2024,52.13675213675214
BE,O,2025,56.38321741081446
BE,P,2020,84.21501706484642
BE,P,2021,85.47579298831386
BE,P,2022,86.01880877742946
BE,P,2023,85.24658101947782
BE,P,2024,85.47255468427568
BE,P,2025,86.15944961554027
BE,Q,2020,58.37059809949692
BE,Q,2021,58.23497117760087
BE,Q,2022,60.49259681093394
BE,Q,2023,60.06595927731574
BE,Q,2024,60.893320584619595
BE,Q,2025,63.51748065118762
BE,R,2020,61.059602649006614
BE,R,2021,60.31073446327684
BE,R,2022,55.98349381017881
BE,R,2023,61.99261992619927
BE,R,2024,66.79738562091502
BE,R,2025,61.49936467598476
BE,S,2020,41.77732379979571
BE,S,2021,38.07390817469205
BE,S,2022,31.6
BE,S,2023,33.640081799591
BE,S,2024,39.555125725338485
BE,S,2025,39.273049645390074
BE,U,2020,83.43815513626834
BE,U,2021,80.88962108731465
BE,U,2022,80.50974512743628
BE,U,2023,80.09404388714734
BE,U,2024,85.55377207062601
BE,U,2025,86.75675675675676
BG,C,2020,16.663521419135687
BG,C,2021,16.220351951032903
BG,C,2022,15.439202148062908
BG,C,2023,17.104506232023013
BG,C,2024,20.6202505647977
BG,C,2025,23.664623467600702
BG,F,2020,12.935982339955851
BG,F,2021,14.779350541215655
BG,F,2022,14.94064674580434
BG,F,2023,15.116279069767444
BG,F,2024,17.38562091503268
BG,F,2025,20.009242144177446
BG,G,2020,20.496632996633
BG,G,2021,21.286701208981004
BG,G,2022,21.834331749638505
BG,G,2023,22.627892167268097
BG,G,2024,25.107077299612477
BG,G,2025,28.493317132442282
BG,H,2020,16.091343600637277
BG,H,2021,17.830687830687832
BG,H,2022,20.061255742725876
BG,H,2023,20.520673813169985
BG,H,2024,21.008840353614147
BG,H,2025,21.602598808879264
BG,J,2020,87.5
BG,J,2021,87.01716738197423
BG,J,2022,87.95289855072463
BG,J,2023,89.13580246913581
BG,J,2024,92.15844785772029
BG,J,2025,92.77297721916732
BG,K,2020,65.7391304347826
BG,K,2021,67.17171717171718
BG,K,2022,66.45367412140575
BG,K,2023,62.27642276422763
BG,K,2024,62.0528771384137
BG,K,2025,68.75
BG,M,2020,90.9502262443439
BG,M,2021,92.1747042766151
BG,M,2022,92.12746016869727
BG,M,2023,91.23616236162361
BG,M,2024,90.3747870528109
BG,M,2025,90.02394253790902
BG,O,2020,50.451735615786966
BG,O,2021,50.86788813886211
BG,O,2022,49.31016862544711
BG,O,2023,48.15384615384616
BG,O,2024,51.973684210526315
BG,O,2025,55.27272727272727
CH,C,2020,43.337045285820345
CH,C,2021,44.23608369522306
CH,C,2022,46.50335835638087
CH,C,2023,47.43909457126415
CH,C,2024,46.07170099160946
CH,C,2025,46.208759405749575
CH,D,2020,51.60256410256411
CH,D,2021,61.111111111111114
CH,D,2022,58.87096774193549
CH,D,2023,55.55555555555556
CH,D,2024,57.84313725490197
CH,D,2025,66.19217081850533
CH,F,2020,24.05933429811867
CH,F,2021,27.389234712559503
CH,F,2022,28.197226502311246
CH,F,2023,28.44729882886287
CH,F,2024,31.25
CH,F,2025,34.491587417703
CH,G,2020,35.99518459069021
CH,G,2021,35.419659347424584
CH,G,2022,37.470924085430326
CH,G,2023,37.160621761658035
CH,G,2024,37.39921438908414
CH,G,2025,38.25446898002103
CH,H,2020,25.534079348931844
CH,H,2021,26.007522837184315
CH,H,2022,25.54783538214858
CH,H,2023,24.79466119096509
CH,H,2024,26.98979591836735
CH,H,2025,29.080863887493724
CH,I,2020,26.73860911270983
CH,I,2021,25.81521739130435
CH,I,2022,24.366471734892787
CH,I,2023,26.27692307692308
CH,I,2024,28.021647624774502
CH,I,2025,26.710684273709482
CH,J,2020,85.052754982415
CH,J,2021,85.83021223470662
CH,J,2022,87.2705018359853
CH,J,2023,87.6580373269115
CH,J,2024,88.26945412311267
CH,J,2025,89.11644236395553
CH,K,2020,60.95238095238095
CH,K,2021,57.34720416124838
CH,K,2022,57.605760576057605
CH,K,2023,56.94618272841051
CH,K,2024,59.70833333333334
CH,K,2025,61.36919315403423
CH,L,2020,52.16535433070867
CH,L,2021,56.640625
CH,L,2022,56.61914460285132
CH,L,2023,59.777777777777786
CH,L,2024,63.31967213114754
CH,L,2025,59.55734406438632
CH,M,2020,78.44736842105263
CH,M,2021,80.44707783463507
CH,M,2022,81.14238863077344
CH,M,2023,80.49479166666667
CH,M,2024,81.35635018495684
CH,M,2025,81.57829225790391
CH,N,2020,31.26463700234192
CH,N,2021,27.70149253731343
CH,N,2022,25.23020257826888
CH,N,2023,27.825552825552823
CH,N,2024,27.66089108910891
CH,N,2025,27.784290738569755
CH,O,2020,57.18363463368221
CH,O,2021,56.28688152519291
CH,O,2022,55.45045045045045
CH,O,2023,56.425789701427945
CH,O,2024,57.89923142613153
CH,O,2025,58.031529612270994
CH,P,2020,85.99581964765602
CH,P,2021,84.65891229173216
CH,P,2022,82.13070115724983
CH,P,2023,81.69200264375412
CH,P,2024,82.12218649517685
CH,P,2025,82.75752773375595
CH,Q,2020,68.35282959215934
CH,Q,2021,66.91570570082833
CH,Q,2022,66.53140723908457
CH,Q,2023,66.89338816830116
CH,Q,2024,68.10063674483615
CH,Q,2025,67.495451788963
CH,R,2020,63.67647058823529
CH,R,2021,65.89506172839506
CH,R,2022,67.58832565284179
CH,R,2023,67.13395638629282
CH,R,2024,66.76646706586827
CH,R,2025,64.46402349486051
CH,S,2020,49.80544747081712
CH,S,2021,45.88709677419355
CH,S,2022,45.68744662681468
CH,S,2023,48.54045037531276
CH,S,2024,48.240813135261924
CH,S,2025,47.62611275964391
CY,C,2020,20.711974110032365
CY,C,2021,22.75641025641026
CY,C,2022,22.027972027972027
CY,C,2023,26.148409893992934
CY,C,2024,30.633802816901408
CY,C,2025,31.071428571428566
CY,F,2020,17.321016166281755
CY,F,2021,19.338422391857506
CY,F,2022,21.039603960396043
CY,F,2023,22.395833333333336
CY,F,2024,23.239436619718308
CY,F,2025,23.210412147505423
CY,G,2020,21.279761904761905
CY,G,2021,22.47191011235955
CY,G,2022,19.315068493150683
CY,G,2023,21.57676348547718
CY,G,2024,25.482093663911847
CY,G,2025,27.310924369747898
CY,H,2020,32.0
CY,H,2021,32.91139240506329
CY,H,2022,38.125
CY,H,2023,40.625
CY,H,2024,38.425925925925924
CY,H,2025,30.952380952380953
CY,K,2020,71.68141592920355
CY,K,2021,76.73469387755102
CY,K,2022,76.8939393939394
CY,K,2023,79.92957746478874
CY,K,2024,80.76923076923077
CY,K,2025,83.5164835164835
CY,M,2020,78.55072463768117
CY,M,2021,77.84256559766764
CY,M,2022,79.54545454545455
CY,M,2023,81.08108108108108
CY,M,2024,84.1688654353562
CY,M,2025,83.16831683168317
CY,O,2020,32.94117647058823
CY,O,2021,32.84313725490196
CY,O,2022,31.21951219512195
CY,O,2023,31.4516129032258
CY,O,2024,30.35230352303523
CY,O,2025,37.88300835654596
CZ,A,2020,17.88181120491174
CZ,A,2021,16.601409553641346
CZ,A,2022,17.30462519936204
CZ,A,2023,18.167938931297712
CZ,A,2024,21.26729788783685
CZ,A,2025,22.592873388931007
CZ,C,2020,25.908925318761383
CZ,C,2021,26.1997600479904
CZ,C,2022,26.577191386108584
CZ,C,2023,26.198261424356005
CZ,C,2024,27.347558539119316
CZ,C,2025,28.418317635595976
CZ,D,2020,55.99284436493739
CZ,D,2021,51.001821493624774
CZ,D,2022,48.46153846153846
CZ,D,2023,48.8235294117647
CZ,D,2024,50.69204152249135
CZ,D,2025,56.2111801242236
CZ,E,2020,25.541795665634677
CZ,E,2021,25.570032573289904
CZ,E,2022,28.330522765598655
CZ,E,2023,30.01745200698081
CZ,E,2024,27.303754266211605
CZ,E,2025,31.470588235294116
CZ,F,2020,22.671854734111545
CZ,F,2021,26.838966202783304
CZ,F,2022,25.145459144953204
CZ,F,2023,25.0392875851231
CZ,F,2024,25.187406296851577
CZ,F,2025,23.570504527813714
CZ,G,2020,25.34635879218472
CZ,G,2021,24.691799178131138
CZ,G,2022,25.044373446929363
CZ,G,2023,25.725668753557194
CZ,G,2024,27.952249770431585
CZ,G,2025,28.99981715121595
CZ,H,2020,11.803381340012525
CZ,H,2021,14.234175139389968
CZ,H,2022,14.39078989446754
CZ,H,2023,14.833005893909625
CZ,H,2024,14.995001666111296
CZ,H,2025,17.528542646071188
CZ,I,2020,12.841854934601665
CZ,I,2021,17.647058823529413
CZ,I,2022,15.629053177691313
CZ,I,2023,14.285714285714285
CZ,I,2024,13.759689922480616
CZ,I,2025,12.523961661341854
CZ,J,2020,91.18644067796609
CZ,J,2021,90.68083051665863
CZ,J,2022,91.49269311064717
CZ,J,2023,90.97784981091303
CZ,J,2024,91.95461578133059
CZ,J,2025,89.83050847457628
CZ,K,2020,84.93392070484582
CZ,K,2021,88.07413376309428
CZ,K,2022,86.5721434528774
CZ,K,2023,87.60064412238326
CZ,K,2024,89.13886733902248
CZ,K,2025,90.59117402164863
CZ,M,2020,81.27076411960132
CZ,M,2021,81.73311635475994
CZ,M,2022,81.47998382531338
CZ,M,2023,85.26515151515153
CZ,M,2024,89.01850362027353
CZ,M,2025,88.78428162095784
CZ,N,2020,23.221266614542614
CZ,N,2021,23.29594477998274
CZ,N,2022,21.369102682701204
CZ,N,2023,26.76950998185118
CZ,N,2024,25.935828877005346
CZ,N,2025,24.326599326599325
CZ,O,2020,49.92627543497493
CZ,O,2021,50.225563909774436
CZ,O,2022,52.45009074410163
CZ,O,2023,53.431372549019606
CZ,O,2024,56.08067429259482
CZ,O,2025,56.9801401869159
CZ,P,2020,72.08061647895674
CZ,P,2021,71.91466378611936
CZ,P,2022,69.67075892857144
CZ,P,2023,72.4821133736929
CZ,P,2024,73.20041429311239
CZ,P,2025,72.3054259759391
CZ,Q,2020,65.1108818978855
CZ,Q,2021,65.2049073348995
CZ,Q,2022,63.47197106690777
CZ,Q,2023,63.44701900546733
CZ,Q,2024,62.43890518084066
CZ,Q,2025,63.787843229288896
CZ,R,2020,53.13953488372093
CZ,R,2021,58.42424242424242
CZ,R,2022,57.837181044957475
CZ,R,2023,56.55940594059407
CZ,R,2024,58.61214374225526
CZ,R,2025,60.93073593073592
DE,C,2020,35.580719281987484
DE,C,2021,37.74713236241784
DE,C,2022,37.12603960005781
DE,C,2023,38.41151630442114
DE,C,2024,39.78380583316337
DE,C,2025,41.083159306844436
DE,F,2020,23.157315731573156
DE,F,2021,25.116822429906545
DE,F,2022,25.512783325736542
DE,F,2023,26.2013818802888
DE,F,2024,26.880233844209194
DE,F,2025,28.392204628501826
DE,G,2020,26.338746339565454
DE,G,2021,26.913214784548355
DE,G,2022,26.668976904417313
DE,G,2023,26.151352000480355
DE,G,2024,26.159280404156576
DE,G,2025,27.400752193898875
DE,H,2020,17.764504175654004
DE,H,2021,17.737617135207497
DE,H,2022,18.260778568438678
DE,H,2023,18.267488220369696
DE,H,2024,18.78512865466921
DE,H,2025,19.48506371422603
DE,J,2020,76.4946346448646
DE,J,2021,80.37414509856511
DE,J,2022,80.64906911502167
DE,J,2023,82.15881956774629
DE,J,2024,83.05125872004852
DE,J,2025,83.56641183417241
DE,K,2020,50.30519223147047
DE,K,2021,55.372602274656245
DE,K,2022,56.512977591488
DE,K,2023,57.72491756947715
DE,K,2024,58.68881541811144
DE,K,2025,59.41432528690147
DE,M,2020,72.5845294287641
DE,M,2021,76.74735249621784
DE,M,2022,76.98364056385839
DE,M,2023,76.80076541072486
DE,M,2024,77.17356060956968
DE,M,2025,78.33386852607917
DE,N,2020,19.862589749938103
DE,N,2021,21.232233423079332
DE,N,2022,21.580298148856006
DE,N,2023,21.939248513933578
DE,N,2024,23.285722103650194
DE,N,2025,21.456769530164024
DE,O,2020,48.89893405821447
DE,O,2021,50.58956347215252
DE,O,2022,50.823375347847445
DE,O,2023,49.43853920229249
DE,O,2024,50.22592152199763
DE,O,2025,51.757434012696294
DE,P,2020,81.93862788395644
DE,P,2021,84.13993945664252
DE,P,2022,83.03236924921326
DE,P,2023,82.28230440548107
DE,P,2024,82.23542707156139
DE,P,2025,81.86356073211314
DE,Q,2020,71.48001790893694
DE,Q,2021,73.3794791387816
DE,Q,2022,72.85169688516969
DE,Q,2023,73.45094818042213
DE,Q,2024,73.21518547476327
DE,Q,2025,72.92598703795058
DE,S,2020,33.744557329462985
DE,S,2021,38.0587219343696
DE,S,2022,37.872815172926735
DE,S,2023,37.485019688409515
DE,S,2024,39.11144704795499
DE,S,2025,38.41982958946553
DK,C,2020,45.586297760210805
DK,C,2021,46.193055113093344
DK,C,2022,44.69096671949287
DK,C,2023,45.26148969889066
DK,C,2024,47.651632970451004
DK,C,2025,47.5
DK,F,2020,24.745965331739388
DK,F,2021,23.236741388737016
DK,F,2022,25.556792873051226
DK,F,2023,26.359600443951166
DK,F,2024,26.21878715814507
DK,F,2025,24.942528735632187
DK,G,2020,36.65223665223665
DK,G,2021,37.83783783783783
DK,G,2022,37.353567625133124
DK,G,2023,36.23955431754876
DK,G,2024,35.279329608938546
DK,G,2025,36.301369863013704
DK,H,2020,28.422876949740033
DK,H,2021,28.24360105913504
DK,H,2022,27.106863596872287
DK,H,2023,32.02995008319468
DK,H,2024,30.724396336386345
DK,H,2025,29.253472222222225
DK,J,2020,90.29038112522686
DK,J,2021,90.59322033898306
DK,J,2022,90.36437246963564
DK,J,2023,91.20188531029066
DK,J,2024,88.60971524288107
DK,J,2025,89.19597989949747
DK,K,2020,85.50000000000001
DK,K,2021,86.61616161616162
DK,K,2022,86.8187579214195
DK,K,2023,86.09112709832132
DK,K,2024,83.2282471626734
DK,K,2025,80.91697645600992
DK,M,2020,86.5625
DK,M,2021,86.94817658349328
DK,M,2022,88.14955640050695
DK,M,2023,85.94132029339853
DK,M,2024,85.87699316628704
DK,M,2025,86.70953912111469
DK,N,2020,30.987202925045697
DK,N,2021,31.773177317731776
DK,N,2022,31.728045325779036
DK,N,2023,33.59073359073359
DK,N,2024,30.806142034548945
DK,N,2025,31.48479427549195
DK,O,2020,64.66265865063463
DK,O,2021,67.96116504854369
DK,O,2022,67.73985833869929
DK,O,2023,65.71254567600488
DK,O,2024,65.48253404381292
DK,O,2025,64.33313216656609
DK,P,2020,76.49899396378271
DK,P,2021,74.42414614773628
DK,P,2022,75.20259319286873
DK,P,2023,76.96768848384424
DK,P,2024,75.54391619661563
DK,P,2025,75.93275932759327
DK,Q,2020,54.67712733856367
DK,Q,2021,49.384645438562224
DK,Q,2022,49.53235350257683
DK,Q,2023,48.88931080311372
DK,Q,2024,48.82286995515695
DK,Q,2025,51.011773362766746
EE,C,2020,29.593639575971732
EE,C,2021,31.24448367166814
EE,C,2022,29.54739538855679
EE,C,2023,29.691629955947135
EE,C,2024,27.44539411206078
EE,C,2025,28.795298726738494
EE,G,2020,40.38461538461539
EE,G,2021,40.59278350515464
EE,G,2022,35.518474374255064
EE,G,2023,35.32219570405728
EE,G,2024,35.06944444444444
EE,G,2025,30.44982698961937
EE,H,2020,19.24882629107981
EE,H,2021,22.74774774774775
EE,H,2022,15.98272138228942
EE,H,2023,18.695652173913047
EE,H,2024,19.90950226244344
EE,H,2025,19.402985074626866
EE,J,2020,94.15807560137456
EE,J,2021,93.94904458598727
EE,J,2022,93.6111111111111
EE,J,2023,91.08635097493035
EE,J,2024,92.85714285714285
EE,J,2025,91.37055837563453
EE,M,2020,94.4055944055944
EE,M,2021,92.2829581993569
EE,M,2022,93.60902255639097
EE,M,2023,93.61702127659574
EE,M,2024,92.85714285714285
EE,M,2025,93.82716049382717
EE,O,2020,67.84810126582279
EE,O,2021,63.56968215158925
EE,O,2022,66.08478802992519
EE,O,2023,66.58227848101265
EE,O,2024,69.54177897574124
EE,O,2025,66.57681940700809
EE,P,2020,77.47252747252746
EE,P,2021,79.8951048951049
EE,P,2022,79.01023890784982
EE,P,2023,77.81512605042018
EE,P,2024,76.83333333333331
EE,P,2025,77.96610169491525
EL,C,2020,19.174690508940852
EL,C,2021,21.402502606882166
EL,C,2022,22.539052814282172
EL,C,2023,20.954712362301102
EL,C,2024,19.075568598679386
EL,C,2025,18.024811481391385
EL,F,2020,13.096960926193923
EL,F,2021,14.099783080260304
EL,F,2022,9.065743944636678
EL,F,2023,8.493490390576564
EL,F,2024,11.011738401341532
EL,F,2025,10.266940451745379
EL,G,2020,12.67645800655925
EL,G,2021,11.400029381519023
EL,G,2022,12.024048096192384
EL,G,2023,10.62130177514793
EL,G,2024,8.369160217827456
EL,G,2025,10.974274767378217
EL,H,2020,18.605792832596958
EL,H,2021,19.636720667648504
EL,H,2022,17.92828685258964
EL,H,2023,20.552286102308738
EL,H,2024,17.267713194739077
EL,H,2025,20.512820512820515
EL,I,2020,11.12451009948749
EL,I,2021,12.312599681020735
EL,I,2022,11.443468715697037
EL,I,2023,13.901098901098901
EL,I,2024,15.2978220939386
EL,I,2025,12.265135699373696
EL,J,2020,61.11675126903554
EL,J,2021,62.475442043221996
EL,J,2022,64.4736842105263
EL,J,2023,67.71428571428571
EL,J,2024,68.05687203791469
EL,J,2025,68.45397676496871
EL,K,2020,66.78571428571428
EL,K,2021,68.53333333333335
EL,K,2022,69.9588477366255
EL,K,2023,67.07021791767555
EL,K,2024,75.54744525547444
EL,K,2025,71.23893805309734
EL,M,2020,83.08390022675736
EL,M,2021,78.00729040097205
EL,M,2022,81.1439842209073
EL,M,2023,84.82003129890454
EL,M,2024,85.16902944383861
EL,M,2025,81.47659854976929
EL,N,2020,13.925570228091239
EL,N,2021,11.780104712041883
EL,N,2022,16.76040494938133
EL,N,2023,15.884861407249465
EL,N,2024,15.29175050301811
EL,N,2025,18.81818181818182
EL,O,2020,27.072463768115945
EL,O,2021,24.94692144373673
EL,O,2022,25.02039706282295
EL,O,2023,24.868457490999724
EL,O,2024,25.674499564838992
EL,O,2025,25.07936507936508
EL,P,2020,88.40625
EL,P,2021,89.35410580980201
EL,P,2022,88.72158252140537
EL,P,2023,87.6081582200247
EL,P,2024,88.31370117792932
EL,P,2025,88.43578819233109
EL,Q,2020,72.88651942117288
EL,Q,2021,74.85358711566619
EL,Q,2022,73.49785407725321
EL,Q,2023,74.0765391014975
EL,Q,2024,71.43336690164486
EL,Q,2025,71.75493250259606
EL,R,2020,56.65467625899281
EL,R,2021,55.37525354969575
EL,R,2022,55.85738539898132
EL,R,2023,48.83720930232558
EL,R,2024,55.762081784386616
EL,R,2025,64.9789029535865
ES,A,2020,5.265295073091501
ES,A,2021,4.330210179792353
ES,A,2022,5.054057574573401
ES,A,2023,5.434486515935713
ES,A,2024,6.443083774005009
ES,A,2025,7.332143347521626
ES,C,2020,28.093297854648263
ES,C,2021,27.127659574468083
ES,C,2022,28.020472314016274
ES,C,2023,29.369963079121835
ES,C,2024,30.8145661761836
ES,C,2025,30.110320418690463
ES,D,2020,63.56228172293363
ES,D,2021,60.30534351145038
ES,D,2022,60.475161987041034
ES,D,2023,64.24642464246425
ES,D,2024,68.48659003831418
ES,D,2025,69.40639269406392
ES,E,2020,28.73720136518771
ES,E,2021,30.086149768058316
ES,E,2022,24.698367636621715
ES,E,2023,26.25090645395214
ES,E,2024,27.666896077081898
ES,E,2025,28.53643600734843
ES,F,2020,17.093042203030798
ES,F,2021,17.737928893029032
ES,F,2022,16.998422594456546
ES,F,2023,17.51248823571997
ES,F,2024,17.232267037552155
ES,F,2025,17.93062121313003
ES,G,2020,19.988380835212904
ES,G,2021,21.033286386589264
ES,G,2022,22.13234544404038
ES,G,2023,21.410595810046733
ES,G,2024,21.81156330961204
ES,G,2025,21.660139949926172
ES,H,2020,10.887755102040817
ES,H,2021,11.267187654565241
ES,H,2022,10.10303638187289
ES,H,2023,10.352555814153952
ES,H,2024,10.103823752848824
ES,H,2025,11.328817932591518
ES,I,2020,8.910962355142878
ES,I,2021,8.98684678279417
ES,I,2022,8.272931767058235
ES,I,2023,8.215348007138608
ES,I,2024,8.040115587285399
ES,I,2025,8.635658023342724
ES,J,2020,85.06504198913224
ES,J,2021,86.48730350665055
ES,J,2022,86.72057009730025
ES,J,2023,86.76233905579399
ES,J,2024,87.52886836027713
ES,J,2025,87.6799424184261
ES,K,2020,63.26437826778813
ES,K,2021,65.52444630171334
ES,K,2022,64.40786660966225
ES,K,2023,66.6527371500209
ES,K,2024,66.30044843049329
ES,K,2025,68.04952215464812
ES,L,2020,71.54526889040163
ES,L,2021,77.22298221614227
ES,L,2022,71.64473684210527
ES,L,2023,74.52657299938913
ES,L,2024,74.20609202851587
ES,L,2025,71.17064647641236
ES,M,2020,79.25801011804384
ES,M,2021,80.32075471698114
ES,M,2022,81.99448529411765
ES,M,2023,82.92110337888823
ES,M,2024,81.40307181403071
ES,M,2025,83.24808184143222
ES,N,2020,11.34479271991911
ES,N,2021,12.158927716610819
ES,N,2022,12.47602608362102
ES,N,2023,11.422578184591915
ES,N,2024,12.128667760160377
ES,N,2025,14.089818306479259
ES,O,2020,38.43064336184456
ES,O,2021,37.47205246683559
ES,O,2022,37.10038247816988
ES,O,2023,37.87288315737264
ES,O,2024,40.10341855788566
ES,O,2025,39.52489982827705
ES,P,2020,86.49522636279644
ES,P,2021,85.8329192987437
ES,P,2022,86.11623301236085
ES,P,2023,86.57391542731821
ES,P,2024,87.43514700013304
ES,P,2025,86.81268685818277
ES,Q,2020,57.58378440631118
ES,Q,2021,53.15394311393654
ES,Q,2022,52.434396009542404
ES,Q,2023,52.96654197838737
ES,Q,2024,53.919912559618446
ES,Q,2025,55.059831585167686
ES,R,2020,56.50977153867327
ES,R,2021,53.970427163198245
ES,R,2022,56.36942675159236
ES,R,2023,56.3872255489022
ES,R,2024,56.69253152279341
ES,R,2025,59.542344892663365
ES,S,2020,21.36659436008677
ES,S,2021,21.56215621562156
ES,S,2022,21.365173288250215
ES,S,2023,21.15743621655258
ES,S,2024,22.000403307118372
ES,S,2025,22.936507936507937
FI,C,2020,47.59509588179818
FI,C,2021,43.59550561797753
FI,C,2022,43.91534391534391
FI,C,2023,45.75500303214069
FI,C,2024,44.082654978083916
FI,C,2025,44.82974070602936
FI,F,2020,27.189467658843736
FI,F,2021,23.041997729852444
FI,F,2022,25.98837209302326
FI,F,2023,25.754060324825982
FI,F,2024,27.55227552275523
FI,F,2025,24.969696969696972
FI,G,2020,34.629258517034074
FI,G,2021,31.238378579397548
FI,G,2022,29.216867469879514
FI,G,2023,30.071315372424724
FI,G,2024,31.17296222664016
FI,G,2025,31.847649918962716
FI,J,2020,94.01244167962675
FI,J,2021,93.68505195843325
FI,J,2022,94.41509433962264
FI,J,2023,95.68713450292398
FI,J,2024,94.00289017341039
FI,J,2025,94.80030143180106
FI,K,2020,75.4826254826255
FI,K,2021,72.93064876957494
FI,K,2022,71.70212765957447
FI,K,2023,72.40663900414937
FI,K,2024,73.28094302554027
FI,K,2025,71.51277013752457
FI,M,2020,89.04182106934884
FI,M,2021,88.25198637911464
FI,M,2022,87.24100327153762
FI,M,2023,87.09141274238227
FI,M,2024,88.19987959060806
FI,M,2025,88.14589665653494
FI,O,2020,73.94603709949409
FI,O,2021,75.2828546562228
FI,O,2022,75.00000000000001
FI,O,2023,74.93917274939173
FI,O,2024,73.69727047146401
FI,O,2025,74.00690846286702
FI,P,2020,83.91987005955605
FI,P,2021,81.87001140250855
FI,P,2022,81.99663488502522
FI,P,2023,81.80354267310787
FI,P,2024,83.52242031334414
FI,P,2025,84.34260774686307
FI,Q,2020,58.211217786761
FI,Q,2021,54.186815983710865
FI,Q,2022,53.484231943031546
FI,Q,2023,55.81863979848867
FI,Q,2024,53.725303499166856
FI,Q,2025,55.0036170725826
FR,A,2020,11.292540391887247
FR,A,2021,10.317715019255456
FR,A,2022,10.424354243542435
FR,A,2023,9.824506424318395
FR,A,2024,10.752169720347156
FR,A,2025,12.269641125121241
FR,C,2020,46.7635446733685
FR,C,2021,36.93314002495027
FR,C,2022,38.30825944007174
FR,C,2023,39.558259059267456
FR,C,2024,39.604972466778776
FR,C,2025,41.128568691320176
FR,D,2020,79.72350230414746
FR,D,2021,66.12819176654507
FR,D,2022,67.71349862258953
FR,D,2023,73.02786962683042
FR,D,2024,71.45748987854252
FR,D,2025,67.94918330308529
FR,E,2020,40.070742799393635
FR,E,2021,43.333333333333336
FR,E,2022,41.268338854708944
FR,E,2023,40.074384007438404
FR,E,2024,44.73684210526315
FR,E,2025,41.74074074074074
FR,F,2020,35.33201764569306
FR,F,2021,29.015391845846555
FR,F,2022,27.469030571655868
FR,F,2023,28.785261945883704
FR,F,2024,30.674070815922594
FR,F,2025,31.926021783673026
FR,G,2020,33.10088473826493
FR,G,2021,36.96034974801142
FR,G,2022,37.304263344382214
FR,G,2023,39.043647977288856
FR,G,2024,39.47726024228757
FR,G,2025,41.17192459496012
FR,H,2020,24.73118279569892
FR,H,2021,24.06123627960717
FR,H,2022,24.316648917287896
FR,H,2023,23.796355385379
FR,H,2024,23.760707765763236
FR,H,2025,23.98706896551724
FR,I,2020,21.697008410518475
FR,I,2021,31.356026166980822
FR,I,2022,29.725595181183667
FR,I,2023,32.06675466716953
FR,I,2024,32.779613845886246
FR,I,2025,32.853234631477314
FR,J,2020,89.34924078091106
FR,J,2021,89.09766673549453
FR,J,2022,90.64553133799146
FR,J,2023,92.73238305561131
FR,J,2024,92.70453874175445
FR,J,2025,94.34512951477562
FR,K,2020,74.25565491846396
FR,K,2021,71.75380276014907
FR,K,2022,73.12022090059473
FR,K,2023,75.42900042900042
FR,K,2024,77.19499478623565
FR,K,2025,76.63021466180639
FR,L,2020,68.93890675241158
FR,L,2021,69.42789034564957
FR,L,2022,70.37037037037037
FR,L,2023,70.21595680863828
FR,L,2024,72.170071783545
FR,L,2025,73.17596566523605
FR,M,2020,81.93215339233036
FR,M,2021,82.97909407665506
FR,M,2022,84.22404646227731
FR,M,2023,86.18071777447442
FR,M,2024,87.34721359022167
FR,M,2025,86.85220238399755
FR,N,2020,30.70334542523176
FR,N,2021,30.081602373887232
FR,N,2022,34.946236559139784
FR,N,2023,35.56709394775272
FR,N,2024,33.70515275118621
FR,N,2025,34.22885572139304
FR,O,2020,44.160643222610254
FR,O,2021,44.047035766780986
FR,O,2022,44.13535486706218
FR,O,2023,46.400409189719106
FR,O,2024,47.40332443372664
FR,O,2025,48.26757994929502
FR,P,2020,77.57836687306504
FR,P,2021,79.27397711756673
FR,P,2022,79.46931373484774
FR,P,2023,78.31734250543086
FR,P,2024,79.71014492753623
FR,P,2025,81.38014419416955
FR,Q,2020,51.00491992044385
FR,Q,2021,52.68862799141335
FR,Q,2022,53.27432709528382
FR,Q,2023,54.37496840721832
FR,Q,2024,54.12252176649533
FR,Q,2025,53.868308407757745
FR,R,2020,74.90002352387673
FR,R,2021,67.20680575248126
FR,R,2022,67.0388182755067
FR,R,2023,70.03484320557492
FR,R,2024,72.28365806564857
FR,R,2025,72.91953232462174
FR,S,2020,36.923786109403814
FR,S,2021,43.59526372443487
FR,S,2022,41.99475065616798
FR,S,2023,38.80330123796424
FR,S,2024,37.280510811203015
FR,S,2025,41.043180846515604
HR,C,2020,24.82374768089054
HR,C,2021,26.244509516837482
HR,C,2022,25.30431575064551
HR,C,2023,28.194496796079914
HR,C,2024,32.115677321156774
HR,C,2025,30.94867807153966
HR,F,2020,21.900452488687787
HR,F,2021,24.52667814113597
HR,F,2022,22.28024369016536
HR,F,2023,22.259983007646557
HR,F,2024,25.86644125105664
HR,F,2025,29.19148936170213
HR,G,2020,26.235565819861428
HR,G,2021,24.894908921064925
HR,G,2022,21.402714932126695
HR,G,2023,24.655095683133066
HR,G,2024,25.959465286761535
HR,G,2025,25.591397849462368
HR,H,2020,25.44132917964694
HR,H,2021,21.90669371196755
HR,H,2022,21.07355864811133
HR,H,2023,22.87449392712551
HR,H,2024,27.393364928909953
HR,H,2025,30.819981149858627
HR,J,2020,87.69230769230768
HR,J,2021,84.78747203579418
HR,J,2022,84.54545454545455
HR,J,2023,89.83870967741936
HR,J,2024,91.55313351498637
HR,J,2025,90.14647137150466
HR,M,2020,77.24550898203593
HR,M,2021,75.6965944272446
HR,M,2022,74.30249632892804
HR,M,2023,80.55555555555556
HR,M,2024,74.7560975609756
HR,M,2025,75.15299877600978
HR,N,2020,18.58823529411765
HR,N,2021,16.9047619047619
HR,N,2022,20.44943820224719
HR,N,2023,30.63291139240506
HR,N,2024,33.16831683168317
HR,N,2025,30.42505592841163
HR,P,2020,78.65853658536585
HR,P,2021,76.46033129904097
HR,P,2022,76.08524072612471
HR,P,2023,74.10586552217453
HR,P,2024,76.38266068759341
HR,P,2025,76.1632068718683
HR,Q,2020,64.61937716262976
HR,Q,2021,62.4461670973299
HR,Q,2022,61.39455782312926
HR,Q,2023,62.05395996518712
HR,Q,2024,63.42254663422546
HR,Q,2025,63.65606936416184
HU,A,2020,10.861983059292475
HU,A,2021,10.281837160751566
HU,A,2022,10.36998436685774
HU,A,2023,10.035659704533877
HU,A,2024,11.452810180275717
HU,A,2025,12.480739599383668
HU,C,2020,23.01967038809144
HU,C,2021,23.54970210097209
HU,C,2022,25.354609929078016
HU,C,2023,24.531462674065544
HU,C,2024,28.14230933106093
HU,C,2025,29.359627742078438
HU,F,2020,16.33875106928999
HU,F,2021,15.279299014238774
HU,F,2022,15.732758620689658
HU,F,2023,15.356200527704486
HU,F,2024,18.982960596379126
HU,F,2025,19.599666388657212
HU,G,2020,23.33941605839416
HU,G,2021,24.17937219730942
HU,G,2022,24.926022628372497
HU,G,2023,25.659264399722414
HU,G,2024,27.334309776638595
HU,G,2025,26.627011896431068
HU,H,2020,17.082111436950147
HU,H,2021,16.398138202649477
HU,H,2022,16.51896490606168
HU,H,2023,15.224191866527633
HU,H,2024,18.556701030927837
HU,H,2025,20.453739808578515
HU,J,2020,82.24893917963225
HU,J,2021,85.91210114388922
HU,J,2022,84.32432432432432
HU,J,2023,81.90639269406394
HU,J,2024,83.40935005701255
HU,J,2025,87.21804511278195
HU,K,2020,87.23926380368098
HU,K,2021,87.8101402373247
HU,K,2022,86.86659772492243
HU,K,2023,87.46238716148446
HU,K,2024,89.08256880733944
HU,K,2025,87.50000000000001
HU,M,2020,83.53726362625137
HU,M,2021,84.60019743336625
HU,M,2022,84.44964871194381
HU,M,2023,81.7043813192104
HU,M,2024,86.83341198678622
HU,M,2025,86.25000000000001
HU,N,2020,27.753623188405797
HU,N,2021,27.365356622998544
HU,N,2022,26.29543696829079
HU,N,2023,21.41312184571017
HU,N,2024,23.23901264298615
HU,N,2025,27.088772845953002
HU,O,2020,45.26010034327964
HU,O,2021,46.734795613160514
HU,O,2022,48.5679012345679
HU,O,2023,49.029754204398444
HU,O,2024,49.08024526792856
HU,O,2025,49.217566885411415
HU,P,2020,73.13156269302038
HU,P,2021,74.60184409052808
HU,P,2022,74.3398392652124
HU,P,2023,73.87640449438202
HU,P,2024,72.7350671620463
HU,P,2025,74.66075879257824
HU,Q,2020,65.96570689097379
HU,Q,2021,69.44809461235218
HU,Q,2022,68.36461126005362
HU,Q,2023,69.41097724230255
HU,Q,2024,70.30621713578718
HU,Q,2025,73.71273712737127
IE,C,2020,40.4547236377891
IE,C,2021,42.951299890150125
IE,C,2022,41.24820659971306
IE,C,2023,42.66666666666667
IE,C,2024,44.25760286225402
IE,C,2025,46.064735945485516
IE,F,2020,20.1693610469592
IE,F,2021,23.212913143735587
IE,F,2022,21.92648922686945
IE,F,2023,22.021893110109467
IE,F,2024,23.83059418457649
IE,F,2025,26.32821723730815
IE,G,2020,27.767628790646693
IE,G,2021,29.119473876507122
IE,G,2022,30.028632784538296
IE,G,2023,31.34020618556701
IE,G,2024,32.06945428773919
IE,G,2025,31.096911608093713
IE,J,2020,83.34600760456274
IE,J,2021,86.16810059563203
IE,J,2022,87.51515151515153
IE,J,2023,89.14956011730204
IE,J,2024,87.32629238465813
IE,J,2025,90.51136363636363
IE,K,2020,65.60798548094373
IE,K,2021,68.27004219409282
IE,K,2022,72.3993288590604
IE,K,2023,74.06199021207178
IE,K,2024,73.69706840390879
IE,K,2025,76.20137299771169
IE,M,2020,80.87912087912088
IE,M,2021,80.83989501312335
IE,M,2022,80.6896551724138
IE,M,2023,78.72340425531915
IE,M,2024,78.34562697576395
IE,M,2025,83.58208955223881
IE,N,2020,26.884139482564677
IE,N,2021,28.82882882882883
IE,N,2022,26.653504442250743
IE,N,2023,28.003875968992247
IE,N,2024,29.45344129554656
IE,N,2025,31.66496424923391
IE,P,2020,76.48
IE,P,2021,75.76493443419136
IE,P,2022,75.90535972959924
IE,P,2023,76.24360762436078
IE,P,2024,76.0178970917226
IE,P,2025,78.96060352053647
IE,Q,2020,53.23613086770981
IE,Q,2021,53.97088021178028
IE,Q,2022,56.01217656012176
IE,Q,2023,55.90686979016959
IE,Q,2024,56.480446927374295
IE,Q,2025,57.35214324470972
IS,C,2020,32.558139534883715
IS,C,2021,33.33333333333333
IS,C,2022,33.734939759036145
IS,C,2023,37.83783783783784
IS,C,2024,42.02127659574468
IS,C,2025,45.69892473118279
IS,G,2020,38.21989528795812
IS,G,2021,40.70351758793971
IS,G,2022,37.5
IS,G,2023,39.23444976076555
IS,G,2024,40.09216589861751
IS,G,2025,41.87192118226601
IS,J,2020,86.81318681318682
IS,J,2021,88.23529411764706
IS,J,2022,93.68421052631577
IS,J,2023,93.26923076923077
IS,J,2024,95.0980392156863
IS,J,2025,91.30434782608697
IS,M,2020,84.67741935483872
IS,M,2021,88.3495145631068
IS,M,2022,86.79245283018867
IS,M,2023,90.43478260869564
IS,M,2024,94.11764705882352
IS,M,2025,92.0
IS,N,2020,49.01960784313726
IS,N,2021,44.44444444444445
IS,N,2022,50.79365079365079
IS,N,2023,42.857142857142854
IS,N,2024,45.56962025316455
IS,N,2025,46.42857142857142
IS,O,2020,78.84615384615384
IS,O,2021,75.45454545454544
IS,O,2022,75.43859649122805
IS,O,2023,76.53061224489795
IS,O,2024,74.4
IS,O,2025,74.78991596638656
IS,P,2020,66.38297872340425
IS,P,2021,73.05936073059361
IS,P,2022,74.10358565737052
IS,P,2023,77.13178294573643
IS,P,2024,77.73437499999999
IS,P,2025,72.86821705426357
IS,Q,2020,61.16071428571429
IS,Q,2021,62.66666666666667
IS,Q,2022,63.008130081300806
IS,Q,2023,59.583333333333336
IS,Q,2024,62.7906976744186
IS,Q,2025,59.68992248062015
IS,R,2020,59.25925925925925
IS,R,2021,63.49206349206349
IS,R,2022,64.61538461538461
IS,R,2023,68.57142857142857
IS,R,2024,63.888888888888886
IS,R,2025,61.9718309859155
IT,A,2020,3.3545749669351927
IT,A,2021,2.582669563118513
IT,A,2022,3.2754342431761785
IT,A,2023,2.7374373473846547
IT,A,2024,3.0011846781624327
IT,A,2025,3.2174026312361597
IT,C,2020,29.953595729845397
IT,C,2021,27.92612317689883
IT,C,2022,28.064694431760834
IT,C,2023,29.335006867806563
IT,C,2024,29.886628797699576
IT,C,2025,30.3727369542066
IT,D,2020,50.52816901408451
IT,D,2021,52.59391771019678
IT,D,2022,52.694610778443106
IT,D,2023,50.27548209366392
IT,D,2024,50.27027027027028
IT,D,2025,51.00074128984432
IT,E,2020,24.94705633206269
IT,E,2021,24.1193535018649
IT,E,2022,23.42007434944238
IT,E,2023,25.798625151637683
IT,E,2024,26.995114006514658
IT,E,2025,28.11873245086241
IT,F,2020,13.293468261269547
IT,F,2021,12.420612009237876
IT,F,2022,13.536243492190629
IT,F,2023,14.057961224076202
IT,F,2024,15.243823567455697
IT,F,2025,15.288746298124384
IT,G,2020,22.063565177337633
IT,G,2021,20.90638880539692
IT,G,2022,22.02306010204758
IT,G,2023,22.24331489542762
IT,G,2024,22.5868180820027
IT,G,2025,21.960423669689856
IT,H,2020,14.13689116330074
IT,H,2021,13.967828418230562
IT,H,2022,13.925486432248496
IT,H,2023,14.982246470944832
IT,H,2024,15.661503850480226
IT,H,2025,13.834599300162157
IT,I,2020,19.31123270035404
IT,I,2021,18.162190171862854
IT,I,2022,17.46220865291533
IT,I,2023,16.333217148832347
IT,I,2024,15.789115182889452
IT,I,2025,16.17978977236087
IT,J,2020,84.06301824212271
IT,J,2021,83.11427246018246
IT,J,2022,82.0112061338838
IT,J,2023,83.4321085210062
IT,J,2024,85.16336368505625
IT,J,2025,83.76314652067424
IT,K,2020,71.27236580516899
IT,K,2021,68.92553886348793
IT,K,2022,67.59729272419628
IT,K,2023,70.51671732522794
IT,K,2024,72.04730967849409
IT,K,2025,71.23336291038154
IT,L,2020,61.40226628895184
IT,L,2021,64.05228758169935
IT,L,2022,62.05234159779616
IT,L,2023,66.26425217974514
IT,L,2024,73.25495958853784
IT,L,2025,76.92847124824685
IT,M,2020,81.84762709477539
IT,M,2021,81.00192403620039
IT,M,2022,81.43986683312527
IT,M,2023,79.69224673094703
IT,M,2024,81.22012745618693
IT,M,2025,82.22323107853947
IT,N,2020,13.079399141630901
IT,N,2021,11.882119343714077
IT,N,2022,12.586487586487586
IT,N,2023,13.758566157090144
IT,N,2024,14.165141346349403
IT,N,2025,13.905384006334126
IT,O,2020,31.406370079412515
IT,O,2021,31.079393398751115
IT,O,2022,31.92888888888889
IT,O,2023,34.01430911128352
IT,O,2024,36.05401732631221
IT,O,2025,34.372024582359565
IT,P,2020,81.36530179340491
IT,P,2021,79.84535753083264
IT,P,2022,80.06832978791982
IT,P,2023,81.57911020357652
IT,P,2024,82.4944071588367
IT,P,2025,81.97574718275355
IT,Q,2020,64.06223764482006
IT,Q,2021,63.10948581560284
IT,Q,2022,60.46576102023843
IT,Q,2023,59.927229282067984
IT,Q,2024,60.81948941139006
IT,Q,2025,62.38677059195281
IT,R,2020,63.46087556015168
IT,R,2021,59.93640699523053
IT,R,2022,62.131596984235784
IT,R,2023,63.102791878172596
IT,R,2024,65.64525633470831
IT,R,2025,68.45039018952062
IT,S,2020,17.866189837580094
IT,S,2021,15.208613728129203
IT,S,2022,15.653775322283611
IT,S,2023,16.65181224004753
IT,S,2024,17.961027958203896
IT,S,2025,14.44592790387183
LT,C,2020,25.22913651712494
LT,C,2021,26.99498404012768
LT,C,2022,27.73689052437902
LT,C,2023,28.475637013857845
LT,C,2024,27.927529827662394
LT,C,2025,27.506899724011035
LT,F,2020,25.94142259414226
LT,F,2021,23.662551440329217
LT,F,2022,26.192703461178667
LT,F,2023,26.098901098901102
LT,F,2024,26.840215439856372
LT,F,2025,33.239171374764595
LT,G,2020,32.55924170616114
LT,G,2021,36.56678517013712
LT,G,2022,36.730575176589305
LT,G,2023,36.49122807017544
LT,G,2024,35.798062213156555
LT,G,2025,39.80632008154944
LT,H,2020,30.37336024217962
LT,H,2021,34.42460317460317
LT,H,2022,36.0
LT,H,2023,35.65044687189672
LT,H,2024,39.241917502787075
LT,H,2025,38.82091212458287
LT,J,2020,89.37823834196891
LT,J,2021,91.76706827309238
LT,J,2022,91.21863799283155
LT,J,2023,92.10526315789474
LT,J,2024,91.77489177489177
LT,J,2025,93.20113314447592
LT,K,2020,76.7716535433071
LT,K,2021,79.33333333333333
LT,K,2022,80.73089700996677
LT,K,2023,86.52482269503545
LT,K,2024,89.2703862660944
LT,K,2025,89.58333333333334
LT,L,2020,68.14159292035397
LT,L,2021,62.7906976744186
LT,L,2022,65.64885496183206
LT,L,2023,74.80916030534351
LT,L,2024,69.0721649484536
LT,L,2025,62.500000000000014
LT,M,2020,88.55325914149444
LT,M,2021,88.29431438127091
LT,M,2022,88.20058997050147
LT,M,2023,87.00128700128698
LT,M,2024,88.81829733163914
LT,M,2025,87.93503480278422
LT,N,2020,30.679611650485434
LT,N,2021,30.9153713298791
LT,N,2022,35.58052434456929
LT,N,2023,41.0472972972973
LT,N,2024,38.11802232854865
LT,N,2025,43.7308868501529
LT,O,2020,70.80378250591016
LT,O,2021,68.29545454545455
LT,O,2022,65.50951847704368
LT,O,2023,67.6959619952494
LT,O,2024,70.02164502164501
LT,O,2025,72.64050901378579
LT,P,2020,68.61198738170347
LT,P,2021,69.71580817051512
LT,P,2022,70.26563838903171
LT,P,2023,67.71186440677967
LT,P,2024,68.13365933170333
LT,P,2025,69.88727858293076
LT,Q,2020,69.60893854748603
LT,Q,2021,72.6775956284153
LT,Q,2022,75.47357926221335
LT,Q,2023,76.266137040715
LT,Q,2024,72.47081712062257
LT,Q,2025,74.6907706945766
LT,R,2020,72.13114754098362
LT,R,2021,71.31474103585657
LT,R,2022,74.71698113207547
LT,R,2023,78.48605577689243
LT,R,2024,74.25742574257426
LT,R,2025,78.31715210355988
LT,S,2020,41.75084175084175
LT,S,2021,37.50000000000001
LT,S,2022,34.21828908554572
LT,S,2023,32.40418118466899
LT,S,2024,38.43416370106761
LT,S,2025,28.8961038961039
LV,C,2020,27.133872416891286
LV,C,2021,27.996164908916587
LV,C,2022,24.97712717291857
LV,C,2023,28.531337698783908
LV,C,2024,29.503407984420644
LV,C,2025,27.906976744186053
LV,F,2020,27.052489905787354
LV,F,2021,26.285714285714285
LV,F,2022,27.84992784992785
LV,F,2023,26.934523809523807
LV,F,2024,26.05177993527508
LV,F,2025,30.390492359932086
LV,G,2020,32.299124900556876
LV,G,2021,33.43873517786561
LV,G,2022,33.12977099236642
LV,G,2023,31.65289256198347
LV,G,2024,32.76327632763276
LV,G,2025,34.104541559554406
LV,H,2020,28.441754916792743
LV,H,2021,30.67292644757434
LV,H,2022,31.028938906752412
LV,H,2023,30.072992700729927
LV,H,2024,29.34782608695652
LV,H,2025,28.020134228187914
LV,J,2020,87.29096989966555
LV,J,2021,85.22727272727272
LV,J,2022,86.98795180722891
LV,J,2023,83.94160583941606
LV,J,2024,86.34259259259258
LV,J,2025,86.75
LV,K,2020,88.17733990147784
LV,K,2021,86.20689655172414
LV,K,2022,88.55421686746988
LV,K,2023,88.19875776397514
LV,K,2024,84.35754189944136
LV,K,2025,85.79234972677595
LV,M,2020,93.5933147632312
LV,M,2021,92.58064516129033
LV,M,2022,88.75379939209728
LV,M,2023,90.32258064516128
LV,M,2024,88.85542168674698
LV,M,2025,87.63440860215051
LV,O,2020,74.00662251655629
LV,O,2021,71.2871287128713
LV,O,2022,73.9770867430442
LV,O,2023,71.71171171171171
LV,O,2024,68.40390879478826
LV,O,2025,67.9425837320574
LV,P,2020,70.64343163538875
LV,P,2021,71.97368421052633
LV,P,2022,72.25891677675033
LV,P,2023,71.77747625508819
LV,P,2024,71.90684133915575
LV,P,2025,73.9507959479016
LV,R,2020,61.26126126126127
LV,R,2021,63.68159203980098
LV,R,2022,65.98984771573603
LV,R,2023,61.75115207373272
LV,R,2024,55.793991416309005
LV,R,2025,63.31877729257642
MT,C,2020,36.29893238434163
MT,C,2021,36.162361623616235
MT,C,2022,34.572490706319705
MT,C,2023,30.303030303030305
MT,C,2024,33.55932203389831
MT,C,2025,32.79220779220779
MT,G,2020,24.44444444444444
MT,G,2021,24.315068493150687
MT,G,2022,27.15654952076677
MT,G,2023,23.428571428571427
MT,G,2024,24.355300859598856
MT,G,2025,25.210084033613445
MT,J,2020,72.91666666666667
MT,J,2021,78.21782178217822
MT,J,2022,79.67479674796748
MT,J,2023,84.35374149659863
MT,J,2024,83.11688311688312
MT,J,2025,83.33333333333331
MT,K,2020,73.64864864864865
MT,K,2021,79.35483870967742
MT,K,2022,77.32558139534885
MT,K,2023,75.54347826086956
MT,K,2024,81.91489361702128
MT,K,2025,79.8780487804878
MT,M,2020,83.2116788321168
MT,M,2021,85.71428571428571
MT,M,2022,85.16129032258064
MT,M,2023,82.11920529801324
MT,M,2024,82.11920529801326
MT,M,2025,86.36363636363636
MT,N,2020,26.666666666666668
MT,N,2021,25.563909774436087
MT,N,2022,33.333333333333336
MT,N,2023,34.21052631578947
MT,N,2024,32.90322580645161
MT,N,2025,27.516778523489933
MT,O,2020,42.011834319526635
MT,O,2021,43.35260115606936
MT,O,2022,45.10869565217392
MT,O,2023,47.87234042553191
MT,O,2024,45.32710280373832
MT,O,2025,46.95652173913044
MT,P,2020,68.20276497695853
MT,P,2021,67.98245614035088
MT,P,2022,66.5289256198347
MT,P,2023,63.33333333333333
MT,P,2024,67.71653543307087
MT,P,2025,68.67469879518073
MT,R,2020,74.99999999999999
MT,R,2021,70.21276595744682
MT,R,2022,62.32876712328766
MT,R,2023,68.90243902439025
MT,R,2024,71.91011235955055
MT,R,2025,70.52631578947368
NL,A,2020,14.684287812041116
NL,A,2021,17.106842737094837
NL,A,2022,18.754423213021937
NL,A,2023,16.90721649484536
NL,A,2024,17.945007235890014
NL,A,2025,19.669551534225022
NL,C,2020,41.595591129773
NL,C,2021,45.04602057390363
NL,C,2022,45.51197683600948
NL,C,2023,46.90741956664478
NL,C,2024,48.69565217391304
NL,C,2025,50.89082384460818
NL,D,2020,68.55123674911661
NL,D,2021,73.16455696202532
NL,D,2022,76.6497461928934
NL,D,2023,74.83731019522777
NL,D,2024,78.54330708661418
NL,D,2025,79.80392156862746
NL,E,2020,41.47157190635452
NL,E,2021,47.30392156862745
NL,E,2022,45.405405405405396
NL,E,2023,44.63414634146341
NL,E,2024,47.02842377260981
NL,E,2025,54.68354430379746
NL,F,2020,26.856403622250973
NL,F,2021,26.94578636607622
NL,F,2022,29.414810978767473
NL,F,2023,31.31163708086785
NL,F,2024,32.939229132182554
NL,F,2025,35.11650023775558
NL,G,2020,30.565095223228226
NL,G,2021,32.54781111211819
NL,G,2022,34.02407021988961
NL,G,2023,33.509467195068254
NL,G,2024,35.21367521367521
NL,G,2025,36.25855372665064
NL,H,2020,22.76043186460461
NL,H,2021,26.26334519572954
NL,H,2022,27.802690582959645
NL,H,2023,27.008206913703052
NL,H,2024,26.942628903413212
NL,H,2025,27.822966507177032
NL,I,2020,21.92179700499168
NL,I,2021,21.502384737678856
NL,I,2022,21.62162162162162
NL,I,2023,22.911526260133947
NL,I,2024,25.104895104895107
NL,I,2025,25.147620701632516
NL,J,2020,86.44968449020257
NL,J,2021,87.35806207418621
NL,J,2022,89.62536023054756
NL,J,2023,88.70043000477783
NL,J,2024,90.46242774566475
NL,J,2025,89.55365622032289
NL,K,2020,80.92631578947368
NL,K,2021,83.95604395604394
NL,K,2022,83.27574291637873
NL,K,2023,83.5314091680815
NL,K,2024,85.00900900900902
NL,K,2025,86.42691415313224
NL,L,2020,68.77897990726429
NL,L,2021,69.63788300835655
NL,L,2022,68.33578792341677
NL,L,2023,68.86792452830188
NL,L,2024,68.98470097357439
NL,L,2025,69.10994764397905
NL,M,2020,82.84851374980131
NL,M,2021,84.35114503816794
NL,M,2022,84.96363180336093
NL,M,2023,85.58133605303416
NL,M,2024,85.83025830258302
NL,M,2025,86.91952346219306
NL,N,2020,31.695331695331696
NL,N,2021,35.71970655198583
NL,N,2022,38.34567901234568
NL,N,2023,38.20143884892086
NL,N,2024,38.24105830475258
NL,N,2025,40.38610038610039
NL,O,2020,69.65795541890853
NL,O,2021,69.96592568554276
NL,O,2022,71.89952904238619
NL,O,2023,74.364312267658
NL,O,2024,74.8788138009695
NL,O,2025,77.23189219539586
NL,P,2020,84.19757426612762
NL,P,2021,81.70509708737865
NL,P,2022,80.95984050128168
NL,P,2023,82.60363636363635
NL,P,2024,83.03430457872828
NL,P,2025,84.37017272854936
NL,Q,2020,65.85898111219805
NL,Q,2021,65.56067172264355
NL,Q,2022,66.6557183209617
NL,Q,2023,66.73517888110989
NL,Q,2024,68.0815911546038
NL,Q,2025,68.65868188373989
NL,R,2020,68.70324189526184
NL,R,2021,72.69209508015479
NL,R,2022,69.2385274836107
NL,R,2023,68.98101898101898
NL,R,2024,70.85224407463438
NL,R,2025,71.59376571141277
NL,S,2020,37.801293356848916
NL,S,2021,41.13475177304964
NL,S,2022,43.19387153800825
NL,S,2023,45.89426321709786
NL,S,2024,42.27455485353245
NL,S,2025,45.84958217270195
NO,C,2020,43.41765616933402
NO,C,2021,44.69214437367304
NO,C,2022,43.58974358974359
NO,C,2023,42.789223454833596
NO,C,2024,42.24478285391991
NO,C,2025,40.397727272727266
NO,F,2020,26.759884281581485
NO,F,2021,27.77777777777778
NO,F,2022,25.24407252440725
NO,F,2023,27.630375114364135
NO,F,2024,28.45940959409594
NO,F,2025,29.02757619738752
NO,G,2020,36.24595469255664
NO,G,2021,36.868186323092175
NO,G,2022,35.08891928864569
NO,G,2023,38.02565930149678
NO,G,2024,38.01169590643275
NO,G,2025,36.97331460674157
NO,H,2020,28.14070351758794
NO,H,2021,28.080469404861695
NO,H,2022,28.05923616523772
NO,H,2023,29.755327545382798
NO,H,2024,30.075187969924812
NO,H,2025,27.37752161383285
NO,J,2020,90.90056285178237
NO,J,2021,91.47217235188509
NO,J,2022,92.58312020460357
NO,J,2023,91.39442231075697
NO,J,2024,94.44897959183672
NO,J,2025,92.91277258566979
NO,M,2020,86.5602129075183
NO,M,2021,88.93919793014231
NO,M,2022,89.21933085501858
NO,M,2023,89.12259615384616
NO,M,2024,89.11242603550295
NO,M,2025,87.06088992974237
NO,N,2020,30.198446937014666
NO,N,2021,27.002477291494635
NO,N,2022,27.749999999999996
NO,N,2023,23.950617283950617
NO,N,2024,22.83653846153846
NO,N,2025,25.063078216989066
NO,O,2020,79.11392405063292
NO,O,2021,79.59667852906287
NO,O,2022,79.40999397953041
NO,O,2023,78.06912991656733
NO,O,2024,76.59701492537314
NO,O,2025,77.37020316027088
NO,P,2020,80.9785093735711
NO,P,2021,83.15696649029982
NO,P,2022,84.48121645796066
NO,P,2023,84.21962818849978
NO,P,2024,84.37229437229438
NO,P,2025,83.84401114206128
NO,Q,2020,54.11239300334947
NO,Q,2021,55.792796138135905
NO,Q,2022,56.11162790697675
NO,Q,2023,55.68962316688323
NO,Q,2024,57.448772383237944
NO,Q,2025,58.27471306923362
PL,C,2020,29.414260173934125
PL,C,2021,30.401400448389182
PL,C,2022,30.516847080347613
PL,C,2023,32.10720246905804
PL,C,2024,32.91571047571792
PL,C,2025,33.38759213759214
PL,E,2020,36.292834890965736
PL,E,2021,29.674099485420243
PL,E,2022,32.89689034369885
PL,E,2023,34.43080357142857
PL,E,2024,33.22033898305085
PL,E,2025,33.50311262026033
PL,F,2020,19.965550812551488
PL,F,2021,21.80683014893937
PL,F,2022,22.21546415266479
PL,F,2023,25.152558285088407
PL,F,2024,26.76961668103786
PL,F,2025,26.97240575204042
PL,G,2020,28.37638211200143
PL,G,2021,28.461505021084204
PL,G,2022,28.870805442534014
PL,G,2023,30.424434748115825
PL,G,2024,30.86681715575621
PL,G,2025,30.39493575207861
PL,H,2020,21.425329096686337
PL,H,2021,20.50857789776191
PL,H,2022,21.02088584803745
PL,H,2023,21.98201471523299
PL,H,2024,21.17006324666198
PL,H,2025,21.216321580178462
PL,I,2020,18.706244749369922
PL,I,2021,20.25109170305677
PL,I,2022,18.262806236080177
PL,I,2023,18.055203849075717
PL,I,2024,19.723277265328264
PL,I,2025,20.833333333333332
PL,J,2020,91.6141235813367
PL,J,2021,91.0586413779756
PL,J,2022,90.49894857579812
PL,J,2023,92.67207121284375
PL,J,2024,92.796992481203
PL,J,2025,92.39498894620486
PL,K,2020,85.59023703356019
PL,K,2021,86.16562948779321
PL,K,2022,87.0320528505016
PL,K,2023,86.69817690749494
PL,K,2024,85.77092511013215
PL,K,2025,85.49389329333619
PL,M,2020,90.53951941967657
PL,M,2021,90.57681324957169
PL,M,2022,90.36619718309859
PL,M,2023,90.0517309988062
PL,M,2024,88.74386146291032
PL,M,2025,89.47368421052633
PL,N,2020,24.948665297741275
PL,N,2021,22.24056603773585
PL,N,2022,23.039647577092513
PL,N,2023,26.066248105650576
PL,N,2024,26.674259681093393
PL,N,2025,25.047438330170777
PL,O,2020,65.58778332693048
PL,O,2021,66.94023193577164
PL,O,2022,64.91981421435457
PL,O,2023,61.622843744766364
PL,O,2024,59.41171637498973
PL,O,2025,60.38591572524119
PL,P,2020,76.6694714296642
PL,P,2021,75.65271126216592
PL,P,2022,75.757340977764
PL,P,2023,76.81235474923156
PL,P,2024,76.89180031624124
PL,P,2025,77.75960752248568
PL,Q,2020,76.70835417708855
PL,Q,2021,75.96633992972073
PL,Q,2022,75.40835664651205
PL,Q,2023,76.39989317190421
PL,Q,2024,77.03749888661262
PL,Q,2025,75.78701205252743
PL,R,2020,74.14285714285714
PL,R,2021,66.81797548797094
PL,R,2022,68.80650994575045
PL,R,2023,70.31179394487123
PL,R,2024,70.9868121873579
PL,R,2025,71.37529137529137
PL,S,2020,25.142857142857146
PL,S,2021,27.87639710716634
PL,S,2022,29.556153328850037
PL,S,2023,25.99859845830414
PL,S,2024,26.11091973820186
PL,S,2025,27.92310116608887
PT,C,2020,26.022954091816363
PT,C,2021,25.485771593330824
PT,C,2022,26.646115906288536
PT,C,2023,24.990689013035382
PT,C,2024,28.232354778263584
PT,C,2025,29.00358068897395
PT,F,2020,21.55292479108635
PT,F,2021,22.755879430274923
PT,F,2022,20.87316762268961
PT,F,2023,21.85097575399172
PT,F,2024,23.121387283236995
PT,F,2025,25.707013574660632
PT,G,2020,27.761146998582003
PT,G,2021,28.02238256515977
PT,G,2022,28.776556776556777
PT,G,2023,26.937756899588962
PT,G,2024,27.748467132468274
PT,G,2025,28.211551844119693
PT,H,2020,23.16955684007707
PT,H,2021,18.509615384615387
PT,H,2022,16.73342234089898
PT,H,2023,17.57602862254025
PT,H,2024,20.3793559770622
PT,H,2025,20.604280318925724
PT,J,2020,89.54918032786885
PT,J,2021,89.68395945140132
PT,J,2022,87.92553191489361
PT,J,2023,89.79808714133901
PT,J,2024,91.4580265095729
PT,J,2025,91.73103134938665
PT,K,2020,85.06981740064447
PT,K,2021,81.97573656845752
PT,K,2022,80.74596774193549
PT,K,2023,81.33836003770028
PT,K,2024,80.28169014084507
PT,K,2025,80.9656453110492
PT,M,2020,88.92419428052655
PT,M,2021,88.84758364312268
PT,M,2022,89.52946163628657
PT,M,2023,89.28866832092639
PT,M,2024,89.14354644149579
PT,M,2025,89.76377952755907
PT,N,2020,15.091946734305642
PT,N,2021,19.17320028510335
PT,N,2022,21.765787860208462
PT,N,2023,21.678710394663703
PT,N,2024,21.768707482993197
PT,N,2025,22.479784366576823
PT,O,2020,44.81442941380506
PT,O,2021,42.6955990220049
PT,O,2022,43.062347188264056
PT,O,2023,42.039240913477
PT,O,2024,41.79151061173533
PT,O,2025,42.199413489736074
PT,P,2020,70.95154406226463
PT,P,2021,71.23486682808716
PT,P,2022,72.26620484908462
PT,P,2023,69.7548387096774
PT,P,2024,70.79294059159831
PT,P,2025,70.5095862764884
PT,Q,2020,54.63307776560789
PT,Q,2021,54.968152866242036
PT,Q,2022,52.84210526315789
PT,Q,2023,52.583523552604284
PT,Q,2024,54.90196078431373
PT,Q,2025,53.669008587041375
PT,S,2020,24.31340872374798
PT,S,2021,23.280943025540275
PT,S,2022,20.222634508348794
PT,S,2023,16.582914572864322
PT,S,2024,19.12280701754386
PT,S,2025,17.75848460931334
RO,C,2020,15.546685860105999
RO,C,2021,15.592322964923893
RO,C,2022,16.550009812258786
RO,C,2023,16.0641223422094
RO,C,2024,17.50068175620398
RO,C,2025,18.025873775998857
RO,F,2020,12.230610844200411
RO,F,2021,13.53144070045105
RO,F,2022,15.705213019317279
RO,F,2023,13.994205819372715
RO,F,2024,13.457132521403596
RO,F,2025,13.584268307395345
RO,G,2020,21.688792837295463
RO,G,2021,22.170576951453445
RO,G,2022,21.319130307894355
RO,G,2023,21.469054636136935
RO,G,2024,20.417735434224994
RO,G,2025,21.900220102714602
RO,H,2020,10.58046981168705
RO,H,2021,10.07207540195897
RO,H,2022,10.06699257649828
RO,H,2023,9.42963093766555
RO,H,2024,9.639953542392567
RO,H,2025,9.534330387491503
RO,J,2020,84.20776495278069
RO,J,2021,82.76907529055079
RO,J,2022,85.18886679920477
RO,J,2023,85.07462686567165
RO,J,2024,84.04461687681864
RO,J,2025,85.18881804806277
RO,M,2020,86.76401318888365
RO,M,2021,87.81278962001852
RO,M,2022,88.828089375285
RO,M,2023,89.19045390734675
RO,M,2024,88.86128364389235
RO,M,2025,88.10048479506389
RO,O,2020,38.944664954471165
RO,O,2021,37.72794480039428
RO,O,2022,36.55172413793103
RO,O,2023,38.41229193341869
RO,O,2024,39.09113119960909
RO,O,2025,38.93805309734513
SE,C,2020,47.838676318510856
SE,C,2021,48.40537138061267
SE,C,2022,48.692534795444956
SE,C,2023,51.1543134872418
SE,C,2024,50.324199958167746
SE,C,2025,48.4740054725321
SE,F,2020,26.802884615384613
SE,F,2021,25.43940795559667
SE,F,2022,25.745085605580222
SE,F,2023,27.24025974025974
SE,F,2024,27.224958949096884
SE,F,2025,27.631994941511223
SE,G,2020,42.55769230769231
SE,G,2021,40.776302349336056
SE,G,2022,41.021382603280045
SE,G,2023,41.440695508176354
SE,G,2024,44.008307372793354
SE,G,2025,44.560888702578076
SE,H,2020,20.198376916140663
SE,H,2021,18.75
SE,H,2022,17.423837520042756
SE,H,2023,16.85768863419293
SE,H,2024,17.289719626168225
SE,H,2025,19.291338582677167
SE,J,2020,93.63225320271289
SE,J,2021,95.92776203966005
SE,J,2022,95.80740255486407
SE,J,2023,95.76651699807569
SE,J,2024,96.43217771794008
SE,J,2025,96.03227975790183
SE,K,2020,93.06083650190114
SE,K,2021,91.95075757575758
SE,K,2022,93.1740614334471
SE,K,2023,93.1740614334471
SE,K,2024,93.01533219761498
SE,K,2025,94.00521285838403
SE,L,2020,59.16083916083915
SE,L,2021,60.34031413612564
SE,L,2022,62.224938875305625
SE,L,2023,62.80137772675087
SE,L,2024,57.720588235294116
SE,L,2025,55.407209612817084
SE,M,2020,89.26300918295269
SE,M,2021,87.81418312387792
SE,M,2022,88.57201059278876
SE,M,2023,89.53442101074413
SE,M,2024,89.71836419753087
SE,M,2025,88.99503247993886
SE,N,2020,36.97318007662835
SE,N,2021,33.49236641221374
SE,N,2022,33.77366798767063
SE,N,2023,34.48905109489051
SE,N,2024,34.01175938489371
SE,N,2025,33.7203901532745
SE,O,2020,76.8531667140017
SE,O,2021,77.11799334527771
SE,O,2022,77.17791411042944
SE,O,2023,78.17058096415329
SE,O,2024,77.78048780487804
SE,O,2025,78.09818875119163
SE,P,2020,75.31272994849154
SE,P,2021,77.59806655512178
SE,P,2022,76.90069116042199
SE,P,2023,76.6573621772505
SE,P,2024,77.94545454545455
SE,P,2025,77.19661335841957
SE,Q,2020,52.568060623070444
SE,Q,2021,53.90070921985816
SE,Q,2022,54.92242595204513
SE,Q,2023,54.8141891891892
SE,Q,2024,54.04795486600846
SE,Q,2025,54.52799121844129
SE,R,2020,71.34831460674158
SE,R,2021,66.55443322109988
SE,R,2022,66.84901531728666
SE,R,2023,69.66632962588474
SE,R,2024,69.9900299102692
SE,R,2025,70.91097308488614
SE,S,2020,51.4410480349345
SE,S,2021,55.83482944344704
SE,S,2022,56.379310344827594
SE,S,2023,55.622837370242216
SE,S,2024,53.90266299357208
SE,S,2025,53.333333333333336
SI,C,2020,30.690641601961584
SI,C,2021,33.23850165955429
SI,C,2022,33.42723004694836
SI,C,2023,27.686703096539162
SI,C,2024,29.586850288760548
SI,C,2025,29.848693259972485
SI,F,2020,24.493243243243242
SI,F,2021,23.653846153846157
SI,F,2022,22.71062271062271
SI,F,2023,17.682926829268293
SI,F,2024,16.74641148325359
SI,F,2025,18.627450980392158
SI,G,2020,34.05358686257563
SI,G,2021,34.217506631299734
SI,G,2022,34.83348334833484
SI,G,2023,32.052330335241216
SI,G,2024,32.61050875729774
SI,G,2025,30.615507593924857
SI,H,2020,24.853228962818
SI,H,2021,24.672489082969435
SI,H,2022,23.399558498896248
SI,H,2023,19.181034482758623
SI,H,2024,17.551020408163264
SI,H,2025,19.393939393939398
SI,J,2020,85.30183727034121
SI,J,2021,87.39946380697052
SI,J,2022,87.15083798882682
SI,J,2023,87.25490196078431
SI,J,2024,89.39828080229228
SI,J,2025,88.61111111111111
SI,K,2020,72.5925925925926
SI,K,2021,75.31914893617022
SI,K,2022,79.64601769911503
SI,K,2023,79.1044776119403
SI,K,2024,72.25130890052355
SI,K,2025,75.69060773480662
SI,M,2020,87.71929824561404
SI,M,2021,83.40807174887892
SI,M,2022,84.26626323751893
SI,M,2023,81.33971291866028
SI,M,2024,80.13029315960912
SI,M,2025,81.17088607594937
SI,O,2020,67.37588652482269
SI,O,2021,57.74877650897226
SI,O,2022,55.48172757475083
SI,O,2023,52.41779497098646
SI,O,2024,53.04990757855822
SI,O,2025,53.515625
SI,Q,2020,67.08860759493672
SI,Q,2021,71.0126582278481
SI,Q,2022,70.61068702290076
SI,Q,2023,64.03622250970245
SI,Q,2024,64.08010012515645
SI,Q,2025,62.94478527607361
SK,C,2020,23.783783783783782
SK,C,2021,22.243315931023574
SK,C,2022,23.07193778353856
SK,C,2023,24.557715887195656
SK,C,2024,25.630178036312362
SK,C,2025,27.027978180538447
SK,F,2020,19.786096256684495
SK,F,2021,20.702794242167656
SK,F,2022,21.3206046141607
SK,F,2023,23.12427856868026
SK,F,2024,24.28188433550364
SK,F,2025,24.482484076433124
SK,G,2020,21.695925803246112
SK,G,2021,24.271844660194176
SK,G,2022,23.783435385111183
SK,G,2023,22.201722017220174
SK,G,2024,23.28208346407279
SK,G,2025,25.398313027179007
SK,J,2020,86.73913043478261
SK,J,2021,86.49425287356321
SK,J,2022,89.74600188146755
SK,J,2023,87.55144032921811
SK,J,2024,85.41666666666667
SK,J,2025,87.18929254302104
SK,O,2020,37.168141592920364
SK,O,2021,40.65882352941177
SK,O,2022,36.64896185417673
SK,O,2023,42.19653179190752
SK,O,2024,45.138226882745464
SK,O,2025,47.56911344137274
