freq,age,unit,sex,geo,2020,2021,2022,2023,2024
A,Y15-74,PC_ACT,T,AT,6.0,6.2,4.8,5.1,5.2
A,Y15-74,PC_ACT,T,BA,,17.4,15.4,13.2,12.6
A,Y15-74,PC_ACT,T,BE,5.8,6.3,5.6,5.5,5.7
A,Y15-74,PC_ACT,T,BG,6.1,5.2,4.2,4.3,4.2
A,Y15-74,PC_ACT,T,CH,4.8,5.1,4.1,4.1,4.4
A,Y15-74,PC_ACT,T,CY,7.6,7.2,6.3,5.8,4.9
A,Y15-74,PC_ACT,T,CZ,2.6,2.8,2.2,2.6,2.6
A,Y15-74,PC_ACT,T,DE,3.6,3.6,3.1,3.1,3.4
A,Y15-74,PC_ACT,T,DK,5.6,5.1,4.5,5.1,6.2
A,Y15-74,PC_ACT,T,EA20,8.0,7.8,6.8,6.6,6.4
A,Y15-74,PC_ACT,T,EA21,7.9,7.7,6.7,6.5,6.3
A,Y15-74,PC_ACT,T,EE,6.9,6.2,5.6,6.4,7.6
A,Y15-74,PC_ACT,T,EL,17.6,14.7,12.5,11.1,10.1
A,Y15-74,PC_ACT,T,ES,15.5,14.9,13.0,12.2,11.4
A,Y15-74,PC_ACT,T,EU27_2020,7.2,7.1,6.2,6.1,5.9
A,Y15-74,PC_ACT,T,FI,7.7,7.7,6.8,7.2,8.4
A,Y15-74,PC_ACT,T,FR,8.0,7.9,7.3,7.3,7.4
A,Y15-74,PC_ACT,T,HR,7.4,7.5,6.8,6.1,5.0
A,Y15-74,PC_ACT,T,HU,4.1,4.0,3.6,4.1,4.5
A,Y15-74,PC_ACT,T,IE,5.9,6.2,4.5,4.3,4.3
A,Y15-74,PC_ACT,T,IS,5.5,6.1,3.8,3.5,3.6
A,Y15-74,PC_ACT,T,IT,9.3,9.5,8.1,7.7,6.5
A,Y15-74,PC_ACT,T,LT,8.5,7.1,6.0,6.9,7.1
A,Y15-74,PC_ACT,T,LU,6.8,5.3,4.6,5.2,6.4
A,Y15-74,PC_ACT,T,LV,8.1,7.6,6.9,6.5,6.9
A,Y15-74,PC_ACT,T,ME,17.9,,,,
A,Y15-74,PC_ACT,T,MK,16.4,15.5,14.4,13.1,12.3
A,Y15-74,PC_ACT,T,MT,4.9,3.8,3.5,3.5,3.2
A,Y15-74,PC_ACT,T,NL,4.9,4.2,3.5,3.6,3.7
A,Y15-74,PC_ACT,T,NO,4.7,4.4,3.2,3.6,4.0
A,Y15-74,PC_ACT,T,PL,3.2,3.4,2.9,2.8,2.9
A,Y15-74,PC_ACT,T,PT,7.1,6.7,6.2,6.5,6.5
A,Y15-74,PC_ACT,T,RO,6.1,5.6,5.6,5.6,5.4
A,Y15-74,PC_ACT,T,RS,9.8,11.2,9.6,9.5,8.6
A,Y15-74,PC_ACT,T,SE,8.5,8.9,7.5,7.7,8.4
A,Y15-74,PC_ACT,T,SI,5.0,4.8,4.0,3.7,3.7
A,Y15-74,PC_ACT,T,SK,6.7,6.8,6.1,5.8,5.3
A,Y15-74,PC_ACT,T,TR,13.2,12.0,10.5,9.4,8.8
A,Y15-74,PC_POP,T,AT,4.1,4.2,3.3,3.5,3.6
A,Y15-74,PC_POP,T,BA,,9.0,7.9,6.8,6.7
A,Y15-74,PC_POP,T,BE,3.4,3.8,3.4,3.4,3.5
A,Y15-74,PC_POP,T,BG,3.7,3.2,2.6,2.7,2.6
A,Y15-74,PC_POP,T,CH,3.7,3.8,3.1,3.1,3.3
A,Y15-74,PC_POP,T,CY,5.2,5.0,4.5,4.2,3.5
A,Y15-74,PC_POP,T,CZ,1.7,1.9,1.5,1.7,1.8
A,Y15-74,PC_POP,T,DE,2.5,2.5,2.2,2.2,2.4
A,Y15-74,PC_POP,T,DK,3.9,3.6,3.2,3.7,4.6
A,Y15-74,PC_POP,T,EA20,5.0,5.0,4.4,4.3,4.2
A,Y15-74,PC_POP,T,EA21,5.0,5.0,4.4,4.3,4.2
A,Y15-74,PC_POP,T,EE,5.0,4.4,4.1,4.7,5.6
A,Y15-74,PC_POP,T,EL,10.0,8.6,7.5,6.7,6.2
A,Y15-74,PC_POP,T,ES,9.9,9.6,8.5,8.0,7.4
A,Y15-74,PC_POP,T,EU27_2020,4.6,4.5,4.0,4.0,3.9
A,Y15-74,PC_POP,T,FI,5.1,5.2,4.6,5.0,5.8
A,Y15-74,PC_POP,T,FR,5.0,4.9,4.6,4.7,4.8
A,Y15-74,PC_POP,T,HR,4.2,4.4,4.0,3.6,3.0
A,Y15-74,PC_POP,T,HU,2.7,2.6,2.4,2.8,3.1
A,Y15-74,PC_POP,T,IE,3.8,4.3,3.1,3.1,3.1
A,Y15-74,PC_POP,T,IS,4.3,4.8,3.0,2.8,2.9
A,Y15-74,PC_POP,T,IT,5.2,5.3,4.6,4.4,3.8
A,Y15-74,PC_POP,T,LT,6.0,5.0,4.2,4.8,5.1
A,Y15-74,PC_POP,T,LU,4.4,3.5,3.1,3.5,4.3
A,Y15-74,PC_POP,T,LV,5.7,5.1,4.7,4.5,4.8
A,Y15-74,PC_POP,T,ME,10.2,,,,
A,Y15-74,PC_POP,T,MK,9.6,9.0,8.3,7.4,7.0
A,Y15-74,PC_POP,T,MT,3.2,2.5,2.4,2.5,2.3
A,Y15-74,PC_POP,T,NL,3.6,3.1,2.6,2.7,2.8
A,Y15-74,PC_POP,T,NO,3.4,3.2,2.4,2.6,2.9
A,Y15-74,PC_POP,T,PL,1.9,2.1,1.8,1.8,1.8
A,Y15-74,PC_POP,T,PT,4.5,4.4,4.1,4.4,4.4
A,Y15-74,PC_POP,T,RO,3.4,3.2,3.2,3.2,3.1
A,Y15-74,PC_POP,T,RS,5.5,6.6,5.7,5.8,5.4
A,Y15-74,PC_POP,T,SE,6.2,6.6,5.6,5.8,6.3
A,Y15-74,PC_POP,T,SI,3.2,3.1,2.6,2.4,2.4
A,Y15-74,PC_POP,T,SK,4.4,4.5,4.1,3.9,3.6
A,Y15-74,PC_POP,T,TR,6.8,6.4,5.8,5.3,5.0
A,Y15-74,THS_PER,T,AT,272.0,284.0,221.0,241.0,244.0
A,Y15-74,THS_PER,T,BA,,242.0,211.0,181.0,179.0
A,Y15-74,THS_PER,T,BE,291.0,324.0,294.0,294.0,306.0
A,Y15-74,THS_PER,T,BG,187.0,157.0,127.0,132.0,127.0
A,Y15-74,THS_PER,T,CH,238.0,248.0,204.0,204.0,221.0
A,Y15-74,THS_PER,T,CY,35.0,34.0,31.0,30.0,25.0
A,Y15-74,THS_PER,T,CZ,137.0,150.0,118.0,134.0,139.0
A,Y15-74,THS_PER,T,DE,1512.0,1517.0,1355.0,1342.0,1490.0
A,Y15-74,THS_PER,T,DK,171.0,155.0,139.0,162.0,202.0
A,Y15-74,THS_PER,T,EA20,12929.0,12780.0,11364.0,11158.0,10917.0
A,Y15-74,THS_PER,T,EA21,13116.0,12937.0,11491.0,11291.0,11045.0
A,Y15-74,THS_PER,T,EE,48.0,43.0,40.0,48.0,57.0
A,Y15-74,THS_PER,T,EL,791.0,678.0,588.0,522.0,480.0
A,Y15-74,THS_PER,T,ES,3531.0,3476.0,3079.0,2937.0,2771.0
A,Y15-74,THS_PER,T,EU27_2020,15135.0,14987.0,13318.0,13185.0,13049.0
A,Y15-74,THS_PER,T,FI,209.0,212.0,190.0,204.0,238.0
A,Y15-74,THS_PER,T,FR,2381.0,2365.0,2234.0,2263.0,2311.0
A,Y15-74,THS_PER,T,HR,125.0,128.0,117.0,106.0,89.0
A,Y15-74,THS_PER,T,HU,196.0,193.0,174.0,201.0,220.0
A,Y15-74,THS_PER,T,IE,139.0,160.0,121.0,120.0,123.0
A,Y15-74,THS_PER,T,IS,11.0,13.0,8.0,8.0,8.0
A,Y15-74,THS_PER,T,IT,2301.0,2367.0,2027.0,1947.0,1664.0
A,Y15-74,THS_PER,T,LT,126.0,105.0,90.0,106.0,112.0
A,Y15-74,THS_PER,T,LU,21.0,17.0,15.0,18.0,22.0
A,Y15-74,THS_PER,T,LV,79.0,71.0,65.0,62.0,65.0
A,Y15-74,THS_PER,T,ME,48.0,,,,
A,Y15-74,THS_PER,T,MK,156.0,127.0,116.0,104.0,98.0
A,Y15-74,THS_PER,T,MT,13.0,10.0,10.0,11.0,10.0
A,Y15-74,THS_PER,T,NL,466.0,408.0,350.0,359.0,372.0
A,Y15-74,THS_PER,T,NO,136.0,128.0,96.0,107.0,121.0
A,Y15-74,THS_PER,T,PL,552.0,599.0,511.0,502.0,512.0
A,Y15-74,THS_PER,T,PT,354.0,344.0,323.0,351.0,351.0
A,Y15-74,THS_PER,T,RO,497.0,459.0,465.0,456.0,451.0
A,Y15-74,THS_PER,T,RS,290.0,344.0,296.0,296.0,272.0
A,Y15-74,THS_PER,T,SE,466.0,493.0,421.0,440.0,480.0
A,Y15-74,THS_PER,T,SI,51.0,48.0,41.0,38.0,38.0
A,Y15-74,THS_PER,T,SK,186.0,188.0,170.0,162.0,148.0
A,Y15-74,THS_PER,T,TR,4045.0,3915.0,3591.0,3274.0,3113.0
